university,city,state,city_population_density,city_population,city_land_area,international_students_natlib,international_students_max,international_students_qs,international_students_opendoors,tuition_kaggle,selectivity,world_rank_cat_arwu,world_rank_arwu,world_rank_qs,national_rank_arwu,national_rank_kaggle,type1_all,type2_carnegie,type3_natlib,type4_carnegie,enrprofile2021_carnegie,locale_carnegie,size_qs,faculty_count_qs,stu_facl_ratio_qs,research_output_qs,award_arwu,hi_ci_arwu,n_s_arwu,pub_arwu,pcp_arwu,alumni_arwu,enrollment_kaggle,enrollment_top120enrollment,total_score_arwu,score_qs
"University of California, Santa Cruz",Santa Cruz,CA,5060,64465,13,0.06,2130,2130,NA,NA,NA,101-150,101,301-400,47-58,NA,public,NA,National,NA,NA,NA,L,1045,18,Very High,0,40.6,29.5,29.9,38.7,0,NA,NA,NA,31.4
University of Texas - Dallas,Richardson,TX,3969,113347,29,NA,8475,4828,8475,NA,NA,NA,NA,401-500,NA,NA,public,NA,NA,NA,NA,NA,L,1140,22,Very High,NA,NA,NA,NA,NA,NA,NA,NA,NA,24.8
University of Delaware,Newark,DE,NA,NA,NA,0.05,2337,2337,NA,36880,very competitive plus,201-300,201,NA,70-95,96,public,Four-year (large),National,Doctoral Universities,Majority undergraduate,suburb,L,1272,17,Very High,16.1,9.6,10.4,33.3,19,10.2,18420,NA,NA,NA
Georgia State University,Atlanta,GA,3549,472522,133,NA,1756,1756,NA,30114,NA,NA,NA,NA,NA,243,public,Four-year (large),NA,Doctoral Universities,Majority undergraduate,city,XL,1281,24,Very High,NA,NA,NA,NA,NA,NA,28772,36360,NA,NA
University of Connecticut,Storrs,CT,NA,NA,NA,0.08,3765,3765,NA,41192,highly competitive,301-400,301,301-400,96-117,66,public,Four-year (large),National,Doctoral Universities,Majority undergraduate,suburb,L,1328,19,Very High,0,0,12.5,37.8,14.5,11.4,18917,NA,NA,29.6
Kansas State University,Manhattan,KS,2931,54983,19,NA,1481,1481,NA,26342,NA,401-500,401,801-1000,118-139,165,public,Four-year (large),NA,Doctoral Universities,Majority undergraduate,city,L,1371,14,Very High,0,0,12.3,31.4,17.7,0,16257,NA,NA,NA
Oklahoma State University,Stillwater,NA,NA,NA,NA,NA,1617,1617,NA,24539,NA,401-500,401,801-1000,118-139,187,public,NA,NA,NA,NA,NA,L,1484,14,Medium High,0,9.6,4.9,30.2,16.6,0,20307,NA,NA,NA
University of Vermont,Burlington,VT,NA,NA,NA,NA,546,546,NA,43890,NA,301-400,301,601-800,96-117,121,public,Four-year (large),NA,Doctoral Universities,Majority undergraduate,city,L,1485,8,Medium High,0,9.6,10.3,27.7,15.7,13.4,11136,NA,NA,NA
Louisiana State University,Baton Rouge,NA,NA,NA,NA,NA,1315,1315,NA,NA,NA,NA,NA,801-1000,NA,NA,public,NA,NA,NA,NA,NA,XL,1490,21,Very High,NA,NA,NA,NA,NA,NA,NA,NA,NA,NA
"University of California, Riverside",Riverside,NA,NA,NA,NA,NA,2034,2034,NA,NA,NA,151-200,151,401-500,59-69,NA,public,NA,NA,NA,NA,NA,L,1497,17,Very High,0,27.1,16.7,35.5,25.7,12.4,NA,NA,NA,27.9
Auburn University,Auburn,AL,1087,63118,58,NA,2283,2283,NA,31956,NA,NA,NA,801-1000,NA,99,public,Four-year (large),NA,Doctoral Universities,Majority undergraduate,city,L,1507,18,Very High,NA,NA,NA,NA,NA,NA,24505,30737,NA,NA
University at Buffalo SUNY,Buffalo,NY,6362,256902,40,0.13,6161,4409,6161,28194,NA,NA,NA,301-400,NA,94,public,NA,National,NA,NA,NA,L,1530,19,Very High,NA,NA,NA,NA,NA,NA,22306,NA,NA,28.7
Indiana University–Purdue University Indianapolis,Indianapolis,NA,NA,NA,NA,NA,1104,1104,NA,NA,NA,NA,NA,801-1000,NA,NA,public,NA,NA,NA,NA,NA,L,1540,15,Medium High,NA,NA,NA,NA,NA,NA,NA,NA,NA,NA
Clemson University,Clemson,SC,NA,NA,NA,NA,1418,1418,NA,37712,highly competitive,NA,NA,801-1000,NA,76,public,Four-year (large),NA,Doctoral Universities,Majority undergraduate,suburb,L,1558,15,Very High,NA,NA,NA,NA,NA,NA,20868,NA,NA,NA
University of Oregon,Eugene,OR,3810,166575,44,0.09,1740,1740,NA,39308,NA,301-400,301,601-800,96-117,101,public,Four-year (large),National,Doctoral Universities,Majority undergraduate,city,L,1583,13,Very High,0,9.6,11.6,28.4,18.2,8.8,18045,NA,NA,NA
University of Hawaiʻi at Mānoa,Honolulu,NA,NA,NA,NA,NA,1586,1586,NA,NA,NA,NA,NA,301-400,NA,NA,public,NA,NA,NA,NA,NA,L,1640,9,Very High,NA,NA,NA,NA,NA,NA,NA,NA,NA,32.1
Iowa State University,Ames,IA,2734,66191,24,NA,2441,2441,NA,NA,NA,201-300,201,401-500,70-95,NA,public,Four-year (large),NA,Doctoral Universities,Majority undergraduate,city,L,1656,17,Very High,0,23.5,9.1,42,20.6,0,NA,31822,NA,24.1
The University of Alabama,Tuscaloosa,AL,1653,99543,60,NA,1283,1283,NA,NA,NA,NA,NA,801-1000,NA,NA,public,Four-year (large),NA,Doctoral Universities,Majority undergraduate,city,XL,1694,20,Very High,NA,NA,NA,NA,NA,NA,NA,37840,NA,NA
University of Houston,Houston,TX,3842,2303482,600,NA,3049,3049,NA,27110,NA,201-300,201,601-800,70-95,183,public,Four-year (large),NA,Doctoral Universities,Majority undergraduate,city,XL,1702,22,Very High,0,13.5,12,40.1,21.5,0,39165,47090,NA,NA
University of Oklahoma,Norman,NA,NA,NA,NA,NA,1418,1418,NA,25116,NA,NA,NA,601-800,NA,135,public,NA,NA,NA,NA,NA,L,1709,14,Very High,NA,NA,NA,NA,NA,NA,21383,NA,NA,NA
Texas Tech University,Lubbock,TX,2063,252506,122,NA,2196,2196,NA,24092,NA,401-500,401,801-1000,118-139,220,public,Four-year (large),NA,Doctoral Universities,Majority undergraduate,city,XL,1772,19,Medium High,0,9.6,7,34.4,16.4,0,33269,40322,NA,NA
Washington State University,Pullman,WA,NA,NA,NA,NA,1731,1731,NA,27733,NA,301-400,301,401-500,96-117,186,public,Four-year (large),NA,Doctoral Universities,Majority undergraduate,town or rural,L,1935,14,Very High,0,9.6,8.5,33.1,18.2,0,25470,31159,NA,27
University of Nebraska - Lincoln,Lincoln,NE,3146,280364,89,0.05,2805,2805,NA,NA,NA,201-300,201,501-600,70-95,NA,public,NA,National,NA,NA,NA,L,1953,12,Very High,0,19.2,12.3,37.4,21,16.8,NA,NA,NA,NA
George Mason University,Fairfax,VA,NA,NA,NA,0.05,2737,2737,NA,36579,NA,201-300,201,801-1000,70-95,151,public,Four-year (large),National,Doctoral Universities,Majority undergraduate,suburb,L,2011,15,Very High,31.5,0,6.1,29.5,19.4,0,27105,38541,NA,NA
University of Mississippi,Oxford,MS,NA,NA,NA,NA,628,628,NA,25876,NA,NA,NA,801-1000,NA,161,public,Four-year (large),NA,Doctoral Universities,Majority undergraduate,town or rural,L,2017,10,Very High,NA,NA,NA,NA,NA,NA,16179,NA,NA,NA
University of New Mexico,Albuquerque,NA,NA,NA,NA,NA,870,870,NA,24924,NA,NA,NA,601-800,NA,200,public,NA,NA,NA,NA,NA,L,2119,9,Very High,NA,NA,NA,NA,NA,NA,16124,NA,NA,NA
University of Central Florida,Orlando,FL,2707,277173,102,NA,2562,2562,NA,22467,very competitive plus,301-400,301,NA,96-117,159,public,Four-year (large),NA,Doctoral Universities,Majority undergraduate,suburb,XL,2146,25,Very High,0,9.6,10.5,33,18,0,61456,71881,NA,NA
Oregon State University,Corvallis,OR,4042,57110,14,NA,2769,2769,NA,32288,NA,151-200,151,NA,59-69,167,public,Four-year (large),NA,Doctoral Universities,Majority undergraduate,city,L,2147,12,Very High,0,19.2,21.9,38.8,23.8,10.2,26644,32312,NA,NA
University of South Carolina,Columbia,NA,NA,NA,NA,NA,1532,1532,NA,33928,NA,NA,NA,601-800,NA,120,public,NA,NA,NA,NA,NA,XL,2169,15,Very High,NA,NA,NA,NA,NA,NA,27270,NA,NA,NA
University of South Florida,Tampa,FL,3326,377165,113,0.07,5974,5211,5974,17324,very competitive plus,201-300,201,501-600,70-95,115,public,Four-year (large),National,Doctoral Universities,Majority undergraduate,city,XL,2171,18,Very High,0,16.6,9.5,39.2,18.2,0,38579,50626,NA,NA
Florida International University,Miami,FL,12645,453579,36,0.07,3575,3575,NA,18964,NA,401-500,401,801-1000,118-139,163,public,Four-year (large),National,Doctoral Universities,Majority undergraduate,suburb,XL,2221,16,Medium High,0,9.6,6.6,32.1,17.3,0,48664,58836,NA,NA
Florida State University,Tallahassee,FL,1904,190894,100,NA,1618,1618,NA,21683,NA,201-300,201,401-500,70-95,55,public,Four-year (large),NA,Doctoral Universities,Majority undergraduate,city,XL,2236,17,Very High,0,13.5,15.3,39.3,20.2,0,32543,43569,NA,25
University of Kentucky,Lexington,KY,1123,318449,284,NA,1294,1294,NA,31608,NA,301-400,301,601-800,96-117,134,public,Four-year (large),NA,Doctoral Universities,Majority undergraduate,city,L,2239,12,Very High,0,0,12.1,41.8,17.7,10.2,22227,29986,NA,NA
SUNY Stony Brook University,Stony Brook,NY,NA,NA,NA,0.1,6198,6198,4834,28080,NA,NA,NA,301-400,NA,93,public,NA,National,NA,NA,NA,L,2316,11,Very High,NA,NA,NA,NA,NA,NA,18010,NA,NA,29.4
The University of Georgia,Athens,NA,NA,NA,NA,NA,1879,1879,NA,NA,NA,201-300,201,501-600,70-95,NA,public,NA,NA,NA,NA,NA,XL,2406,15,Very High,0,13.5,17.6,44.8,18.3,0,NA,NA,NA,NA
"University of Missouri, Columbia",Columbia,MO,1912,120612,63,NA,1273,1273,NA,NA,NA,NA,NA,401-500,NA,NA,public,NA,NA,NA,NA,NA,L,2600,10,Very High,NA,NA,NA,NA,NA,NA,NA,31089,NA,24.9
Wayne State University,Detroit,MI,4849,672795,139,NA,1278,1278,NA,32727,NA,401-500,401,501-600,118-139,261,public,Four-year (large),NA,Doctoral Universities,Majority undergraduate,city,L,2699,8,Very High,0,9.6,5.4,36.6,15.3,0,17513,NA,NA,NA
University of Cincinnati,Cincinnati,OH,3834,298800,78,0.05,2800,2800,NA,27472,NA,301-400,301,601-800,96-117,160,public,NA,National,NA,NA,NA,XL,2756,11,Very High,0,9.6,10.7,41,15.1,0,28657,NA,NA,NA
Temple University,Philadelphia,PA,11692,1567872,134,NA,2097,2097,NA,34801,NA,301-400,301,NA,96-117,110,public,Four-year (large),NA,Doctoral Universities,Majority undergraduate,city,XL,2767,12,Very High,0,9.6,11,37.3,13.3,0,27306,37236,NA,NA
Virginia Commonwealth University,Richmond,VA,3731,223170,60,NA,995,995,NA,35676,NA,201-300,201,601-800,70-95,178,public,Four-year (large),NA,Doctoral Universities,Majority undergraduate,city,L,2771,9,Very High,13.9,16.6,5.7,36.9,15.5,10.2,21943,29070,NA,NA
Virginia Polytechnic Institute and State University,Blacksburg,VA,NA,NA,NA,NA,4477,4477,NA,NA,highly competitive,201-300,201,301-400,70-95,NA,public,Four-year (large),NA,Doctoral Universities,Majority undergraduate,city,XL,2802,12,Very High,0,9.6,12.2,43.9,18.5,11.4,NA,37024,NA,31.6
University of Iowa,Iowa City,IA,2975,74398,25,NA,2049,2049,NA,31569,NA,151-200,151,401-500,59-69,92,public,Four-year (large),NA,Doctoral Universities,Majority undergraduate,city,L,2924,10,Very High,0,19.2,14.8,46.9,17.8,0,22304,30318,NA,25.7
Colorado State University,Fort Collins,NA,NA,NA,NA,NA,1547,1547,NA,31540,NA,201-300,201,401-500,70-95,148,public,NA,NA,NA,NA,NA,L,3115,8,Very High,0,9.6,16.9,38.9,19.5,0,25186,NA,NA,26.8
University of Utah,Salt Lake City,UT,1744,193744,111,0.06,2134,2134,NA,31389,NA,101-150,101,301-400,47-58,102,public,Four-year (large),National,Doctoral Universities,Majority undergraduate,city,L,3345,8,Very High,11.4,19.2,24.6,51.6,28.3,0,24643,33081,NA,30.9
University of Kansas,Lawrence,KS,2841,95358,34,NA,2014,2014,NA,28034,NA,201-300,201,301-400,70-95,125,public,Four-year (large),NA,Doctoral Universities,Majority undergraduate,city,L,3357,7,Very High,0,13.5,11.2,41.9,16.3,17.6,19135,NA,NA,28.8
University of Colorado Denver,Denver,CO,4530,693060,153,0.09,1274,1274,NA,32820,NA,NA,NA,401-500,NA,234,public,NA,National,NA,NA,NA,L,5319,3,Very High,NA,NA,NA,NA,NA,NA,14995,NA,NA,27.4
City University of New York,New York City,NA,NA,NA,NA,NA,6462,6462,NA,NA,NA,NA,NA,601-800,NA,NA,public,NA,NA,NA,NA,NA,XL,7782,16,Very High,NA,NA,NA,NA,NA,NA,NA,NA,NA,NA
Missouri University of Science and Technology,Rolla,MO,NA,NA,NA,NA,557,557,NA,31286,very competitive plus,NA,NA,501-600,NA,179,public,Four-year (median),NA,Doctoral Universities,Majority undergraduate,town or rural,M,369,18,Very High,NA,NA,NA,NA,NA,NA,6086,NA,NA,NA
Indiana State University,Terre Haute,IN,1762,60852,35,NA,340,340,NA,20570,NA,NA,NA,1001-1200,NA,320,public,Four-year (median),NA,Doctoral Universities,Majority undergraduate,city,M,537,18,Medium High,NA,NA,NA,NA,NA,NA,8939,NA,NA,NA
Colorado School of Mines,Golden,CO,NA,NA,NA,NA,627,627,NA,39800,highly competitive,NA,NA,401-500,NA,84,public,Four-year (median),NA,Doctoral Universities,Majority undergraduate,suburb,M,544,11,Very High,NA,NA,NA,NA,NA,NA,5216,NA,NA,25.4
Michigan Technological University,Houghton,MI,NA,NA,NA,NA,694,694,NA,38112,NA,NA,NA,601-800,NA,152,public,Four-year (median),NA,Doctoral Universities,Majority undergraduate,town or rural,M,562,12,Very High,NA,NA,NA,NA,NA,NA,5642,NA,NA,NA
New Jersey Institute of Technology,Newark,NJ,11648,281764,24,0.06,2874,2874,NA,33386,NA,NA,NA,601-800,NA,108,public,Four-year (median),National,Doctoral Universities,Majority undergraduate,city,M,629,14,Very High,NA,NA,NA,NA,NA,NA,9084,NA,NA,NA
University of Montana Missoula,Missoula,NA,NA,NA,NA,NA,190,190,NA,NA,NA,NA,NA,1001-1200,NA,NA,public,NA,NA,NA,NA,NA,M,648,14,Very High,NA,NA,NA,NA,NA,NA,NA,NA,NA,NA
Rutgers University--Newark,Newark,NJ,11648,281764,24,0.07,1246,1246,NA,32409,NA,NA,NA,801-1000,NA,130,public,NA,National,NA,NA,NA,M,764,14,Medium High,NA,NA,NA,NA,NA,NA,9118,NA,NA,NA
College of William and Mary,Williamsburg,VA,NA,NA,NA,0.05,729,729,NA,46467,most competitive,NA,NA,601-800,NA,41,public,Four-year (median),National,Doctoral Universities,Majority undergraduate,suburb,M,814,10,Very High,NA,NA,NA,NA,NA,NA,6236,NA,NA,NA
University at Albany SUNY,Albany,NA,NA,NA,NA,NA,1216,1216,NA,NA,NA,NA,NA,NA,NA,NA,public,NA,NA,NA,NA,NA,L,821,19,Very High,NA,NA,NA,NA,NA,NA,NA,NA,NA,NA
University of Maryland - Baltimore,Baltimore,MD,7594,614664,81,NA,1074,1074,285,NA,NA,NA,NA,NA,NA,NA,public,NA,NA,NA,NA,NA,M,834,14,Medium High,NA,NA,NA,NA,NA,NA,NA,NA,NA,NA
University of Massachusetts Boston,Boston,MA,13943,673184,48,0.06,1527,1527,NA,35139,NA,NA,NA,601-800,NA,235,public,NA,National,NA,NA,NA,L,838,15,Very High,NA,NA,NA,NA,NA,NA,12871,NA,NA,NA
"University of Missouri, Kansas City",Kansas City,NA,NA,NA,NA,NA,817,817,NA,NA,NA,NA,NA,801-1000,NA,NA,public,NA,NA,NA,NA,NA,M,841,12,Very High,NA,NA,NA,NA,NA,NA,NA,NA,NA,NA
Binghamton University SUNY,Binghamton,NA,NA,NA,NA,NA,1833,1833,NA,NA,NA,NA,NA,801-1000,NA,NA,public,NA,NA,NA,NA,NA,L,849,20,Very High,NA,NA,NA,NA,NA,NA,NA,NA,NA,NA
University of New Hampshire,Durham,NA,NA,NA,NA,NA,768,768,NA,37202,NA,NA,NA,801-1000,NA,143,public,NA,NA,NA,NA,NA,L,862,17,Very High,NA,NA,NA,NA,NA,NA,11747,NA,NA,NA
University of Wyoming,Laramie,WY,NA,NA,NA,NA,564,564,NA,20647,NA,401-500,401,801-1000,118-139,201,public,Four-year (large),NA,Doctoral Universities,Majority undergraduate,town or rural,M,904,12,Very High,0,9.6,11.3,24.1,17.9,0,9342,NA,NA,NA
University of Rhode Island,Kingston,RI,NA,NA,NA,NA,417,417,NA,33354,NA,NA,NA,1001-1200,NA,171,public,Four-year (large),NA,Doctoral Universities,Majority undergraduate,suburb,L,910,17,Medium High,NA,NA,NA,NA,NA,NA,14073,NA,NA,NA
University of Texas El Paso,El Paso,NA,NA,NA,NA,NA,1351,1351,NA,NA,NA,NA,NA,1001-1200,NA,NA,public,NA,NA,NA,NA,NA,L,922,20,Very High,NA,NA,NA,NA,NA,NA,NA,NA,NA,NA
University of South Alabama (USA),Mobile,NA,NA,NA,NA,NA,287,287,NA,NA,NA,NA,NA,1001-1200,NA,NA,public,NA,NA,NA,NA,NA,L,939,13,Medium High,NA,NA,NA,NA,NA,NA,NA,NA,NA,NA
Utah State University,Logan,UT,2825,50676,18,NA,331,331,NA,23434,NA,401-500,401,1001-1200,118-139,260,public,Four-year (large),NA,Doctoral Universities,Exclusive/Very high undergraduate,city,L,1053,19,Very High,0,9.6,8.4,26.4,16.8,13.4,24647,27691,NA,NA
Miami University,Oxford,OH,NA,NA,NA,NA,2260,2260,NA,NA,very competitive plus,NA,NA,1001-1200,NA,NA,public,NA,NA,NA,NA,NA,L,1062,17,Medium High,NA,NA,NA,NA,NA,NA,NA,NA,NA,NA
Portland State University,Portland,OR,4795,639863,133,NA,1230,1230,NA,23769,NA,NA,NA,1001-1200,NA,294,public,Four-year (large),NA,Doctoral Universities,Majority undergraduate,city,L,1091,17,Very High,NA,NA,NA,NA,NA,NA,18959,NA,NA,NA
Mississippi State University,Starkville,MS,NA,NA,NA,NA,730,730,NA,24900,NA,401-500,401,1001-1200,118-139,198,public,Four-year (large),NA,Doctoral Universities,Majority undergraduate,town or rural,L,1103,18,Very High,0,13.5,5.1,25,15.9,0,18803,NA,NA,NA
Florida Atlantic University - Boca Raton,Boca Raton,NA,NA,NA,NA,NA,998,998,NA,NA,NA,NA,NA,1001-1200,NA,NA,public,NA,NA,NA,NA,NA,L,1139,19,Medium High,NA,NA,NA,NA,NA,NA,NA,NA,NA,NA
Western Michigan University,Kalamazoo,MI,3079,75984,25,0.06,1664,1664,NA,17591,NA,NA,NA,1001-1200,NA,276,public,Four-year (large),National,Doctoral Universities,Majority undergraduate,city,L,1144,16,Medium High,NA,NA,NA,NA,NA,NA,16554,NA,NA,NA
Northern Arizona University,Flagstaff,AZ,1119,71459,64,NA,1162,1162,NA,26642,NA,NA,NA,1001-1200,NA,293,public,Four-year (large),NA,Doctoral Universities,Majority undergraduate,city,L,1158,22,Medium High,NA,NA,NA,NA,NA,NA,25230,29566,NA,NA
Ohio University,Athens,NA,NA,NA,NA,NA,977,977,NA,22810,NA,NA,NA,1001-1200,NA,181,public,NA,NA,NA,NA,NA,L,1169,20,Medium High,NA,NA,NA,NA,NA,NA,18913,NA,NA,NA
University of Texas at San Antonio,San Antonio,NA,NA,NA,NA,NA,775,775,NA,25920,NA,NA,NA,801-1000,NA,375,public,NA,NA,NA,NA,NA,L,1182,22,Very High,NA,NA,NA,NA,NA,NA,29959,NA,NA,NA
Kent State University,Kent,NA,NA,NA,NA,NA,1465,1465,NA,20800,NA,401-500,401,1001-1200,118-139,216,public,NA,NA,NA,NA,NA,L,1252,19,Very High,0,13.5,9.3,24,15.6,0,21621,NA,NA,NA
San Diego State University,San Diego,CA,4326,1406630,325,0.05,2092,2092,NA,20016,NA,NA,NA,1001-1200,NA,155,public,Four-year (large),National,Doctoral Universities,Majority undergraduate,city,XL,1262,25,Very High,NA,NA,NA,NA,NA,NA,31086,36334,NA,NA
Georgia Institute of Technology,Atlanta,GA,3549,472522,133,0.11,5675,5675,5657,33794,NA,51-100,79,51-100,38,38,public,NA,National,NA,NA,NA,L,1267,19,Very High,0,38.3,24.6,46.6,38,12.4,16561,NA,27.5,63.5
University of North Carolina at Charlotte,Charlotte,NC,2829,842051,298,NA,1661,1661,NA,NA,NA,NA,NA,1001-1200,NA,NA,public,Four-year (large),NA,Doctoral Universities,Majority undergraduate,city,L,1303,19,Very High,NA,NA,NA,NA,NA,NA,NA,30146,NA,NA
University of Wisconsin Milwaukee,Milwaukee,NA,NA,NA,NA,NA,1067,1067,NA,NA,NA,NA,NA,801-1000,NA,NA,public,NA,NA,NA,NA,NA,L,1336,16,Very High,NA,NA,NA,NA,NA,NA,NA,NA,NA,NA
University of Arkansas Fayetteville,Fayetteville,NA,NA,NA,NA,NA,1134,1134,NA,NA,NA,NA,NA,1001-1200,NA,NA,public,NA,NA,NA,NA,NA,L,1364,18,Very High,NA,NA,NA,NA,NA,NA,NA,NA,NA,NA
University of North Texas,Denton,TX,1521,133808,88,0.05,2420,2420,NA,24234,NA,301-400,301,1001-1200,96-117,287,public,Four-year (large),National,Doctoral Universities,Majority undergraduate,city,XL,1395,23,Medium High,0,19.2,4.6,27.8,19,0,32694,40953,NA,NA
The University of Texas at Arlington,Arlington,TX,4096,392772,96,NA,4106,4106,NA,NA,NA,NA,NA,1001-1200,NA,NA,public,Four-year (large),NA,Doctoral Universities,Majority undergraduate,city,XL,1481,22,Very High,NA,NA,NA,NA,NA,NA,NA,48072,NA,NA
"University of California, Santa Barbara",Santa Barbara,CA,4722,91930,19,0.11,4309,4309,NA,NA,NA,21-50,46,101-150,29,NA,public,NA,National,NA,NA,NA,L,1597,16,Very High,38.6,30.3,28.7,40.1,37.5,14.4,NA,NA,33.4,51.2
West Virginia University,Morgantown,WV,NA,NA,NA,NA,1807,1807,NA,25320,NA,401-500,401,801-1000,118-139,262,public,Four-year (large),NA,Doctoral Universities,Majority undergraduate,city,L,1605,15,Very High,0,9.6,8,31.5,11.9,0,21086,NA,NA,NA
"The University of Tennessee, Knoxville",Knoxville,TN,1890,186239,99,NA,1156,1156,NA,NA,NA,NA,NA,501-600,NA,NA,public,NA,NA,NA,NA,NA,XL,1700,17,Medium High,NA,NA,NA,NA,NA,NA,NA,30559,NA,NA
University of Massachusetts Amherst,Amherst,MA,NA,NA,NA,0.07,3696,3696,NA,36964,NA,151-200,151,201-300,59-69,72,public,NA,National,NA,NA,NA,L,1852,14,Very High,0,25.3,15.7,38.5,23.2,13.4,24233,NA,NA,38.8
North Carolina State University,Raleigh,NC,3211,458880,143,NA,5008,3156,5008,29916,NA,NA,NA,201-300,NA,82,public,NA,NA,NA,NA,NA,L,1944,15,Very High,NA,NA,NA,NA,NA,NA,26150,NA,NA,34.7
Purdue University,West Lafayette,IN,NA,NA,NA,0.11,10500,8034,10500,28794,NA,51-100,70,101-150,34,53,public,NA,National,NA,NA,NA,XL,2622,15,Very High,22.8,19.2,23.1,53.2,23.7,13.4,34920,NA,27.9,56.9
University of Virginia,Charlottesville,NA,NA,NA,NA,NA,2201,2201,NA,53666,NA,151-200,151,201-300,59-69,26,public,NA,NA,NA,NA,NA,L,2731,8,Very High,0,19.2,24.6,46.1,19.1,0,17311,NA,NA,40.3
University of Illinois at Urbana-Champaign,Champaign,IL,3863,86637,22,0.13,12838,9987,12838,NA,highly competitive plus,21-50,41,51-100,28,NA,public,Four-year (large),National,Doctoral Universities,Majority undergraduate,city,XL,2748,17,Very High,35.8,19.2,31.8,57.8,28,29.6,NA,NA,35.4,65.2
University of California - Irvine,Irvine,CA,4025,266122,66,0.15,9323,9323,7766,NA,NA,51-100,83,201-300,40,NA,public,NA,National,NA,NA,NA,XL,2775,13,Very High,28.9,21.4,22.7,47.6,24.8,0,NA,36303,27.2,40
University of Washington,Seattle,WA,8391,704352,84,0.14,8777,7362,8777,39906,NA,1-20,14,51-100,12,62,public,NA,National,NA,NA,NA,XL,2796,15,Very High,37.4,54.2,49.1,75.9,31.4,24.9,35582,NA,50,65
University of Illinois at Chicago,Chicago,IL,11883,2704958,228,0.07,4926,3425,4926,31787,NA,NA,NA,201-300,NA,113,public,NA,National,NA,NA,NA,L,2808,10,Very High,NA,NA,NA,NA,NA,NA,21921,NA,NA,35.6
Arizona State University,Tempe,AZ,4570,182498,40,0.06,13015,8430,13015,29438,NA,101-150,101,201-300,47-58,117,public,NA,National,NA,NA,NA,XL,2869,17,Very High,19.7,16.6,21.9,47.1,22.9,0,63124,NA,NA,41.8
University of Texas - Austin,Austin,TX,3182,947890,298,NA,5473,4953,5473,40032,NA,NA,NA,51-100,NA,40,public,NA,NA,NA,NA,NA,XL,2887,17,Very High,NA,NA,NA,NA,NA,NA,40048,NA,NA,68.4
University of Colorado Boulder,Boulder,CO,4383,108090,25,NA,2441,2441,NA,38312,NA,NA,NA,201-300,NA,100,public,Four-year (large),NA,Doctoral Universities,Majority undergraduate,city,XL,2946,11,Very High,NA,NA,NA,NA,NA,NA,30300,37437,NA,38.5
Michigan State University,East Lansing,MI,NA,NA,NA,0.06,5795,5795,5280,39766,NA,101-150,101,151-200,47-58,88,public,Four-year (large),National,Doctoral Universities,Majority undergraduate,city,XL,3008,15,Very High,0,21.4,22,54.8,19.3,8.8,38491,49695,NA,49.7
Texas A&M University,College Station,TX,2268,112141,49,NA,6621,6621,6511,40087,NA,151-200,151,151-200,59-69,71,public,NA,NA,NA,NA,NA,XL,3049,21,Very High,0,21.4,16.6,55.1,18.7,0,55568,NA,NA,47.6
University of California - Davis,Davis,CA,6887,68111,10,0.16,8414,8414,7422,NA,NA,51-100,96,101-150,45,NA,public,NA,National,NA,NA,NA,XL,3420,10,Very High,0,25.3,30.5,59.3,23.6,0,NA,39074,25.9,57.9
University of California - Berkeley,Berkeley,CA,11580,121240,10,0.13,9428,9428,9184,NA,NA,1-20,5,21-50,4,NA,public,NA,National,NA,NA,NA,XL,3701,11,Very High,78.4,61.3,67.8,65.1,58.2,65.6,NA,42327,68.3,82.5
University of Maryland - College Park,College Park,MD,NA,NA,NA,NA,5662,4659,5662,NA,NA,51-100,51,151-200,32,NA,public,NA,NA,NA,NA,NA,XL,3798,10,Very High,19.7,25.3,33.5,55.3,29.3,19,NA,40709,32.3,49.5
Indiana University - Bloomington,Bloomington,IN,3647,84465,23,0.05,5175,3722,5175,38354,very competitive plus,101-150,101,301-400,47-58,69,public,NA,National,NA,NA,NA,XL,3837,11,Very High,21.3,13.5,18.6,40.3,19.4,10.2,32986,NA,NA,33.7
Pennsylvania State University - University Park,University Park,PA,NA,NA,NA,NA,8267,6943,8267,NA,NA,51-100,74,51-100,37,NA,public,NA,NA,NA,NA,NA,XL,4207,11,Very High,0,34.5,28.7,55.1,24.6,10.2,NA,NA,27.7,61.5
University of California - Los Angeles,Los Angeles,CA,8484,3976322,469,0.1,10273,6140,10273,NA,NA,1-20,11,21-50,9,NA,public,NA,National,NA,NA,NA,XL,4487,10,Very High,46.4,55.9,44.9,73.1,32.1,29.2,NA,44589,51.2,79.7
University of California - San Diego,La Jolla,CA,NA,NA,NA,0.16,10824,8567,10824,NA,NA,1-20,15,21-50,13,NA,public,NA,National,NA,NA,NA,XL,4545,8,Very High,35.1,53.3,53,65.4,35.9,19,NA,39576,47.8,76.1
University of North Carolina at Chapel Hill,Chapel Hill,NC,2805,59246,21,0.05,2749,2749,NA,NA,most competitive,21-50,30,51-100,22,NA,public,Four-year (large),National,Doctoral Universities,Majority undergraduate,city,XL,4646,7,Very High,23.4,45.9,30.2,64.7,34.4,8.8,NA,30092,37.9,59.6
University of Pittsburgh,Pittsburgh,NA,NA,NA,NA,NA,2590,2590,NA,NA,NA,NA,NA,151-200,NA,NA,public,NA,NA,NA,NA,NA,L,4746,6,Very High,NA,NA,NA,NA,NA,NA,NA,NA,NA,48.1
Rutgers University - New Brunswick,New Brunswick,NJ,10881,56910,5,NA,7965,7965,6554,NA,NA,NA,NA,201-300,NA,NA,public,NA,NA,NA,NA,NA,XL,5009,9,Very High,NA,NA,NA,NA,NA,NA,NA,NA,NA,37.2
University of Minnesota - Twin Cities,Minneapolis,MN,7664,413651,54,0.06,6396,5630,6396,NA,NA,21-50,37,151-200,25,NA,public,NA,National,NA,NA,NA,XL,5087,11,Very High,16.1,34.5,31.2,67.5,23.7,29.2,NA,52017,35.9,45.7
University of Wisconsin - Madison,Madison,WI,3289,252551,77,0.1,7139,5737,7139,38608,highly competitive plus,21-50,28,51-100,21,46,public,Four-year (large),National,Doctoral Universities,Majority undergraduate,city,XL,5166,8,Very High,34.3,30.3,32.3,65,24.3,32.5,33585,NA,38.9,66.2
The University of Arizona,Tucson,NA,NA,NA,NA,NA,3526,3526,NA,NA,NA,NA,NA,201-300,NA,NA,public,NA,NA,NA,NA,NA,XL,5724,6,Very High,NA,NA,NA,NA,NA,NA,NA,NA,NA,36.9
University of Florida,Gainesville,FL,2147,131591,61,NA,5919,4143,5919,28658,highly competitive,51-100,86,151-200,41,31,public,Four-year (large),NA,Doctoral Universities,Majority undergraduate,city,XL,6222,7,Very High,0,28.7,18.9,63.6,24.8,16.8,34931,53372,27,46.9
The Ohio State University,Columbus,OH,3960,860090,217,0.07,7029,7029,NA,NA,NA,NA,NA,101-150,NA,NA,public,NA,National,NA,NA,NA,XL,6388,9,Very High,NA,NA,NA,NA,NA,NA,NA,NA,NA,56
University of Michigan - Ann Arbor,Ann Arbor,MI,4340,120782,28,0.08,8252,7341,8252,53232,highly competitive plus,21-50,27,21-50,20,24,public,Four-year (large),National,Doctoral Universities,Majority undergraduate,city,XL,7132,6,Very High,0,41.8,41,80.8,25,34.1,31329,NA,39.4,86.2
Arkansas State University,State University,AR,NA,NA,NA,0.05,NA,NA,NA,16070,NA,NA,NA,NA,NA,301,public,Four-year (median),National,Doctoral Universities,Majority undergraduate,city,NA,NA,NA,NA,NA,NA,NA,NA,NA,NA,8486,NA,NA,NA
Bellevue College,Bellevue,WA,4423,141400,32,NA,758,NA,758,NA,NA,NA,NA,NA,NA,NA,public,Four-year (median),NA,Baccalaureate Colleges,Exclusive/Very high undergraduate,city,NA,NA,NA,NA,NA,NA,NA,NA,NA,NA,NA,NA,NA,NA
Bergen Community College,Paramus,NJ,NA,NA,NA,NA,357,NA,357,NA,NA,NA,NA,NA,NA,NA,public,Two-year,NA,Associate's Colleges,Exclusive/Very high undergraduate,suburb,NA,NA,NA,NA,NA,NA,NA,NA,NA,NA,NA,NA,NA,NA
Broward College,Fort Lauderdale,FL,5141,178752,35,NA,540,NA,540,NA,NA,NA,NA,NA,NA,NA,public,Four-year (large),NA,Associate's Colleges,Exclusive/Very high undergraduate,city,NA,NA,NA,NA,NA,NA,NA,NA,NA,NA,NA,33243,NA,NA
Bunker Hill Community College,Boston,MA,13943,673184,48,NA,603,NA,603,NA,NA,NA,NA,NA,NA,NA,public,Two-year,NA,Associate's Colleges,Exclusive/Very high undergraduate,city,NA,NA,NA,NA,NA,NA,NA,NA,NA,NA,NA,NA,NA,NA
Central Piedmont Community College,Charlotte,NC,2829,842051,298,NA,363,NA,363,NA,NA,NA,NA,NA,NA,NA,public,Two-year,NA,Associate's Colleges,Exclusive/Very high undergraduate,city,NA,NA,NA,NA,NA,NA,NA,NA,NA,NA,NA,NA,NA,NA
Citrus College,Glendora,CA,2674,51851,19,NA,278,NA,278,NA,NA,NA,NA,NA,NA,NA,public,Two-year,NA,Associate's Colleges,Exclusive/Very high undergraduate,suburb,NA,NA,NA,NA,NA,NA,NA,NA,NA,NA,NA,NA,NA,NA
City College of San Francisco,San Francisco,CA,18581,870887,47,NA,500,NA,500,NA,NA,NA,NA,NA,NA,NA,public,Two-year,NA,Associate's Colleges,Exclusive/Very high undergraduate,city,NA,NA,NA,NA,NA,NA,NA,NA,NA,NA,NA,NA,NA,NA
Collin County Community College District,McKinney,TX,2770,172298,62,NA,608,NA,608,NA,NA,NA,NA,NA,NA,NA,public,Four-year (large),NA,Associate's Colleges,Exclusive/Very high undergraduate,suburb,NA,NA,NA,NA,NA,NA,NA,NA,NA,NA,NA,35390,NA,NA
CUNY Borough of Manhattan Community College,New York,NY,28211,8537673,303,NA,736,NA,736,NA,NA,NA,NA,NA,NA,NA,public,Two-year,NA,Associate's Colleges,Exclusive/Very high undergraduate,city,NA,NA,NA,NA,NA,NA,NA,NA,NA,NA,NA,NA,NA,NA
CUNY LaGuardia Community College,Long Island City,NY,NA,NA,NA,NA,431,NA,431,NA,NA,NA,NA,NA,NA,NA,public,Two-year,NA,Associate's Colleges,Exclusive/Very high undergraduate,city,NA,NA,NA,NA,NA,NA,NA,NA,NA,NA,NA,NA,NA,NA
Dallas College,Dallas,TX,3870,1317929,341,NA,1450,NA,1450,NA,NA,NA,NA,NA,NA,NA,public,Two-year,NA,Associate's Colleges,Exclusive/Very high undergraduate,city,NA,NA,NA,NA,NA,NA,NA,NA,NA,NA,NA,74781,NA,NA
De Anza College,Cupertino,CA,5386,60643,11,NA,1865,NA,1865,NA,NA,NA,NA,NA,NA,NA,public,Two-year,NA,Associate's Colleges,Exclusive/Very high undergraduate,city,NA,NA,NA,NA,NA,NA,NA,NA,NA,NA,NA,NA,NA,NA
Diablo Valley College,Pleasant Hill,CA,NA,NA,NA,NA,693,NA,693,NA,NA,NA,NA,NA,NA,NA,public,Two-year,NA,Associate's Colleges,Exclusive/Very high undergraduate,suburb,NA,NA,NA,NA,NA,NA,NA,NA,NA,NA,NA,NA,NA,NA
Edmonds College,Lynnwood,WA,NA,NA,NA,NA,698,NA,698,NA,NA,NA,NA,NA,NA,NA,public,Four-year (small),NA,Associate's Colleges,Exclusive/Very high undergraduate,suburb,NA,NA,NA,NA,NA,NA,NA,NA,NA,NA,NA,NA,NA,NA
Foothill College,Los Altos Hills,CA,NA,NA,NA,NA,748,NA,748,NA,NA,NA,NA,NA,NA,NA,public,Four-year (median),NA,Associate's Colleges,Exclusive/Very high undergraduate,suburb,NA,NA,NA,NA,NA,NA,NA,NA,NA,NA,NA,NA,NA,NA
Glendale Community College,Glendale,CA,6595,200831,30,NA,377,NA,377,NA,NA,NA,NA,NA,NA,NA,public,Two-year,NA,Associate's Colleges,Exclusive/Very high undergraduate,suburb,NA,NA,NA,NA,NA,NA,NA,NA,NA,NA,NA,NA,NA,NA
Golden West College,Huntington Beach,CA,7501,200652,27,NA,305,NA,305,NA,NA,NA,NA,NA,NA,NA,public,Two-year,NA,Associate's Colleges,Exclusive/Very high undergraduate,suburb,NA,NA,NA,NA,NA,NA,NA,NA,NA,NA,NA,NA,NA,NA
Green River College,Auburn,WA,2616,77472,30,NA,908,NA,908,NA,NA,NA,NA,NA,NA,NA,public,Four-year (median),NA,Baccalaureate Colleges,Exclusive/Very high undergraduate,city,NA,NA,NA,NA,NA,NA,NA,NA,NA,NA,NA,NA,NA,NA
Grossmont College,El Cajon,CA,7191,103768,14,NA,336,NA,336,NA,NA,NA,NA,NA,NA,NA,public,Two-year,NA,Associate's Colleges,Exclusive/Very high undergraduate,suburb,NA,NA,NA,NA,NA,NA,NA,NA,NA,NA,NA,NA,NA,NA
Irvine Valley College,Irvine,CA,4025,266122,66,NA,606,NA,606,NA,NA,NA,NA,NA,NA,NA,public,Two-year,NA,Associate's Colleges,Exclusive/Very high undergraduate,city,NA,NA,NA,NA,NA,NA,NA,NA,NA,NA,NA,NA,NA,NA
Kapiolani Community College,Honolulu,HI,NA,NA,NA,NA,351,NA,351,NA,NA,NA,NA,NA,NA,NA,public,Two-year,NA,Associate's Colleges,Exclusive/Very high undergraduate,city,NA,NA,NA,NA,NA,NA,NA,NA,NA,NA,NA,NA,NA,NA
Lone Star College System,The Woodlands,TX,NA,NA,NA,NA,2884,NA,2884,NA,NA,NA,NA,NA,NA,NA,public,Two-year,NA,Associate's Colleges,Exclusive/Very high undergraduate,city,NA,NA,NA,NA,NA,NA,NA,NA,NA,NA,NA,70109,NA,NA
Massachusetts College of Art and Design,Boston,MA,13943,673184,48,NA,119,NA,119,NA,NA,NA,NA,NA,NA,NA,public,Four-year (small),NA,Special Focus Four-Year,Exclusive/Very high undergraduate,city,NA,NA,NA,NA,NA,NA,NA,NA,NA,NA,NA,NA,NA,NA
Midwestern State University,Wichita Falls,TX,1452,104724,72,NA,522,NA,522,NA,NA,NA,NA,NA,NA,NA,public,Four-year (median),NA,Master's Colleges & Universities,Exclusive/Very high undergraduate,city,NA,NA,NA,NA,NA,NA,NA,NA,NA,NA,NA,NA,NA,NA
Montgomery College,Rockville,MD,4955,66940,14,NA,1446,NA,1446,NA,NA,NA,NA,NA,NA,NA,public,Two-year,NA,Associate's Colleges,Exclusive/Very high undergraduate,city,NA,NA,NA,NA,NA,NA,NA,NA,NA,NA,NA,NA,NA,NA
Morgan State University,Baltimore,MD,7594,614664,81,0.06,NA,NA,NA,18480,NA,NA,NA,NA,NA,333,public,Four-year (median),National,Doctoral Universities,Majority undergraduate,city,NA,NA,NA,NA,NA,NA,NA,NA,NA,NA,6270,NA,NA,NA
Mt. San Antonio College,Walnut,CA,NA,NA,NA,NA,364,NA,364,NA,NA,NA,NA,NA,NA,NA,public,NA,NA,NA,NA,NA,NA,NA,NA,NA,NA,NA,NA,NA,NA,NA,NA,28393,NA,NA
Northern Virginia Community College,Annandale,VA,NA,NA,NA,NA,1167,NA,1167,NA,NA,NA,NA,NA,NA,NA,public,Two-year,NA,Associate's Colleges,Exclusive/Very high undergraduate,suburb,NA,NA,NA,NA,NA,NA,NA,NA,NA,NA,NA,52873,NA,NA
Northwest Missouri State University,Maryville,MO,NA,NA,NA,NA,808,NA,808,NA,NA,NA,NA,NA,NA,NA,public,Four-year (median),NA,Master's Colleges & Universities,Majority undergraduate,town or rural,NA,NA,NA,NA,NA,NA,NA,NA,NA,NA,NA,NA,NA,NA
Oakland Community College,Royal Oak,MI,5009,59006,12,NA,277,NA,277,NA,NA,NA,NA,NA,NA,NA,public,Two-year,NA,Associate's Colleges,Exclusive/Very high undergraduate,suburb,NA,NA,NA,NA,NA,NA,NA,NA,NA,NA,NA,NA,NA,NA
Orange Coast College,Costa Mesa,CA,7209,112822,16,NA,1180,NA,1180,NA,NA,NA,NA,NA,NA,NA,public,Two-year,NA,Associate's Colleges,Exclusive/Very high undergraduate,city,NA,NA,NA,NA,NA,NA,NA,NA,NA,NA,NA,NA,NA,NA
Pasadena City College,Pasadena,CA,6185,142059,23,NA,581,NA,581,NA,NA,NA,NA,NA,NA,NA,public,Two-year,NA,Associate's Colleges,Exclusive/Very high undergraduate,city,NA,NA,NA,NA,NA,NA,NA,NA,NA,NA,NA,NA,NA,NA
Portland Community College,Portland,OR,4795,639863,133,NA,331,NA,331,NA,NA,NA,NA,NA,NA,NA,public,Two-year,NA,Associate's Colleges,Exclusive/Very high undergraduate,city,NA,NA,NA,NA,NA,NA,NA,NA,NA,NA,NA,NA,NA,NA
San Francisco State University,San Francisco,CA,18581,870887,47,0.07,1260,NA,1260,NA,NA,NA,NA,NA,NA,NA,public,Four-year (large),National,Doctoral Universities,Majority undergraduate,city,NA,NA,NA,NA,NA,NA,NA,NA,NA,NA,NA,NA,NA,NA
San Jose State University,San Jose,CA,5808,1025350,177,NA,4644,NA,4644,NA,NA,NA,NA,NA,NA,NA,public,Four-year (large),NA,Master's Colleges & Universities,Majority undergraduate,city,NA,NA,NA,NA,NA,NA,NA,NA,NA,NA,NA,36208,NA,NA
Santa Barbara City College,Santa Barbara,CA,4722,91930,19,NA,397,NA,397,NA,NA,NA,NA,NA,NA,NA,public,Two-year,NA,Associate's Colleges,Exclusive/Very high undergraduate,city,NA,NA,NA,NA,NA,NA,NA,NA,NA,NA,NA,NA,NA,NA
Santa Monica College,Santa Monica,CA,10996,92478,8,NA,2104,NA,2104,NA,NA,NA,NA,NA,NA,NA,public,Four-year (large),NA,Associate's Colleges,Exclusive/Very high undergraduate,city,NA,NA,NA,NA,NA,NA,NA,NA,NA,NA,NA,NA,NA,NA
Seattle Central College,Seattle,WA,8391,704352,84,NA,719,NA,719,NA,NA,NA,NA,NA,NA,NA,public,Four-year (small),NA,Associate's Colleges,Exclusive/Very high undergraduate,city,NA,NA,NA,NA,NA,NA,NA,NA,NA,NA,NA,NA,NA,NA
Shoreline Community College,Shoreline,WA,4741,55333,12,NA,712,NA,712,NA,NA,NA,NA,NA,NA,NA,public,Two-year,NA,Associate's Colleges,Exclusive/Very high undergraduate,suburb,NA,NA,NA,NA,NA,NA,NA,NA,NA,NA,NA,NA,NA,NA
South Dakota School of Mines and Technology,Rapid City,SD,1336,74048,55,NA,178,NA,178,NA,NA,NA,NA,NA,NA,NA,public,Four-year (small),NA,Master's Colleges & Universities,Majority undergraduate,city,NA,NA,NA,NA,NA,NA,NA,NA,NA,NA,NA,NA,NA,NA
Southeast Missouri State University,Cape Girardeau,MO,NA,NA,NA,NA,602,NA,602,NA,NA,NA,NA,NA,NA,NA,public,Four-year (median),NA,Master's Colleges & Universities,Exclusive/Very high undergraduate,city,NA,NA,NA,NA,NA,NA,NA,NA,NA,NA,NA,NA,NA,NA
Southern Utah University,Cedar City,UT,NA,NA,NA,NA,548,NA,548,NA,NA,NA,NA,NA,NA,NA,public,Four-year (median),NA,Master's Colleges & Universities,Exclusive/Very high undergraduate,town or rural,NA,NA,NA,NA,NA,NA,NA,NA,NA,NA,NA,NA,NA,NA
The Pennsylvania State University,University Park,PA,NA,NA,NA,0.1,NA,NA,NA,NA,NA,NA,NA,NA,NA,NA,public,Four-year (large),National,Doctoral Universities,Majority undergraduate,city,NA,NA,NA,NA,NA,NA,NA,NA,NA,NA,NA,89816,NA,NA
Troy University,Troy,AL,NA,NA,NA,NA,617,NA,617,NA,NA,NA,NA,NA,NA,NA,public,Four-year (large),NA,Master's Colleges & Universities,Majority undergraduate,town or rural,NA,NA,NA,NA,NA,NA,NA,NA,NA,NA,NA,NA,NA,NA
University of Central Missouri,Warrensburg,MO,NA,NA,NA,NA,1341,NA,1341,NA,NA,NA,NA,NA,NA,NA,public,Four-year (median),NA,Master's Colleges & Universities,Majority undergraduate,town or rural,NA,NA,NA,NA,NA,NA,NA,NA,NA,NA,NA,NA,NA,NA
University of Central Oklahoma,Edmond,OK,1077,91191,85,NA,635,NA,635,NA,NA,NA,NA,NA,NA,NA,public,Four-year (large),NA,Master's Colleges & Universities,Exclusive/Very high undergraduate,suburb,NA,NA,NA,NA,NA,NA,NA,NA,NA,NA,NA,NA,NA,NA
University of Nebraska Omaha,Omaha,NE,3517,446970,127,0.05,292,NA,292,NA,NA,NA,NA,NA,NA,NA,public,Four-year (median),National,Special Focus Four-Year,Exclusive/Majority graduate,city,NA,NA,NA,NA,NA,NA,NA,NA,NA,NA,NA,NA,NA,NA
University of North Alabama,Florence,AL,NA,NA,NA,NA,697,NA,697,NA,NA,NA,NA,NA,NA,NA,public,Four-year (median),NA,Master's Colleges & Universities,Majority undergraduate,city,NA,NA,NA,NA,NA,NA,NA,NA,NA,NA,NA,NA,NA,NA
University of North Dakota,Grand Forks,ND,2881,57339,20,0.05,NA,NA,NA,15067,NA,NA,NA,NA,NA,258,public,Four-year (large),National,Doctoral Universities,Majority undergraduate,city,NA,NA,NA,NA,NA,NA,NA,NA,NA,NA,9796,NA,NA,NA
University of North Texas Health Science Center,Fort Worth,TX,2513,854113,340,NA,127,NA,127,NA,NA,NA,NA,NA,NA,NA,public,NA,NA,Special Focus Four-Year,Exclusive/Majority graduate,city,NA,NA,NA,NA,NA,NA,NA,NA,NA,NA,NA,NA,NA,NA
University of Science and Arts of Oklahoma,Chickasha,OK,NA,NA,NA,0.09,NA,NA,NA,NA,NA,NA,NA,NA,NA,NA,public,Four-year (small),Liberal Arts,Baccalaureate Colleges,Exclusive/Very high undergraduate,town or rural,NA,NA,NA,NA,NA,NA,NA,NA,NA,NA,NA,NA,NA,NA
University of Toledo,Toledo,OH,3452,278508,81,0.06,NA,NA,NA,20818,NA,NA,NA,NA,NA,380,public,Four-year (large),National,Doctoral Universities,Majority undergraduate,city,NA,NA,NA,NA,NA,NA,NA,NA,NA,NA,14406,NA,NA,NA
Valencia College,Orlando,FL,2707,277173,102,NA,1345,NA,1345,NA,NA,NA,NA,NA,NA,NA,public,Four-year (large),NA,Associate's Colleges,Exclusive/Very high undergraduate,city,NA,NA,NA,NA,NA,NA,NA,NA,NA,NA,NA,45949,NA,NA
Wichita State University,Wichita,KS,2448,389902,159,0.05,NA,NA,NA,18166,NA,NA,NA,NA,NA,386,public,Four-year (large),National,Doctoral Universities,Majority undergraduate,city,NA,NA,NA,NA,NA,NA,NA,NA,NA,NA,12406,NA,NA,NA
University of Denver,Denver,CO,4530,693060,153,NA,599,599,NA,54819,very competitive plus,NA,NA,NA,NA,97,private,Four-year (large),NA,Doctoral Universities,Majority undergraduate,city,M,1000,10,Very High,NA,NA,NA,NA,NA,NA,5699,NA,NA,NA
Boston College,Newton,MA,4991,89045,18,NA,1471,1471,NA,61706,most competitive,301-400,301,401-500,96-117,36,private,Four-year (large),NA,Doctoral Universities,Majority undergraduate,city,L,1048,13,Very High,0,13.5,16.8,23.5,17.8,0,9445,NA,NA,24.1
The New School,New York,NY,28211,8537673,303,0.3,3599,3599,NA,52979,highly competitive plus,NA,NA,501-600,NA,138,private,Four-year (median),National,Doctoral Universities,Majority undergraduate,city,M,1087,9,Very High,NA,NA,NA,NA,NA,NA,6430,NA,NA,NA
American University,Washington,DC,11158,681170,61,0.1,1305,1305,NA,51334,highly competitive plus,NA,NA,601-800,NA,79,private,Four-year (large),National,Doctoral Universities,Majority undergraduate,city,M,1091,11,Medium High,NA,NA,NA,NA,NA,NA,7953,NA,NA,NA
Howard University,Washington D.C.,DC,NA,NA,NA,NA,531,531,NA,28916,NA,NA,NA,601-800,NA,86,private,Four-year (large),NA,Doctoral Universities,Majority undergraduate,city,M,1111,8,Medium High,NA,NA,NA,NA,NA,NA,7857,NA,NA,NA
Fordham University,New York,NY,28211,8537673,303,0.07,1982,1982,NA,55776,highly competitive,NA,NA,801-1000,NA,68,private,Four-year (large),National,Doctoral Universities,Majority undergraduate,city,L,1123,13,Medium High,NA,NA,NA,NA,NA,NA,9399,NA,NA,NA
Loyola University Chicago,Chicago,IL,11883,2704958,228,NA,726,726,NA,47498,highly competitive,NA,NA,801-1000,NA,106,private,Four-year (large),NA,Doctoral Universities,Majority undergraduate,city,L,1297,12,Medium High,NA,NA,NA,NA,NA,NA,11612,NA,NA,NA
Syracuse University,Syracuse,NY,5726,143378,25,0.13,5443,3571,5443,57591,highly competitive,NA,NA,601-800,NA,59,private,Four-year (large),National,Doctoral Universities,Majority undergraduate,city,L,1374,14,Very High,NA,NA,NA,NA,NA,NA,14479,NA,NA,NA
Northeastern University,Boston,MA,13943,673184,48,0.15,7595,7595,NA,57592,highly competitive,NA,NA,301-400,NA,50,private,Four-year (large),National,Doctoral Universities,Majority undergraduate,city,L,1723,12,Very High,NA,NA,NA,NA,NA,NA,15156,NA,NA,31.9
Drexel University,Philadelphia,PA,11692,1567872,134,0.09,2526,2526,NA,57136,NA,301-400,301,601-800,96-117,105,private,Four-year (large),National,Doctoral Universities,Majority undergraduate,city,L,1837,11,Very High,0,19.2,9.7,31.4,21.8,0,14552,NA,NA,NA
George Washington University,Washington,DC,11158,681170,61,0.09,4024,4024,NA,59870,most competitive,NA,NA,301-400,NA,63,private,Four-year (large),National,Doctoral Universities,Majority undergraduate,city,L,2016,11,Very High,NA,NA,NA,NA,NA,NA,11762,NA,NA,31.1
Wake Forest University,Winston-Salem,NC,1829,242203,132,0.09,805,805,NA,59770,most competitive,NA,NA,401-500,NA,33,private,Four-year (median),National,Doctoral Universities,Majority undergraduate,city,M,2276,4,Very High,NA,NA,NA,NA,NA,NA,5441,NA,NA,26.9
Clark University,Worcester,MA,4937,184508,37,0.08,853,853,NA,50302,highly competitive,NA,NA,601-800,NA,103,private,Four-year (median),National,Doctoral Universities,Majority undergraduate,city,S,276,12,Very High,NA,NA,NA,NA,NA,NA,2241,NA,NA,NA
Clarkson University,Potsdam,NY,NA,NA,NA,NA,384,384,NA,54370,NA,NA,NA,NA,NA,127,private,Four-year (median),NA,Doctoral Universities,Majority undergraduate,town or rural,S,291,14,Very High,NA,NA,NA,NA,NA,NA,2905,NA,NA,NA
Stevens Institute of Technology,Hoboken,NJ,42484,54379,1,NA,1919,1919,NA,56920,highly competitive,NA,NA,601-800,NA,89,private,Four-year (median),NA,Doctoral Universities,Majority undergraduate,suburb,M,315,20,Very High,NA,NA,NA,NA,NA,NA,3670,NA,NA,NA
University of Tulsa,Tulsa,OK,2049,403090,197,0.07,550,550,NA,44838,highly competitive,NA,NA,801-1000,NA,147,private,Four-year (median),National,Doctoral Universities,Majority undergraduate,city,S,376,11,Very High,NA,NA,NA,NA,NA,NA,2929,NA,NA,NA
Smith College,Northampton,MA,NA,NA,NA,0.14,368,368,350,NA,highly competitive plus,NA,NA,601-800,NA,NA,private,Four-year (small),Liberal Arts,Baccalaureate Colleges,Majority undergraduate,suburb,S,378,8,Very High,NA,NA,NA,NA,NA,NA,NA,NA,NA,NA
Illinois Institute of Technology,Chicago,IL,11883,2704958,228,0.15,2330,2330,NA,50640,highly competitive plus,NA,NA,401-500,NA,123,private,Four-year (median),National,Doctoral Universities,Majority undergraduate,city,M,402,15,Very High,NA,NA,NA,NA,NA,NA,3123,NA,NA,26.2
Worcester Polytechnic Institute,Worcester,MA,4937,184508,37,0.06,837,837,NA,55531,highly competitive plus,NA,NA,NA,NA,67,private,Four-year (median),National,Doctoral Universities,Majority undergraduate,city,M,432,14,Very High,NA,NA,NA,NA,NA,NA,4892,NA,NA,NA
Yeshiva University,New York,NY,28211,8537673,303,0.09,467,467,NA,47500,NA,301-400,301,201-300,96-117,74,private,Four-year (median),National,Doctoral Universities,Majority undergraduate,city,S,471,10,Very High,0,0,23.6,32.2,22.6,0,2017,NA,NA,38.4
University of Hartford,West Hartford,CT,NA,NA,NA,0.06,412,412,NA,44885,NA,NA,NA,801-1000,NA,222,private,Four-year (median),National,Doctoral Universities,Majority undergraduate,city,M,517,11,Medium High,NA,NA,NA,NA,NA,NA,4521,NA,NA,NA
Lehigh University,Bethlehem,PA,3942,75293,19,0.08,1152,1152,NA,57470,most competitive,NA,NA,NA,NA,49,private,Four-year (median),National,Doctoral Universities,Majority undergraduate,city,M,540,11,Very High,NA,NA,NA,NA,NA,NA,5203,NA,NA,NA
University of the Pacific,Stockton,CA,4979,307072,62,0.08,389,389,NA,52352,very competitive plus,NA,NA,1001-1200,NA,146,private,Four-year (median),National,Doctoral Universities,Majority undergraduate,city,M,560,10,Medium High,NA,NA,NA,NA,NA,NA,3524,NA,NA,NA
Seattle University,Seattle,WA,8391,704352,84,0.09,702,702,NA,49335,NA,NA,NA,801-1000,NA,131,private,Four-year (median),National,Doctoral Universities,Majority undergraduate,city,M,601,11,Medium High,NA,NA,NA,NA,NA,NA,4299,NA,NA,NA
Brandeis University,Waltham,MA,4949,63002,13,0.2,1554,1554,NA,60391,most competitive,201-300,201,401-500,70-95,43,private,Four-year (median),National,Doctoral Universities,Majority undergraduate,city,M,611,9,Very High,12,9.6,16.4,18.7,27.8,19,3493,NA,NA,25.7
Rensselaer Polytechnic Institute,Troy,NY,NA,NA,NA,0.15,1594,1594,NA,58526,most competitive,NA,NA,401-500,NA,56,private,Four-year (median),National,Doctoral Universities,Majority undergraduate,city,M,639,12,Very High,NA,NA,NA,NA,NA,NA,6283,NA,NA,26.8
University of San Diego,San Diego,CA,4326,1406630,325,0.06,638,638,NA,52864,highly competitive,NA,NA,1001-1200,NA,98,private,Four-year (median),National,Doctoral Universities,Majority undergraduate,city,M,647,12,Medium High,NA,NA,NA,NA,NA,NA,5529,NA,NA,NA
University of San Francisco,San Francisco,CA,18581,870887,47,0.11,1419,1419,NA,53472,NA,NA,NA,1001-1200,NA,114,private,Four-year (median),National,Doctoral Universities,Majority undergraduate,city,M,696,14,Medium High,NA,NA,NA,NA,NA,NA,5852,NA,NA,NA
Dartmouth College,Hanover,NH,NA,NA,NA,0.12,997,997,NA,60870,most competitive,201-300,201,151-200,70-95,13,private,Four-year (median),National,Doctoral Universities,Majority undergraduate,town or rural,M,836,8,Very High,0,16.6,13.4,26.7,22.2,17.6,4170,NA,NA,45.1
Marquette University,Milwaukee,WI,6191,595047,96,NA,367,367,NA,45766,highly competitive,NA,NA,1001-1200,NA,87,private,Four-year (large),NA,Doctoral Universities,Majority undergraduate,city,M,913,12,Very High,NA,NA,NA,NA,NA,NA,8024,NA,NA,NA
California Institute of Technology,Pasadena,CA,6185,142059,23,0.08,692,692,NA,58680,most competitive,1-20,9,1-20,7,9,private,Four-year (small),National,Doctoral Universities,Exclusive/Majority graduate,city,S,968,2,Very High,67.5,34.5,57.6,45,100,53.5,901,NA,57.4,97.4
Southern Methodist University,Dallas,TX,3870,1317929,341,NA,1213,1213,NA,NA,highly competitive,NA,NA,801-1000,NA,NA,private,Four-year (large),NA,Doctoral Universities,Majority undergraduate,suburb,M,969,10,Very High,NA,NA,NA,NA,NA,NA,NA,NA,NA,NA
Rice University,Houston,TX,3842,2303482,600,0.12,2278,2278,NA,52895,most competitive,51-100,70,51-100,34,18,private,Four-year (median),National,Doctoral Universities,Majority undergraduate,city,M,996,7,Very High,21.4,35.8,19.7,32.4,38.6,16.1,4076,NA,27.9,62.3
Princeton University,Princeton,NJ,NA,NA,NA,0.12,1912,1912,NA,56010,most competitive,1-20,6,1-20,5,1,private,Four-year (median),National,Doctoral Universities,Majority undergraduate,city,M,1050,8,Very High,97.9,44.9,47.1,44.2,73.3,55.8,4773,NA,61,88.6
Rochester Institute of Technology,Rochester,NY,5838,208880,36,0.05,1586,1586,NA,52756,very competitive plus,NA,NA,1001-1200,NA,118,private,Four-year (large),National,Doctoral Universities,Majority undergraduate,suburb,L,1136,12,Medium High,NA,NA,NA,NA,NA,NA,13412,NA,NA,NA
Baylor University,Waco,TX,1511,134432,89,NA,777,777,NA,50232,highly competitive,NA,NA,1001-1200,NA,75,private,Four-year (large),NA,Doctoral Universities,Majority undergraduate,city,L,1294,13,Very High,NA,NA,NA,NA,NA,NA,14399,NA,NA,NA
Brown University,Providence,RI,9740,179219,18,0.11,2002,2002,NA,62404,most competitive,101-150,101,51-100,47-58,14,private,Four-year (median),National,Doctoral Universities,Majority undergraduate,city,M,1389,7,Very High,19.7,9.6,20.5,46.1,33,14.4,6792,NA,NA,71.3
Tufts University,Medford,MA,7063,57213,8,0.11,1798,1798,NA,63000,most competitive,151-200,151,201-300,59-69,29,private,Four-year (large),National,Doctoral Universities,Majority undergraduate,suburb,M,1459,8,Very High,16.1,16.6,12.5,35.6,25.1,18.3,6114,NA,NA,36.5
Brigham Young University--Provo,Provo,UT,2805,116868,42,0.05,1163,1163,NA,6120,NA,401-500,401,1001-1200,118-139,80,private,Four-year (large),National,Doctoral Universities,Exclusive/Very high undergraduate,city,XL,1512,21,Very High,0,9.6,8.3,27.5,13.4,8.8,33365,36461,NA,NA
Carnegie Mellon University,Pittsburgh,PA,5484,303625,55,0.22,7396,5739,7396,58924,most competitive,51-100,91,51-100,43,25,private,Four-year (large),National,Doctoral Universities,Majority undergraduate,city,L,1534,9,Very High,31.2,21.4,12.3,35.6,30.1,31.3,7073,NA,26.8,74.6
University of Notre Dame,Notre Dame,IN,NA,NA,NA,0.06,1484,1484,NA,58843,most competitive,201-300,201,201-300,70-95,19,private,Four-year (large),National,Doctoral Universities,Majority undergraduate,suburb,L,1545,8,Very High,0,16.6,14.5,32.8,20.8,12.4,8874,NA,NA,40.9
Case Western Reserve University,Cleveland,OH,4965,385809,78,0.13,2864,2864,NA,54020,most competitive,101-150,101,151-200,47-58,44,private,Four-year (large),National,Doctoral Universities,Exclusive/Majority graduate,city,M,1639,7,Very High,10.7,19.2,15.8,40.5,24.7,32.5,5433,NA,NA,48.2
University of Rochester,Rochester,NY,5838,208880,36,0.25,3644,3644,NA,59344,most competitive,151-200,151,151-200,59-69,35,private,Four-year (large),National,Doctoral Universities,Majority undergraduate,city,M,1853,5,Very High,7.6,13.5,17.5,39.9,17.9,27.8,6521,NA,NA,50.3
Georgetown University,Washington,DC,11158,681170,61,0.14,3286,3286,NA,59957,most competitive,201-300,201,201-300,70-95,23,private,Four-year (large),National,Doctoral Universities,Exclusive/Majority graduate,city,L,2009,8,Very High,0,27.1,6,33,23.8,0,7357,NA,NA,38.7
University of Miami,Coral Gables,FL,3933,50815,13,0.11,2646,2646,NA,54760,most competitive,201-300,201,301-400,70-95,58,private,Four-year (large),National,Doctoral Universities,Majority undergraduate,city,L,2565,6,Very High,0,16.6,13.6,42,20.7,0,11334,NA,NA,33.7
Boston University,Boston,MA,13943,673184,48,0.22,10646,8159,10646,59816,highly competitive plus,51-100,70,101-150,34,42,private,Four-year (large),National,Doctoral Universities,Majority undergraduate,city,L,2642,10,Very High,11.4,30.3,24.3,53.1,23.8,11.4,16872,32718,27.9,57
University of Chicago,Chicago,IL,11883,2704958,228,0.16,4696,4696,NA,60963,most competitive,1-20,10,1-20,8,7,private,Four-year (large),National,Doctoral Universities,Exclusive/Majority graduate,city,L,2703,6,Very High,90.1,35.8,42.5,52,44.2,59.2,6989,NA,55.5,94.5
Emory University,Atlanta,GA,3549,472522,133,0.17,2264,2264,NA,55468,most competitive,101-150,101,151-200,47-58,21,private,Four-year (large),National,Doctoral Universities,Majority undergraduate,city,L,2725,5,Very High,0,19.2,25.3,54.8,21.8,0,7010,NA,NA,48.6
Cornell University,Ithaca,NY,NA,NA,NA,0.1,6692,5675,6692,61015,most competitive,1-20,12,21-50,10,17,private,Four-year (large),National,Doctoral Universities,Majority undergraduate,city,L,2843,8,Very High,49.1,46.9,47.3,61.6,43.4,43.1,14743,NA,50.7,88.3
Massachusetts Institute of Technology,Cambridge,MA,17316,110651,6,0.1,3730,3730,NA,55878,most competitive,1-20,4,1-20,3,4,private,Four-year (large),National,Doctoral Universities,Exclusive/Majority graduate,city,M,3065,4,Very High,83.6,52.5,71.4,64.4,70.3,70.9,4361,NA,69.9,100
University of Southern California,Los Angeles,CA,8484,3976322,469,0.12,14992,9107,14992,60275,most competitive,51-100,60,101-150,33,27,private,Four-year (large),National,Doctoral Universities,Exclusive/Majority graduate,city,XL,3116,10,Very High,31.3,31.8,20.4,55.1,24.6,0,19606,46287,30.8,57
Northwestern University,Evanston,IL,9627,74895,8,0.1,3846,3846,NA,60984,most competitive,21-50,25,21-50,18,12,private,Four-year (large),National,Doctoral Universities,Exclusive/Majority graduate,city,L,3652,5,Very High,27.6,48.8,33.3,62.2,31.7,15.2,8194,NA,39.9,82.8
Vanderbilt University,Nashville,TN,1390,660388,475,0.1,2022,2022,NA,56966,most competitive,21-50,50,201-300,31,15,private,Four-year (large),National,Doctoral Universities,Majority undergraduate,city,L,4473,3,Very High,28.6,30.3,23,53.4,35.3,15.2,7057,NA,32.8,41.7
Harvard University,Cambridge,MA,17316,110651,6,0.12,5877,5877,5562,55587,most competitive,1-20,1,1-20,1,3,private,Four-year (large),National,Doctoral Universities,Exclusive/Majority graduate,city,L,4646,5,Very High,100,100,100,100,79.6,100,5222,30391,100,98
Stanford University,Stanford,CA,NA,NA,NA,0.11,3879,3879,NA,56169,most competitive,1-20,2,1-20,2,6,private,Four-year (large),National,Doctoral Universities,Exclusive/Majority graduate,suburb,L,4725,3,Very High,88.5,76.6,78.6,76.5,56,44.5,6366,NA,75.6,98.7
Johns Hopkins University,Baltimore,MD,7594,614664,81,0.14,6723,5070,6723,58720,most competitive,1-20,18,21-50,15,11,private,Four-year (large),National,Doctoral Universities,Exclusive/Majority graduate,city,L,4855,3,Very High,33.2,37.1,43.4,75.7,28.7,37.3,6331,28890,45.4,85.9
University of Pennsylvania,Philadelphia,PA,11692,1567872,134,0.13,6562,4636,6562,61710,most competitive,1-20,16,1-20,14,8,private,Four-year (large),National,Doctoral Universities,Exclusive/Majority graduate,city,L,5154,4,Very High,33.4,46.9,41.7,69.7,39.7,31.3,9872,NA,46.4,90.7
Yale University,New Haven,CT,6956,129934,19,0.1,2537,2537,NA,59950,most competitive,1-20,12,1-20,10,5,private,Four-year (large),National,Doctoral Universities,Exclusive/Majority graduate,city,M,5391,2,Very High,49.7,44.9,53.4,58.7,35.7,47.1,4703,NA,50.7,90.2
Duke University,Durham,NC,2450,263016,107,0.09,3445,3445,NA,60489,most competitive,21-50,26,51-100,19,10,private,Four-year (large),National,Doctoral Universities,Exclusive/Majority graduate,city,L,5673,3,Very High,19,55.9,35.6,63.9,25.5,15.2,6717,NA,39.7,75.2
New York University,New York,NY,28211,8537673,303,0.24,17050,16218,17050,56500,most competitive,21-50,32,21-50,24,28,private,Four-year (large),National,Doctoral Universities,Majority undergraduate,city,XL,7874,6,Very High,31.5,25.3,39.5,60.6,20.8,29.6,27444,52775,37.2,78.9
Abilene Christian University,Abilene,TX,1145,122225,107,0.05,NA,NA,NA,NA,NA,NA,NA,NA,NA,NA,private,Four-year (median),National,Doctoral Universities,Majority undergraduate,city,NA,NA,NA,NA,NA,NA,NA,NA,NA,NA,NA,NA,NA,NA
Alvernia University,Reading,PA,8864,87575,10,0.05,NA,NA,NA,NA,NA,NA,NA,NA,NA,NA,private,Four-year (small),National,Doctoral Universities,Majority undergraduate,city,NA,NA,NA,NA,NA,NA,NA,NA,NA,NA,NA,NA,NA,NA
American Film Institute Conservatory,Los Angeles,CA,8484,3976322,469,NA,136,NA,136,NA,NA,NA,NA,NA,NA,NA,private,NA,NA,Special Focus Four-Year,Exclusive/Majority graduate,city,NA,NA,NA,NA,NA,NA,NA,NA,NA,NA,NA,NA,NA,NA
Amherst College,Amherst,MA,NA,NA,NA,0.1,201,NA,201,NA,most competitive,NA,NA,NA,NA,NA,private,Four-year (small),Liberal Arts,Baccalaureate Colleges,Exclusive/Very high undergraduate,suburb,NA,NA,NA,NA,NA,NA,NA,NA,NA,NA,NA,NA,NA,NA
Andrews University,Berrien Springs,MI,NA,NA,NA,0.18,NA,NA,NA,31008,NA,NA,NA,NA,NA,300,private,Four-year (small),National,Doctoral Universities,Majority undergraduate,town or rural,NA,NA,NA,NA,NA,NA,NA,NA,NA,NA,1708,NA,NA,NA
Aquinas College,Grand Rapids,MI,4424,196445,44,0.05,NA,NA,NA,NA,NA,NA,NA,NA,NA,NA,private,Four-year (small),Liberal Arts,Baccalaureate Colleges,Exclusive/Very high undergraduate,city,NA,NA,NA,NA,NA,NA,NA,NA,NA,NA,NA,NA,NA,NA
Augustana College,Rock Island,IL,NA,NA,NA,0.13,NA,NA,NA,NA,highly competitive,NA,NA,NA,NA,NA,private,Four-year (small),Liberal Arts,Baccalaureate Colleges,Exclusive/Very high undergraduate,city,NA,NA,NA,NA,NA,NA,NA,NA,NA,NA,NA,NA,NA,NA
Babson College,Wellesley,MA,NA,NA,NA,NA,1084,NA,1084,NA,highly competitive,NA,NA,NA,NA,NA,private,Four-year (small),NA,Special Focus Four-Year,Majority undergraduate,suburb,NA,NA,NA,NA,NA,NA,NA,NA,NA,NA,NA,NA,NA,NA
Bard College,Annandale on Hudson,NY,NA,NA,NA,0.12,263,NA,263,NA,highly competitive plus,NA,NA,NA,NA,NA,private,Four-year (small),Liberal Arts,Baccalaureate Colleges,Majority undergraduate,town or rural,NA,NA,NA,NA,NA,NA,NA,NA,NA,NA,NA,NA,NA,NA
Barnard College,New York,NY,28211,8537673,303,0.13,387,NA,387,NA,most competitive,NA,NA,NA,NA,NA,private,Four-year (small),Liberal Arts,Baccalaureate Colleges,Exclusive/Very high undergraduate,city,NA,NA,NA,NA,NA,NA,NA,NA,NA,NA,NA,NA,NA,NA
Bates College,Lewiston,ME,NA,NA,NA,0.09,NA,NA,NA,NA,most competitive,NA,NA,NA,NA,NA,private,Four-year (small),Liberal Arts,Baccalaureate Colleges,Exclusive/Very high undergraduate,city,NA,NA,NA,NA,NA,NA,NA,NA,NA,NA,NA,NA,NA,NA
Baylor College of Medicine,Houston,TX,3842,2303482,600,NA,247,NA,247,NA,NA,101-150,101,NA,47-58,NA,private,NA,NA,Special Focus Four-Year,Exclusive/Majority graduate,city,NA,NA,NA,NA,0,23.5,30.1,44.5,19.1,0,NA,NA,NA,NA
Beloit College,Beloit,WI,NA,NA,NA,0.14,NA,NA,NA,NA,highly competitive plus,NA,NA,NA,NA,NA,private,Four-year (small),Liberal Arts,Baccalaureate Colleges,Exclusive/Very high undergraduate,city,NA,NA,NA,NA,NA,NA,NA,NA,NA,NA,NA,NA,NA,NA
Bennington College,Bennington,VT,NA,NA,NA,0.18,NA,NA,NA,NA,highly competitive,NA,NA,NA,NA,NA,private,Four-year (small),Liberal Arts,Baccalaureate Colleges,Majority undergraduate,town or rural,NA,NA,NA,NA,NA,NA,NA,NA,NA,NA,NA,NA,NA,NA
Bentley University,Waltham,MA,4949,63002,13,NA,968,NA,968,NA,NA,NA,NA,NA,NA,NA,private,Four-year (median),NA,Master's Colleges & Universities,Majority undergraduate,city,NA,NA,NA,NA,NA,NA,NA,NA,NA,NA,NA,NA,NA,NA
Berea College,Berea,KY,NA,NA,NA,0.08,NA,NA,NA,NA,very competitive plus,NA,NA,NA,NA,NA,private,Four-year (small),Liberal Arts,Baccalaureate Colleges,Exclusive/Very high undergraduate,town or rural,NA,NA,NA,NA,NA,NA,NA,NA,NA,NA,NA,NA,NA,NA
Berklee College of Music,Boston,MA,13943,673184,48,NA,1685,NA,1685,NA,NA,NA,NA,NA,NA,NA,private,Four-year (median),NA,Master's Colleges & Universities,Majority undergraduate,city,NA,NA,NA,NA,NA,NA,NA,NA,NA,NA,NA,NA,NA,NA
Bethany Lutheran College,Mankato,MN,NA,NA,NA,0.2,NA,NA,NA,NA,NA,NA,NA,NA,NA,NA,private,Four-year (small),Liberal Arts,Baccalaureate Colleges,Exclusive/Very high undergraduate,city,NA,NA,NA,NA,NA,NA,NA,NA,NA,NA,NA,NA,NA,NA
Biola University,La Mirada,CA,NA,NA,NA,0.06,NA,NA,NA,44382,NA,NA,NA,NA,NA,196,private,Four-year (median),National,Doctoral Universities,Majority undergraduate,suburb,NA,NA,NA,NA,NA,NA,NA,NA,NA,NA,3682,NA,NA,NA
Boston Architectural College,Boston,MA,13943,673184,48,NA,192,NA,192,NA,NA,NA,NA,NA,NA,NA,private,Four-year (small),NA,Special Focus Four-Year,Exclusive/Majority graduate,city,NA,NA,NA,NA,NA,NA,NA,NA,NA,NA,NA,NA,NA,NA
Bowdoin College,Brunswick,ME,NA,NA,NA,0.07,NA,NA,NA,NA,most competitive,NA,NA,NA,NA,NA,private,Four-year (small),Liberal Arts,Baccalaureate Colleges,Exclusive/Very high undergraduate,town or rural,NA,NA,NA,NA,NA,NA,NA,NA,NA,NA,NA,NA,NA,NA
Briar Cliff University,Sioux City,IA,1445,82872,57,0.07,NA,NA,NA,NA,NA,NA,NA,NA,NA,NA,private,Four-year (small),National,Doctoral Universities,Majority undergraduate,city,NA,NA,NA,NA,NA,NA,NA,NA,NA,NA,NA,NA,NA,NA
Bryn Mawr College,Bryn Mawr,PA,NA,NA,NA,0.15,288,NA,288,NA,most competitive,NA,NA,NA,NA,NA,private,Four-year (small),Liberal Arts,Baccalaureate Colleges,Majority undergraduate,suburb,NA,NA,NA,NA,NA,NA,NA,NA,NA,NA,NA,NA,NA,NA
Bucknell University,Lewisburg,PA,NA,NA,NA,0.05,234,NA,234,NA,most competitive,NA,NA,NA,NA,NA,private,Four-year (median),Liberal Arts,Baccalaureate Colleges,Exclusive/Very high undergraduate,town or rural,NA,NA,NA,NA,NA,NA,NA,NA,NA,NA,NA,NA,NA,NA
California College of the Arts,San Francisco,CA,18581,870887,47,NA,701,NA,701,NA,NA,NA,NA,NA,NA,NA,private,Four-year (small),NA,Special Focus Four-Year,Majority undergraduate,city,NA,NA,NA,NA,NA,NA,NA,NA,NA,NA,NA,NA,NA,NA
California Institute of the Arts,Valencia,CA,NA,NA,NA,NA,387,NA,387,NA,NA,NA,NA,NA,NA,NA,private,Four-year (small),NA,Master's Colleges & Universities,Majority undergraduate,suburb,NA,NA,NA,NA,NA,NA,NA,NA,NA,NA,NA,NA,NA,NA
Cardinal Stritch University,Milwaukee,WI,6191,595047,96,0.21,NA,NA,NA,34762,NA,NA,NA,NA,NA,307,private,Four-year (small),National,Doctoral Universities,Majority undergraduate,suburb,NA,NA,NA,NA,NA,NA,NA,NA,NA,NA,1068,NA,NA,NA
Carleton College,Northfield,MN,NA,NA,NA,0.1,217,NA,217,NA,most competitive,NA,NA,NA,NA,NA,private,Four-year (small),Liberal Arts,Baccalaureate Colleges,Exclusive/Very high undergraduate,town or rural,NA,NA,NA,NA,NA,NA,NA,NA,NA,NA,NA,NA,NA,NA
Carson-Newman University,Jefferson City,TN,NA,NA,NA,0.06,NA,NA,NA,31320,NA,NA,NA,NA,NA,308,private,Four-year (small),National,Doctoral Universities,Majority undergraduate,suburb,NA,NA,NA,NA,NA,NA,NA,NA,NA,NA,1722,NA,NA,NA
Claremont McKenna College,Claremont,CA,NA,NA,NA,0.15,NA,NA,NA,NA,most competitive,NA,NA,NA,NA,NA,private,Four-year (small),Liberal Arts,Baccalaureate Colleges,Exclusive/Very high undergraduate,suburb,NA,NA,NA,NA,NA,NA,NA,NA,NA,NA,NA,NA,NA,NA
Clarke University,Dubuque,IA,1953,58531,30,0.06,NA,NA,NA,36870,NA,NA,NA,NA,NA,240,private,Four-year (small),National,Doctoral Universities,Majority undergraduate,city,NA,NA,NA,NA,NA,NA,NA,NA,NA,NA,659,NA,NA,NA
Colby College,Waterville,ME,NA,NA,NA,0.09,199,NA,199,NA,most competitive,NA,NA,NA,NA,NA,private,Four-year (small),Liberal Arts,Baccalaureate Colleges,Exclusive/Very high undergraduate,town or rural,NA,NA,NA,NA,NA,NA,NA,NA,NA,NA,NA,NA,NA,NA
Colgate University,Hamilton,NY,NA,NA,NA,0.09,319,NA,319,NA,most competitive,NA,NA,NA,NA,NA,private,Four-year (median),Liberal Arts,Baccalaureate Colleges,Exclusive/Very high undergraduate,town or rural,NA,NA,NA,NA,NA,NA,NA,NA,NA,NA,NA,NA,NA,NA
Colorado College,Colorado Springs,CO,2391,465101,195,0.07,NA,NA,NA,NA,highly competitive plus,NA,NA,NA,NA,NA,private,Four-year (small),Liberal Arts,Baccalaureate Colleges,Exclusive/Very high undergraduate,city,NA,NA,NA,NA,NA,NA,NA,NA,NA,NA,NA,NA,NA,NA
Concordia College at Moorhead,Moorhead,MN,NA,NA,NA,0.06,NA,NA,NA,NA,NA,NA,NA,NA,NA,NA,private,Four-year (small),Liberal Arts,Baccalaureate Colleges,Exclusive/Very high undergraduate,suburb,NA,NA,NA,NA,NA,NA,NA,NA,NA,NA,NA,NA,NA,NA
Connecticut College,New London,CT,NA,NA,NA,0.09,NA,NA,NA,NA,most competitive,NA,NA,NA,NA,NA,private,Four-year (small),Liberal Arts,Baccalaureate Colleges,Exclusive/Very high undergraduate,city,NA,NA,NA,NA,NA,NA,NA,NA,NA,NA,NA,NA,NA,NA
Dallas Baptist University,Dallas,TX,3870,1317929,341,0.06,NA,NA,NA,33620,NA,NA,NA,NA,NA,288,private,Four-year (median),National,Doctoral Universities,Majority undergraduate,city,NA,NA,NA,NA,NA,NA,NA,NA,NA,NA,2874,NA,NA,NA
Davidson College,Davidson,NC,NA,NA,NA,0.08,NA,NA,NA,NA,most competitive,NA,NA,NA,NA,NA,private,Four-year (small),Liberal Arts,Baccalaureate Colleges,Exclusive/Very high undergraduate,suburb,NA,NA,NA,NA,NA,NA,NA,NA,NA,NA,NA,NA,NA,NA
Denison University,Granville,OH,NA,NA,NA,0.17,397,NA,397,NA,highly competitive plus,NA,NA,NA,NA,NA,private,Four-year (small),Liberal Arts,Baccalaureate Colleges,Exclusive/Very high undergraduate,suburb,NA,NA,NA,NA,NA,NA,NA,NA,NA,NA,NA,NA,NA,NA
DePauw University,Greencastle,IN,NA,NA,NA,0.17,278,NA,278,NA,NA,NA,NA,NA,NA,NA,private,Four-year (small),Liberal Arts,Baccalaureate Colleges,Exclusive/Very high undergraduate,town or rural,NA,NA,NA,NA,NA,NA,NA,NA,NA,NA,NA,NA,NA,NA
Dickinson College,Carlisle,PA,NA,NA,NA,0.11,209,NA,209,NA,highly competitive plus,NA,NA,NA,NA,NA,private,Four-year (small),Liberal Arts,Baccalaureate Colleges,Exclusive/Very high undergraduate,city,NA,NA,NA,NA,NA,NA,NA,NA,NA,NA,NA,NA,NA,NA
Drew University,Madison,NJ,NA,NA,NA,0.11,442,NA,442,NA,NA,NA,NA,NA,NA,NA,private,Four-year (small),Liberal Arts,Baccalaureate Colleges,Majority undergraduate,suburb,NA,NA,NA,NA,NA,NA,NA,NA,NA,NA,NA,NA,NA,NA
Earlham College,Richmond,IN,NA,NA,NA,0.2,207,NA,207,NA,very competitive plus,NA,NA,NA,NA,NA,private,Four-year (small),Liberal Arts,Baccalaureate Colleges,Exclusive/Very high undergraduate,town or rural,NA,NA,NA,NA,NA,NA,NA,NA,NA,NA,NA,NA,NA,NA
Emerson College,Boston,MA,13943,673184,48,NA,640,NA,640,NA,highly competitive,NA,NA,NA,NA,NA,private,Four-year (median),NA,Master's Colleges & Universities,Majority undergraduate,city,NA,NA,NA,NA,NA,NA,NA,NA,NA,NA,NA,NA,NA,NA
Fairfax University of America,Fairfax,VA,NA,NA,NA,NA,166,NA,166,NA,NA,NA,NA,NA,NA,NA,private,Four-year (small),NA,Baccalaureate Colleges,Exclusive/Majority graduate,suburb,NA,NA,NA,NA,NA,NA,NA,NA,NA,NA,NA,NA,NA,NA
Fisk University,Nashville,TN,1390,660388,475,0.12,NA,NA,NA,NA,NA,NA,NA,NA,NA,NA,private,Four-year (small),Liberal Arts,Baccalaureate Colleges,Exclusive/Very high undergraduate,city,NA,NA,NA,NA,NA,NA,NA,NA,NA,NA,NA,NA,NA,NA
Florida Institute of Technology,Melbourne,FL,2398,81185,34,0.19,NA,NA,NA,43246,NA,NA,NA,NA,NA,206,private,Four-year (median),National,Doctoral Universities,Majority undergraduate,city,NA,NA,NA,NA,NA,NA,NA,NA,NA,NA,3475,NA,NA,NA
Franklin and Marshall College,Lancaster,PA,8191,59218,7,0.18,430,NA,430,NA,most competitive,NA,NA,NA,NA,NA,private,Four-year (small),Liberal Arts,Baccalaureate Colleges,Exclusive/Very high undergraduate,city,NA,NA,NA,NA,NA,NA,NA,NA,NA,NA,NA,NA,NA,NA
Gallaudet University,Washington,DC,11158,681170,61,0.05,NA,NA,NA,17112,NA,NA,NA,NA,NA,129,private,Four-year (small),National,Doctoral Universities,Majority undergraduate,city,NA,NA,NA,NA,NA,NA,NA,NA,NA,NA,1019,NA,NA,NA
Gannon University,Erie,PA,5167,98593,19,0.1,NA,NA,NA,34526,NA,NA,NA,NA,NA,227,private,Four-year (median),National,Doctoral Universities,Majority undergraduate,city,NA,NA,NA,NA,NA,NA,NA,NA,NA,NA,3208,NA,NA,NA
Gettysburg College,Gettysburg,PA,NA,NA,NA,0.05,NA,NA,NA,NA,highly competitive plus,NA,NA,NA,NA,NA,private,Four-year (small),Liberal Arts,Baccalaureate Colleges,Exclusive/Very high undergraduate,city,NA,NA,NA,NA,NA,NA,NA,NA,NA,NA,NA,NA,NA,NA
Gordon College,Wenham,MA,NA,NA,NA,0.08,NA,NA,NA,NA,NA,NA,NA,NA,NA,NA,private,Four-year (small),Liberal Arts,Baccalaureate Colleges,Majority undergraduate,suburb,NA,NA,NA,NA,NA,NA,NA,NA,NA,NA,NA,NA,NA,NA
Grinnell College,Grinnell,IA,NA,NA,NA,0.2,346,NA,346,NA,highly competitive,NA,NA,NA,NA,NA,private,Four-year (small),Liberal Arts,Baccalaureate Colleges,Exclusive/Very high undergraduate,town or rural,NA,NA,NA,NA,NA,NA,NA,NA,NA,NA,NA,NA,NA,NA
Hamilton College,Clinton,NY,NA,NA,NA,0.07,NA,NA,NA,NA,most competitive,NA,NA,NA,NA,NA,private,Four-year (small),Liberal Arts,Baccalaureate Colleges,Exclusive/Very high undergraduate,suburb,NA,NA,NA,NA,NA,NA,NA,NA,NA,NA,NA,NA,NA,NA
Hampshire College,Amherst,MA,NA,NA,NA,0.06,NA,NA,NA,NA,highly competitive,NA,NA,NA,NA,NA,private,Four-year (small),Liberal Arts,Baccalaureate Colleges,Exclusive/Very high undergraduate,suburb,NA,NA,NA,NA,NA,NA,NA,NA,NA,NA,NA,NA,NA,NA
Harding University,Searcy,AR,NA,NA,NA,0.06,NA,NA,NA,22470,NA,NA,NA,NA,NA,250,private,Four-year (median),National,Doctoral Universities,Majority undergraduate,town or rural,NA,NA,NA,NA,NA,NA,NA,NA,NA,NA,3574,NA,NA,NA
Harvey Mudd College,Claremont,CA,NA,NA,NA,0.09,NA,NA,NA,NA,most competitive,NA,NA,NA,NA,NA,private,Four-year (small),Liberal Arts,Baccalaureate Colleges,Exclusive/Very high undergraduate,suburb,NA,NA,NA,NA,NA,NA,NA,NA,NA,NA,NA,NA,NA,NA
Haverford College,Haverford,PA,NA,NA,NA,0.11,NA,NA,NA,NA,most competitive,NA,NA,NA,NA,NA,private,Four-year (small),Liberal Arts,Baccalaureate Colleges,Exclusive/Very high undergraduate,suburb,NA,NA,NA,NA,NA,NA,NA,NA,NA,NA,NA,NA,NA,NA
Hollins University,Roanoke,VA,2342,99660,43,0.09,NA,NA,NA,NA,NA,NA,NA,NA,NA,NA,private,Four-year (small),Liberal Arts,Baccalaureate Colleges,Exclusive/Very high undergraduate,suburb,NA,NA,NA,NA,NA,NA,NA,NA,NA,NA,NA,NA,NA,NA
Juniata College,Huntingdon,PA,NA,NA,NA,0.07,NA,NA,NA,NA,NA,NA,NA,NA,NA,NA,private,Four-year (small),Liberal Arts,Baccalaureate Colleges,Exclusive/Very high undergraduate,town or rural,NA,NA,NA,NA,NA,NA,NA,NA,NA,NA,NA,NA,NA,NA
Kenyon College,Gambier,OH,NA,NA,NA,0.1,NA,NA,NA,NA,most competitive,NA,NA,NA,NA,NA,private,Four-year (small),Liberal Arts,Baccalaureate Colleges,Exclusive/Very high undergraduate,town or rural,NA,NA,NA,NA,NA,NA,NA,NA,NA,NA,NA,NA,NA,NA
Knox College,Galesburg,IL,NA,NA,NA,0.16,NA,NA,NA,NA,highly competitive plus,NA,NA,NA,NA,NA,private,Four-year (small),Liberal Arts,Baccalaureate Colleges,Exclusive/Very high undergraduate,town or rural,NA,NA,NA,NA,NA,NA,NA,NA,NA,NA,NA,NA,NA,NA
Lafayette College,Easton,PA,NA,NA,NA,0.08,255,NA,255,NA,most competitive,NA,NA,NA,NA,NA,private,Four-year (small),Liberal Arts,Baccalaureate Colleges,Exclusive/Very high undergraduate,suburb,NA,NA,NA,NA,NA,NA,NA,NA,NA,NA,NA,NA,NA,NA
Lake Forest College,Lake Forest,IL,NA,NA,NA,0.16,NA,NA,NA,NA,very competitive plus,NA,NA,NA,NA,NA,private,Four-year (small),Liberal Arts,Baccalaureate Colleges,Exclusive/Very high undergraduate,suburb,NA,NA,NA,NA,NA,NA,NA,NA,NA,NA,NA,NA,NA,NA
Lawrence Technological University,Southfield,MI,2783,73100,26,NA,597,NA,597,NA,NA,NA,NA,NA,NA,NA,private,Four-year (small),NA,Master's Colleges & Universities,Majority undergraduate,city,NA,NA,NA,NA,NA,NA,NA,NA,NA,NA,NA,NA,NA,NA
Lawrence University,Appleton,WI,3057,74370,24,0.12,NA,NA,NA,NA,highly competitive plus,NA,NA,NA,NA,NA,private,Four-year (small),Liberal Arts,Baccalaureate Colleges,Exclusive/Very high undergraduate,city,NA,NA,NA,NA,NA,NA,NA,NA,NA,NA,NA,NA,NA,NA
Lincoln Memorial University,Harrogate,TN,NA,NA,NA,0.06,NA,NA,NA,24210,NA,NA,NA,NA,NA,252,private,Four-year (median),National,Doctoral Universities,Exclusive/Majority graduate,town or rural,NA,NA,NA,NA,NA,NA,NA,NA,NA,NA,1817,NA,NA,NA
Loma Linda University,Loma Linda,CA,NA,NA,NA,NA,327,NA,327,NA,NA,NA,NA,NA,NA,NA,private,Four-year (median),NA,Doctoral Universities,Exclusive/Majority graduate,suburb,NA,NA,NA,NA,NA,NA,NA,NA,NA,NA,NA,NA,NA,NA
Loyola Marymount University,Los Angeles,CA,8484,3976322,469,0.1,NA,NA,NA,53051,NA,NA,NA,NA,NA,77,private,Four-year (median),National,Doctoral Universities,Majority undergraduate,city,NA,NA,NA,NA,NA,NA,NA,NA,NA,NA,6673,NA,NA,NA
Luther College,Decorah,IA,NA,NA,NA,0.1,NA,NA,NA,NA,NA,NA,NA,NA,NA,NA,private,Four-year (small),Liberal Arts,Baccalaureate Colleges,Exclusive/Very high undergraduate,town or rural,NA,NA,NA,NA,NA,NA,NA,NA,NA,NA,NA,NA,NA,NA
Lynn University,Boca Raton,FL,3277,96114,29,NA,542,NA,542,NA,NA,NA,NA,NA,NA,NA,private,Four-year (small),NA,Master's Colleges & Universities,Majority undergraduate,city,NA,NA,NA,NA,NA,NA,NA,NA,NA,NA,NA,NA,NA,NA
Lyon College,Batesville,AR,NA,NA,NA,0.08,NA,NA,NA,NA,highly competitive,NA,NA,NA,NA,NA,private,Four-year (small),Liberal Arts,Baccalaureate Colleges,Exclusive/Very high undergraduate,town or rural,NA,NA,NA,NA,NA,NA,NA,NA,NA,NA,NA,NA,NA,NA
Macalester College,St. Paul,MN,5818,302398,52,0.13,388,NA,388,NA,most competitive,NA,NA,NA,NA,NA,private,Four-year (small),Liberal Arts,Baccalaureate Colleges,Exclusive/Very high undergraduate,city,NA,NA,NA,NA,NA,NA,NA,NA,NA,NA,NA,NA,NA,NA
Maryland Institute College of Art,Baltimore,MD,7594,614664,81,NA,541,NA,541,NA,NA,NA,NA,NA,NA,NA,private,Four-year (small),NA,Special Focus Four-Year,Majority undergraduate,city,NA,NA,NA,NA,NA,NA,NA,NA,NA,NA,NA,NA,NA,NA
Marymount University,Arlington,VA,NA,NA,NA,0.14,NA,NA,NA,NA,NA,NA,NA,NA,NA,NA,private,Four-year (small),National,Doctoral Universities,Majority undergraduate,city,NA,NA,NA,NA,NA,NA,NA,NA,NA,NA,NA,NA,NA,NA
Maryville College,Maryville,TN,NA,NA,NA,0.05,NA,NA,NA,NA,NA,NA,NA,NA,NA,NA,private,Four-year (small),Liberal Arts,Baccalaureate Colleges,Exclusive/Very high undergraduate,suburb,NA,NA,NA,NA,NA,NA,NA,NA,NA,NA,NA,NA,NA,NA
MCPHS University,Boston,MA,13943,673184,48,NA,941,NA,941,NA,NA,NA,NA,NA,NA,NA,private,Four-year (median),NA,Special Focus Four-Year,Majority undergraduate,city,NA,NA,NA,NA,NA,NA,NA,NA,NA,NA,NA,NA,NA,NA
Menlo College,Atherton,CA,NA,NA,NA,NA,170,NA,170,NA,NA,NA,NA,NA,NA,NA,private,Four-year (small),NA,Special Focus Four-Year,Exclusive/Very high undergraduate,suburb,NA,NA,NA,NA,NA,NA,NA,NA,NA,NA,NA,NA,NA,NA
Middlebury College,Middlebury,VT,NA,NA,NA,0.11,293,NA,293,NA,most competitive,NA,NA,NA,NA,NA,private,Four-year (small),Liberal Arts,Baccalaureate Colleges,Exclusive/Very high undergraduate,town or rural,NA,NA,NA,NA,NA,NA,NA,NA,NA,NA,NA,NA,NA,NA
Missouri Valley College,Marshall,MO,NA,NA,NA,NA,283,NA,283,NA,NA,NA,NA,NA,NA,NA,private,Four-year (small),NA,Baccalaureate Colleges,Exclusive/Very high undergraduate,town or rural,NA,NA,NA,NA,NA,NA,NA,NA,NA,NA,NA,NA,NA,NA
Moody Bible Institute,Chicago,IL,11883,2704958,228,NA,164,NA,164,NA,NA,NA,NA,NA,NA,NA,private,Four-year (small),NA,Special Focus Four-Year,Majority undergraduate,city,NA,NA,NA,NA,NA,NA,NA,NA,NA,NA,NA,NA,NA,NA
Mount Holyoke College,South Hadley,MA,NA,NA,NA,0.24,646,NA,646,NA,highly competitive plus,NA,NA,NA,NA,NA,private,Four-year (small),Liberal Arts,Baccalaureate Colleges,Exclusive/Very high undergraduate,suburb,NA,NA,NA,NA,NA,NA,NA,NA,NA,NA,NA,NA,NA,NA
New York School of Interior Design,New York,NY,28211,8537673,303,NA,117,NA,117,NA,NA,NA,NA,NA,NA,NA,private,Four-year (small),NA,Special Focus Four-Year,Majority undergraduate,city,NA,NA,NA,NA,NA,NA,NA,NA,NA,NA,NA,NA,NA,NA
Niagara University,Niagara University,NY,NA,NA,NA,NA,661,NA,661,NA,NA,NA,NA,NA,NA,NA,private,Four-year (median),NA,Master's Colleges & Universities,Majority undergraduate,suburb,NA,NA,NA,NA,NA,NA,NA,NA,NA,NA,NA,NA,NA,NA
Nova Southeastern University,Ft. Lauderdale,FL,NA,NA,NA,0.05,NA,NA,NA,34570,NA,NA,NA,NA,NA,218,private,Four-year (large),National,Doctoral Universities,Exclusive/Majority graduate,suburb,NA,NA,NA,NA,NA,NA,NA,NA,NA,NA,6314,NA,NA,NA
Oakland City University,Oakland City,IN,NA,NA,NA,0.07,NA,NA,NA,NA,NA,NA,NA,NA,NA,NA,private,Four-year (small),National,Doctoral Universities,Majority undergraduate,town or rural,NA,NA,NA,NA,NA,NA,NA,NA,NA,NA,NA,NA,NA,NA
Oberlin College,Oberlin,OH,NA,NA,NA,0.11,342,NA,342,NA,most competitive,NA,NA,NA,NA,NA,private,Four-year (small),Liberal Arts,Baccalaureate Colleges,Exclusive/Very high undergraduate,town or rural,NA,NA,NA,NA,NA,NA,NA,NA,NA,NA,NA,NA,NA,NA
Occidental College,Los Angeles,CA,8484,3976322,469,0.06,NA,NA,NA,NA,most competitive,NA,NA,NA,NA,NA,private,Four-year (small),Liberal Arts,Baccalaureate Colleges,Exclusive/Very high undergraduate,city,NA,NA,NA,NA,NA,NA,NA,NA,NA,NA,NA,NA,NA,NA
Oglethorpe University,Atlanta,GA,3549,472522,133,0.1,NA,NA,NA,NA,NA,NA,NA,NA,NA,NA,private,Four-year (small),Liberal Arts,Baccalaureate Colleges,Exclusive/Very high undergraduate,suburb,NA,NA,NA,NA,NA,NA,NA,NA,NA,NA,NA,NA,NA,NA
Ohio Wesleyan University,Delaware,OH,NA,NA,NA,0.07,NA,NA,NA,NA,NA,NA,NA,NA,NA,NA,private,Four-year (small),Liberal Arts,Baccalaureate Colleges,Exclusive/Very high undergraduate,suburb,NA,NA,NA,NA,NA,NA,NA,NA,NA,NA,NA,NA,NA,NA
Oklahoma City University,Oklahoma City,OK,1053,638367,606,0.06,NA,NA,NA,32744,NA,NA,NA,NA,NA,244,private,Four-year (small),National,Doctoral Universities,Majority undergraduate,city,NA,NA,NA,NA,NA,NA,NA,NA,NA,NA,1526,NA,NA,NA
Oral Roberts University,Tulsa,OK,2049,403090,197,0.15,NA,NA,NA,NA,NA,NA,NA,NA,NA,NA,private,Four-year (median),National,Master's Colleges & Universities,Majority undergraduate,city,NA,NA,NA,NA,NA,NA,NA,NA,NA,NA,NA,NA,NA,NA
Otis College of Art and Design,Los Angeles,CA,8484,3976322,469,NA,241,NA,241,NA,NA,NA,NA,NA,NA,NA,private,Four-year (small),NA,Special Focus Four-Year,Exclusive/Very high undergraduate,city,NA,NA,NA,NA,NA,NA,NA,NA,NA,NA,NA,NA,NA,NA
Pace University,New York,NY,28211,8537673,303,0.07,NA,NA,NA,48830,NA,NA,NA,NA,NA,219,private,Four-year (large),National,Doctoral Universities,Majority undergraduate,city,NA,NA,NA,NA,NA,NA,NA,NA,NA,NA,7994,NA,NA,NA
Pepperdine University,Malibu,CA,NA,NA,NA,0.09,NA,NA,NA,59702,highly competitive,NA,NA,NA,NA,52,private,Four-year (median),National,Doctoral Universities,Exclusive/Majority graduate,suburb,NA,NA,NA,NA,NA,NA,NA,NA,NA,NA,3459,NA,NA,NA
Pitzer College,Claremont,CA,NA,NA,NA,0.07,NA,NA,NA,NA,highly competitive,NA,NA,NA,NA,NA,private,Four-year (small),Liberal Arts,Baccalaureate Colleges,Exclusive/Very high undergraduate,suburb,NA,NA,NA,NA,NA,NA,NA,NA,NA,NA,NA,NA,NA,NA
Pomona College,Claremont,CA,NA,NA,NA,0.11,NA,NA,NA,NA,most competitive,NA,NA,NA,NA,NA,private,Four-year (small),Liberal Arts,Baccalaureate Colleges,Exclusive/Very high undergraduate,suburb,NA,NA,NA,NA,NA,NA,NA,NA,NA,NA,NA,NA,NA,NA
Principia College,Elsah,IL,NA,NA,NA,0.24,NA,NA,NA,NA,NA,NA,NA,NA,NA,NA,private,Four-year (small),Liberal Arts,Baccalaureate Colleges,Exclusive/Very high undergraduate,town or rural,NA,NA,NA,NA,NA,NA,NA,NA,NA,NA,NA,NA,NA,NA
Randolph College,Lynchburg,VA,1633,80212,49,0.05,NA,NA,NA,NA,NA,NA,NA,NA,NA,NA,private,Four-year (small),Liberal Arts,Baccalaureate Colleges,Majority undergraduate,city,NA,NA,NA,NA,NA,NA,NA,NA,NA,NA,NA,NA,NA,NA
Rhode Island School of Design,Providence,RI,9740,179219,18,NA,1077,NA,1077,NA,NA,NA,NA,NA,NA,NA,private,Four-year (small),NA,Master's Colleges & Universities,Majority undergraduate,city,NA,NA,NA,NA,NA,NA,NA,NA,NA,NA,NA,NA,NA,NA
Rhodes College,Memphis,TN,2072,652717,315,0.06,NA,NA,NA,NA,highly competitive plus,NA,NA,NA,NA,NA,private,Four-year (small),Liberal Arts,Baccalaureate Colleges,Exclusive/Very high undergraduate,city,NA,NA,NA,NA,NA,NA,NA,NA,NA,NA,NA,NA,NA,NA
Ringling College of Art and Design,Sarasota,FL,3862,56610,15,NA,346,NA,346,NA,NA,NA,NA,NA,NA,NA,private,Four-year (small),NA,Special Focus Four-Year,Exclusive/Very high undergraduate,city,NA,NA,NA,NA,NA,NA,NA,NA,NA,NA,NA,NA,NA,NA
Robert Morris University,Moon Township,PA,NA,NA,NA,0.06,NA,NA,NA,32770,NA,NA,NA,NA,NA,189,private,Four-year (median),National,Doctoral Universities,Exclusive/Very high undergraduate,suburb,NA,NA,NA,NA,NA,NA,NA,NA,NA,NA,3312,NA,NA,NA
Rose-Hulman Institute of Technology,Terre Haute,IN,1762,60852,35,NA,255,NA,255,NA,most competitive,NA,NA,NA,NA,NA,private,Four-year (small),NA,Special Focus Four-Year,Exclusive/Very high undergraduate,city,NA,NA,NA,NA,NA,NA,NA,NA,NA,NA,NA,NA,NA,NA
Saint Leo University,Saint Leo,FL,NA,NA,NA,0.14,NA,NA,NA,NA,NA,NA,NA,NA,NA,NA,private,Four-year (median),National,Doctoral Universities,Majority undergraduate,suburb,NA,NA,NA,NA,NA,NA,NA,NA,NA,NA,NA,NA,NA,NA
San Francisco Conservatory of Music,San Francisco,CA,18581,870887,47,NA,139,NA,139,NA,NA,NA,NA,NA,NA,NA,private,Four-year (small),NA,Special Focus Four-Year,Majority undergraduate,city,NA,NA,NA,NA,NA,NA,NA,NA,NA,NA,NA,NA,NA,NA
Santa Clara University,Santa Clara,CA,6841,125948,18,0.06,NA,NA,NA,55860,highly competitive,NA,NA,NA,NA,57,private,Four-year (median),National,Doctoral Universities,Majority undergraduate,city,NA,NA,NA,NA,NA,NA,NA,NA,NA,NA,5608,NA,NA,NA
Sarah Lawrence College,Bronxville,NY,NA,NA,NA,0.07,NA,NA,NA,NA,highly competitive,NA,NA,NA,NA,NA,private,Four-year (small),Liberal Arts,Baccalaureate Colleges,Majority undergraduate,suburb,NA,NA,NA,NA,NA,NA,NA,NA,NA,NA,NA,NA,NA,NA
Savannah College of Art and Design,Savannah,GA,1423,146763,103,NA,4083,NA,4083,NA,NA,NA,NA,NA,NA,NA,private,Four-year (large),NA,Master's Colleges & Universities,Majority undergraduate,city,NA,NA,NA,NA,NA,NA,NA,NA,NA,NA,NA,NA,NA,NA
School of the Art Institute of Chicago,Chicago,IL,11883,2704958,228,NA,1092,NA,1092,NA,NA,NA,NA,NA,NA,NA,private,Four-year (small),NA,Special Focus Four-Year,Majority undergraduate,city,NA,NA,NA,NA,NA,NA,NA,NA,NA,NA,NA,NA,NA,NA
Seattle Pacific University,Seattle,WA,8391,704352,84,0.05,NA,NA,NA,35646,NA,NA,NA,NA,NA,232,private,Four-year (median),National,Doctoral Universities,Majority undergraduate,city,NA,NA,NA,NA,NA,NA,NA,NA,NA,NA,2702,NA,NA,NA
Skidmore College,Saratoga Springs,NY,NA,NA,NA,0.09,291,NA,291,NA,highly competitive plus,NA,NA,NA,NA,NA,private,Four-year (small),Liberal Arts,Baccalaureate Colleges,Exclusive/Very high undergraduate,suburb,NA,NA,NA,NA,NA,NA,NA,NA,NA,NA,NA,NA,NA,NA
Soka University of America,Aliso Viejo,CA,6884,51424,7,0.49,221,NA,221,NA,NA,NA,NA,NA,NA,NA,private,Four-year (small),Liberal Arts,Baccalaureate Colleges,Exclusive/Very high undergraduate,suburb,NA,NA,NA,NA,NA,NA,NA,NA,NA,NA,NA,NA,NA,NA
St. Thomas University,Miami Gardens,FL,6202,113058,18,0.11,NA,NA,NA,NA,NA,NA,NA,NA,NA,NA,private,Four-year (median),National,Doctoral Universities,Exclusive/Majority graduate,suburb,NA,NA,NA,NA,NA,NA,NA,NA,NA,NA,NA,NA,NA,NA
Suffolk University,Boston,MA,13943,673184,48,0.15,1273,NA,1273,NA,NA,NA,NA,NA,NA,NA,private,Four-year (median),National,Doctoral Universities,Majority undergraduate,city,NA,NA,NA,NA,NA,NA,NA,NA,NA,NA,NA,NA,NA,NA
Swarthmore College,Swarthmore,PA,NA,NA,NA,0.16,NA,NA,NA,NA,most competitive,NA,NA,NA,NA,NA,private,Four-year (small),Liberal Arts,Baccalaureate Colleges,Exclusive/Very high undergraduate,suburb,NA,NA,NA,NA,NA,NA,NA,NA,NA,NA,NA,NA,NA,NA
Sweet Briar College,Sweet Briar,VA,NA,NA,NA,0.06,NA,NA,NA,NA,NA,NA,NA,NA,NA,NA,private,Four-year (small),Liberal Arts,Baccalaureate Colleges,Exclusive/Very high undergraduate,suburb,NA,NA,NA,NA,NA,NA,NA,NA,NA,NA,NA,NA,NA,NA
Texas Christian University,Fort Worth,TX,2513,854113,340,0.05,NA,NA,NA,51660,highly competitive,NA,NA,NA,NA,90,private,Four-year (large),National,Doctoral Universities,Majority undergraduate,city,NA,NA,NA,NA,NA,NA,NA,NA,NA,NA,9704,NA,NA,NA
The Juilliard School,New York,NY,28211,8537673,303,NA,300,NA,300,NA,NA,NA,NA,NA,NA,NA,private,Four-year (small),NA,Special Focus Four-Year,Majority undergraduate,city,NA,NA,NA,NA,NA,NA,NA,NA,NA,NA,NA,NA,NA,NA
The King's College,New York,NY,28211,8537673,303,0.06,NA,NA,NA,NA,NA,NA,NA,NA,NA,NA,private,Four-year (small),Liberal Arts,Baccalaureate Colleges,Exclusive/Very high undergraduate,city,NA,NA,NA,NA,NA,NA,NA,NA,NA,NA,NA,NA,NA,NA
The University of Tampa,Tampa,FL,3326,377165,113,NA,832,NA,832,NA,NA,NA,NA,NA,NA,NA,private,Four-year (median),NA,Master's Colleges & Universities,Exclusive/Very high undergraduate,city,NA,NA,NA,NA,NA,NA,NA,NA,NA,NA,NA,NA,NA,NA
Thomas Aquinas College,Santa Paula,CA,NA,NA,NA,0.05,NA,NA,NA,NA,highly competitive plus,NA,NA,NA,NA,NA,private,Four-year (small),Liberal Arts,Baccalaureate Colleges,Exclusive/Very high undergraduate,town or rural,NA,NA,NA,NA,NA,NA,NA,NA,NA,NA,NA,NA,NA,NA
Trevecca Nazarene University,Nashville,TN,1390,660388,475,0.1,NA,NA,NA,26898,NA,NA,NA,NA,NA,353,private,Four-year (median),National,Doctoral Universities,Exclusive/Majority graduate,city,NA,NA,NA,NA,NA,NA,NA,NA,NA,NA,2095,NA,NA,NA
Trinity College,Hartford,CT,7091,123243,17,0.13,338,NA,338,NA,highly competitive,NA,NA,NA,NA,NA,private,Four-year (small),Liberal Arts,Baccalaureate Colleges,Exclusive/Very high undergraduate,city,NA,NA,NA,NA,NA,NA,NA,NA,NA,NA,NA,NA,NA,NA
Union College,Schenectady,NY,6022,64913,11,0.1,228,NA,228,NA,highly competitive,NA,NA,NA,NA,NA,private,Four-year (small),Liberal Arts,Master's Colleges & Universities,Majority undergraduate,town or rural,NA,NA,NA,NA,NA,NA,NA,NA,NA,NA,NA,NA,NA,NA
University of Charleston,Charleston,WV,NA,NA,NA,0.07,NA,NA,NA,31400,NA,NA,NA,NA,NA,362,private,Four-year (small),National,Doctoral Universities,Majority undergraduate,city,NA,NA,NA,NA,NA,NA,NA,NA,NA,NA,2115,NA,NA,NA
University of Detroit Mercy,Detroit,MI,4849,672795,139,0.07,NA,NA,NA,30154,NA,NA,NA,NA,NA,192,private,Four-year (median),National,Doctoral Universities,Majority undergraduate,city,NA,NA,NA,NA,NA,NA,NA,NA,NA,NA,2633,NA,NA,NA
University of Indianapolis,Indianapolis,IN,2366,855164,361,0.07,NA,NA,NA,33520,NA,NA,NA,NA,NA,246,private,Four-year (median),National,Doctoral Universities,Majority undergraduate,city,NA,NA,NA,NA,NA,NA,NA,NA,NA,NA,4168,NA,NA,NA
University of La Verne,La Verne,CA,NA,NA,NA,0.05,NA,NA,NA,45850,NA,NA,NA,NA,NA,141,private,Four-year (median),National,Doctoral Universities,Majority undergraduate,suburb,NA,NA,NA,NA,NA,NA,NA,NA,NA,NA,2484,NA,NA,NA
University of New Haven,West Haven,CT,5071,54516,11,NA,1084,NA,1084,NA,NA,NA,NA,NA,NA,NA,private,Four-year (median),NA,Master's Colleges & Universities,Majority undergraduate,suburb,NA,NA,NA,NA,NA,NA,NA,NA,NA,NA,NA,NA,NA,NA
University of Richmond,Univ. of Richmond,VA,NA,NA,NA,0.09,308,NA,308,NA,most competitive,NA,NA,NA,NA,NA,private,Four-year (median),Liberal Arts,Baccalaureate Colleges,Majority undergraduate,city,NA,NA,NA,NA,NA,NA,NA,NA,NA,NA,NA,NA,NA,NA
University of the Ozarks,Clarksville,AR,NA,NA,NA,NA,236,NA,236,NA,NA,NA,NA,NA,NA,NA,private,Four-year (small),NA,Baccalaureate Colleges,Exclusive/Very high undergraduate,town or rural,NA,NA,NA,NA,NA,NA,NA,NA,NA,NA,NA,NA,NA,NA
University of Western States,Portland,OR,4795,639863,133,NA,188,NA,188,NA,NA,NA,NA,NA,NA,NA,private,Four-year (small),NA,Doctoral Universities,Exclusive/Majority graduate,city,NA,NA,NA,NA,NA,NA,NA,NA,NA,NA,NA,NA,NA,NA
Vassar College,Poughkeepsie,NY,NA,NA,NA,0.08,242,NA,242,NA,most competitive,NA,NA,NA,NA,NA,private,Four-year (small),Liberal Arts,Baccalaureate Colleges,Exclusive/Very high undergraduate,suburb,NA,NA,NA,NA,NA,NA,NA,NA,NA,NA,NA,NA,NA,NA
Walsh University,North Canton,OH,NA,NA,NA,0.08,NA,NA,NA,NA,NA,NA,NA,NA,NA,NA,private,Four-year (small),National,Doctoral Universities,Majority undergraduate,suburb,NA,NA,NA,NA,NA,NA,NA,NA,NA,NA,NA,NA,NA,NA
Wartburg College,Waverly,IA,NA,NA,NA,0.06,NA,NA,NA,NA,NA,NA,NA,NA,NA,NA,private,Four-year (small),Liberal Arts,Baccalaureate Colleges,Exclusive/Very high undergraduate,town or rural,NA,NA,NA,NA,NA,NA,NA,NA,NA,NA,NA,NA,NA,NA
Washington and Lee University,Lexington,VA,NA,NA,NA,0.05,NA,NA,NA,NA,most competitive,NA,NA,NA,NA,NA,private,Four-year (small),Liberal Arts,Baccalaureate Colleges,Majority undergraduate,town or rural,NA,NA,NA,NA,NA,NA,NA,NA,NA,NA,NA,NA,NA,NA
Wellesley College,Wellesley,MA,NA,NA,NA,0.14,384,NA,384,NA,most competitive,NA,NA,NA,NA,NA,private,Four-year (small),Liberal Arts,Baccalaureate Colleges,Exclusive/Very high undergraduate,suburb,NA,NA,NA,NA,NA,NA,NA,NA,NA,NA,NA,NA,NA,NA
Wesleyan University,Middletown,CT,NA,NA,NA,0.11,339,NA,339,NA,most competitive,NA,NA,NA,NA,NA,private,Four-year (small),Liberal Arts,Baccalaureate Colleges,Exclusive/Very high undergraduate,city,NA,NA,NA,NA,NA,NA,NA,NA,NA,NA,NA,NA,NA,NA
Whitman College,Walla Walla,WA,NA,NA,NA,0.1,NA,NA,NA,NA,most competitive,NA,NA,NA,NA,NA,private,Four-year (small),Liberal Arts,Baccalaureate Colleges,Exclusive/Very high undergraduate,city,NA,NA,NA,NA,NA,NA,NA,NA,NA,NA,NA,NA,NA,NA
Whittier College,Whittier,CA,5931,86883,15,0.07,NA,NA,NA,NA,NA,NA,NA,NA,NA,NA,private,Four-year (small),Liberal Arts,Baccalaureate Colleges,Exclusive/Very high undergraduate,suburb,NA,NA,NA,NA,NA,NA,NA,NA,NA,NA,NA,NA,NA,NA
Wilkes University,Wilkes-Barre,PA,NA,NA,NA,0.06,NA,NA,NA,39914,NA,NA,NA,NA,NA,226,private,Four-year (median),National,Doctoral Universities,Majority undergraduate,city,NA,NA,NA,NA,NA,NA,NA,NA,NA,NA,2243,NA,NA,NA
Williams College,Williamstown,MA,NA,NA,NA,0.08,NA,NA,NA,NA,most competitive,NA,NA,NA,NA,NA,private,Four-year (small),Liberal Arts,Baccalaureate Colleges,Exclusive/Very high undergraduate,town or rural,NA,NA,NA,NA,NA,NA,NA,NA,NA,NA,NA,NA,NA,NA
Wingate University,Wingate,NC,NA,NA,NA,0.06,NA,NA,NA,40170,NA,NA,NA,NA,NA,390,private,Four-year (median),National,Doctoral Universities,Majority undergraduate,suburb,NA,NA,NA,NA,NA,NA,NA,NA,NA,NA,2683,NA,NA,NA
Academy of Art University,San Francisco,CA,18581,870887,47,NA,2747,NA,2747,NA,NA,NA,NA,NA,NA,NA,private,Four-year (median),NA,Master's Colleges & Universities,Majority undergraduate,city,NA,NA,NA,NA,NA,NA,NA,NA,NA,NA,NA,NA,NA,NA
Full Sail University,Winter Park,FL,NA,NA,NA,NA,586,NA,586,NA,NA,NA,NA,NA,NA,NA,private,Four-year (large),NA,Master's Colleges & Universities,Exclusive/Very high undergraduate,suburb,NA,NA,NA,NA,NA,NA,NA,NA,NA,NA,NA,NA,NA,NA
Monroe College,New Rochelle,NY,7687,79557,10,NA,1094,NA,1094,NA,NA,NA,NA,NA,NA,NA,private,Four-year (median),NA,Master's Colleges & Universities,Majority undergraduate,city,NA,NA,NA,NA,NA,NA,NA,NA,NA,NA,NA,NA,NA,NA
Musicians Institute,Hollywood,CA,NA,NA,NA,NA,312,NA,312,NA,NA,NA,NA,NA,NA,NA,private,Four-year (small),NA,Special Focus Four-Year,Exclusive/Very high undergraduate,city,NA,NA,NA,NA,NA,NA,NA,NA,NA,NA,NA,NA,NA,NA
School of Visual Arts,New York,NY,28211,8537673,303,NA,2435,NA,2435,NA,NA,NA,NA,NA,NA,NA,private,Four-year (median),NA,Master's Colleges & Universities,Majority undergraduate,city,NA,NA,NA,NA,NA,NA,NA,NA,NA,NA,NA,NA,NA,NA
Tulane University,New Orleans,LA,2311,391495,169,0.05,1172,1172,NA,60814,NA,NA,NA,401-500,NA,45,private,NA,National,NA,NA,NA,M,1733,6,Very High,NA,NA,NA,NA,NA,NA,7700,NA,NA,26.6
Washington University in St. Louis,St. Louis,MO,5030,311404,62,0.07,3535,3535,NA,58866,NA,1-20,20,101-150,16,16,private,NA,National,NA,NA,NA,L,3193,5,Very High,24.6,55,42.3,53.8,38.6,22.7,7653,NA,42.1,58
Columbia University,New York,NY,28211,8537673,303,NA,15015,11252,15015,63530,NA,1-20,8,1-20,6,2,private,NA,NA,NA,NA,NA,L,7087,4,Very High,67.2,41.8,56.4,71.5,33.7,62.8,6170,NA,58.2,88.7
ArtCenter College of Design,Pasadena,CA,6185,142059,23,NA,1225,NA,1225,NA,NA,NA,NA,NA,NA,NA,NA,NA,NA,NA,NA,NA,NA,NA,NA,NA,NA,NA,NA,NA,NA,NA,NA,NA,NA,NA
Berkeley College - New York,New York,NY,28211,8537673,303,NA,190,NA,190,NA,NA,NA,NA,NA,NA,NA,NA,NA,NA,NA,NA,NA,NA,NA,NA,NA,NA,NA,NA,NA,NA,NA,NA,NA,NA,NA
Brigham Young University - Hawaii,"Laie, Oahu",HI,NA,NA,NA,NA,1392,NA,1392,NA,NA,NA,NA,NA,NA,NA,NA,NA,NA,NA,NA,NA,NA,NA,NA,NA,NA,NA,NA,NA,NA,NA,NA,NA,NA,NA
Brigham Young University - Idaho,Rexburg,ID,NA,NA,NA,NA,1606,NA,1606,NA,NA,NA,NA,NA,NA,NA,NA,NA,NA,NA,NA,NA,NA,NA,NA,NA,NA,NA,NA,NA,NA,NA,NA,NA,NA,NA
California State Polytechnic University - Pomona,Pomona,CA,6645,152494,23,NA,783,NA,783,NA,NA,NA,NA,NA,NA,NA,NA,NA,NA,NA,NA,NA,NA,NA,NA,NA,NA,NA,NA,NA,NA,NA,NA,NA,NA,NA
California State University - East Bay,Hayward,CA,3507,158937,45,NA,852,NA,852,NA,NA,NA,NA,NA,NA,NA,NA,NA,NA,NA,NA,NA,NA,NA,NA,NA,NA,NA,NA,NA,NA,NA,NA,NA,NA,NA
California State University - Fullerton,Fullerton,CA,6296,140721,22,NA,2232,NA,2232,NA,NA,NA,NA,NA,NA,NA,NA,NA,NA,NA,NA,NA,NA,NA,NA,NA,NA,NA,NA,NA,NA,NA,NA,NA,NA,NA
California State University - Los Angeles,Los Angeles,CA,8484,3976322,469,NA,770,NA,770,NA,NA,NA,NA,NA,NA,NA,NA,NA,NA,NA,NA,NA,NA,NA,NA,NA,NA,NA,NA,NA,NA,NA,NA,NA,NA,NA
California State University - Northridge,Northridge,CA,NA,NA,NA,NA,1611,NA,1611,NA,NA,NA,NA,NA,NA,NA,NA,NA,NA,NA,NA,NA,NA,NA,NA,NA,NA,NA,NA,NA,NA,NA,NA,NA,NA,NA
California State University - Sacramento,Sacramento,CA,5058,495234,98,NA,771,NA,771,NA,NA,NA,NA,NA,NA,NA,NA,NA,NA,NA,NA,NA,NA,NA,NA,NA,NA,NA,NA,NA,NA,NA,NA,NA,NA,NA
California State University - Long Beach,Long Beach,CA,9348,470130,50,0.06,1480,NA,1480,NA,NA,NA,NA,NA,NA,NA,NA,NA,National,NA,NA,NA,NA,NA,NA,NA,NA,NA,NA,NA,NA,NA,NA,NA,NA,NA
California State University - San Bernardino,San Bernardino,CA,3653,216239,59,0.05,572,NA,572,NA,NA,NA,NA,NA,NA,NA,NA,NA,National,NA,NA,NA,NA,NA,NA,NA,NA,NA,NA,NA,NA,NA,NA,NA,NA,NA
Central Baptist Theological Seminary,Shawnee,KS,1558,65194,42,NA,187,NA,187,NA,NA,NA,NA,NA,NA,NA,NA,NA,NA,NA,NA,NA,NA,NA,NA,NA,NA,NA,NA,NA,NA,NA,NA,NA,NA,NA
College of Wooster,Wooster,OH,NA,NA,NA,0.15,282,NA,282,NA,very competitive plus,NA,NA,NA,NA,NA,NA,NA,Liberal Arts,NA,NA,NA,NA,NA,NA,NA,NA,NA,NA,NA,NA,NA,NA,NA,NA,NA
CUNY Baruch College,New York,NY,28211,8537673,303,NA,1579,NA,1579,NA,NA,NA,NA,NA,NA,NA,NA,NA,NA,NA,NA,NA,NA,NA,NA,NA,NA,NA,NA,NA,NA,NA,NA,NA,NA,NA
CUNY--City College,New York,NY,28211,8537673,303,0.05,NA,NA,NA,19010,NA,NA,NA,NA,NA,149,NA,NA,National,NA,NA,NA,NA,NA,NA,NA,NA,NA,NA,NA,NA,NA,12587,NA,NA,NA
Embry-Riddle Aeronautical University - Daytona Beach,Daytona Beach,FL,1141,66645,58,NA,1010,NA,1010,NA,NA,NA,NA,NA,NA,NA,NA,NA,NA,NA,NA,NA,NA,NA,NA,NA,NA,NA,NA,NA,NA,NA,NA,NA,NA,NA
Embry-Riddle Aeronautical University - Prescott,Prescott,AZ,NA,NA,NA,NA,257,NA,257,NA,NA,NA,NA,NA,NA,NA,NA,NA,NA,NA,NA,NA,NA,NA,NA,NA,NA,NA,NA,NA,NA,NA,NA,NA,NA,NA
Florida National University,Hialeah,FL,11020,236387,21,NA,635,NA,635,NA,NA,NA,NA,NA,NA,NA,NA,NA,NA,NA,NA,NA,NA,NA,NA,NA,NA,NA,NA,NA,NA,NA,NA,NA,NA,NA
Hobart and William Smith Colleges,Geneva,NY,NA,NA,NA,0.06,NA,NA,NA,NA,NA,NA,NA,NA,NA,NA,NA,NA,Liberal Arts,NA,NA,NA,NA,NA,NA,NA,NA,NA,NA,NA,NA,NA,NA,NA,NA,NA
"Holy Cross College at Notre Dame, Indiana",Notre Dame,IN,NA,NA,NA,0.05,NA,NA,NA,NA,NA,NA,NA,NA,NA,NA,NA,NA,Liberal Arts,NA,NA,NA,NA,NA,NA,NA,NA,NA,NA,NA,NA,NA,NA,NA,NA,NA
Houston Community College System,Houston,TX,3842,2303482,600,NA,3636,NA,3636,NA,NA,NA,NA,NA,NA,NA,NA,NA,NA,NA,NA,NA,NA,NA,NA,NA,NA,NA,NA,NA,NA,NA,NA,NA,NA,NA
Miami University - Middletown,Middletown,OH,NA,NA,NA,NA,309,NA,309,NA,NA,NA,NA,NA,NA,NA,NA,NA,NA,NA,NA,NA,NA,NA,NA,NA,NA,NA,NA,NA,NA,NA,NA,NA,NA,NA
Miami University--Oxford,Oxford,OH,NA,NA,NA,0.06,NA,NA,NA,37379,NA,NA,NA,NA,NA,107,NA,NA,National,NA,NA,NA,NA,NA,NA,NA,NA,NA,NA,NA,NA,NA,16522,NA,NA,NA
Miami-Dade College,Miami,FL,12645,453579,36,NA,974,NA,974,NA,NA,NA,NA,NA,NA,NA,NA,NA,NA,NA,NA,NA,NA,NA,NA,NA,NA,NA,NA,NA,NA,NA,NA,NA,NA,NA
Minnesota State University - Mankato,Mankato,MN,NA,NA,NA,NA,1121,NA,1121,NA,NA,NA,NA,NA,NA,NA,NA,NA,NA,NA,NA,NA,NA,NA,NA,NA,NA,NA,NA,NA,NA,NA,NA,NA,NA,NA
New England Conservatory of Music,Boston,MA,13943,673184,48,NA,317,NA,317,NA,NA,NA,NA,NA,NA,NA,NA,NA,NA,NA,NA,NA,NA,NA,NA,NA,NA,NA,NA,NA,NA,NA,NA,NA,NA,NA
New York Institute of Technology - Old Westbury,Old Westbury,NY,NA,NA,NA,NA,1336,NA,1336,NA,NA,NA,NA,NA,NA,NA,NA,NA,NA,NA,NA,NA,NA,NA,NA,NA,NA,NA,NA,NA,NA,NA,NA,NA,NA,NA
Northeastern University - Boston,Boston,MA,13943,673184,48,NA,15880,NA,15880,NA,NA,NA,NA,NA,NA,NA,NA,NA,NA,NA,NA,NA,NA,NA,NA,NA,NA,NA,NA,NA,NA,NA,NA,NA,NA,NA
Northeastern University - Seattle,Seattle,WA,8391,704352,84,NA,968,NA,968,NA,NA,NA,NA,NA,NA,NA,NA,NA,NA,NA,NA,NA,NA,NA,NA,NA,NA,NA,NA,NA,NA,NA,NA,NA,NA,NA
Ohio State University - Columbus,Columbus,OH,3960,860090,217,NA,6865,NA,6865,NA,NA,NA,NA,NA,NA,NA,NA,NA,NA,NA,NA,NA,NA,NA,NA,NA,NA,NA,NA,NA,NA,NA,NA,NA,NA,NA
Ottawa University - Kansas City,Overland Park,KS,2525,188966,75,NA,199,NA,199,NA,NA,NA,NA,NA,NA,NA,NA,NA,NA,NA,NA,NA,NA,NA,NA,NA,NA,NA,NA,NA,NA,NA,NA,NA,NA,NA
Pennsylvania State University - Penn State Abington,Abington,PA,NA,NA,NA,NA,367,NA,367,NA,NA,NA,NA,NA,NA,NA,NA,NA,NA,NA,NA,NA,NA,NA,NA,NA,NA,NA,NA,NA,NA,NA,NA,NA,NA,NA
Pennsylvania State University - Penn State Harrisburg,Middletown,PA,NA,NA,NA,NA,654,NA,654,NA,NA,NA,NA,NA,NA,NA,NA,NA,NA,NA,NA,NA,NA,NA,NA,NA,NA,NA,NA,NA,NA,NA,NA,NA,NA,NA
Peralta Community College District,Oakland,CA,7528,420005,56,NA,602,NA,602,NA,NA,NA,NA,NA,NA,NA,NA,NA,NA,NA,NA,NA,NA,NA,NA,NA,NA,NA,NA,NA,NA,NA,NA,NA,NA,NA
Perimeter College of Georgia State University,Clarkston,GA,NA,NA,NA,NA,589,NA,589,NA,NA,NA,NA,NA,NA,NA,NA,NA,NA,NA,NA,NA,NA,NA,NA,NA,NA,NA,NA,NA,NA,NA,NA,NA,NA,NA
Pratt Institute,Brooklyn,NY,NA,NA,NA,NA,2126,NA,2126,NA,NA,NA,NA,NA,NA,NA,NA,NA,NA,NA,NA,NA,NA,NA,NA,NA,NA,NA,NA,NA,NA,NA,NA,NA,NA,NA
Rutgers University--New Brunswick,Piscataway,NJ,NA,NA,NA,0.09,NA,NA,NA,33005,NA,NA,NA,NA,NA,65,NA,NA,National,NA,NA,NA,NA,NA,NA,NA,NA,NA,NA,NA,NA,NA,35844,NA,NA,NA
San Mateo County Community College District,San Mateo,CA,8570,103959,12,NA,694,NA,694,NA,NA,NA,NA,NA,NA,NA,NA,NA,NA,NA,NA,NA,NA,NA,NA,NA,NA,NA,NA,NA,NA,NA,NA,NA,NA,NA
Southern Arkansas University - Magnolia,Magnolia,AR,NA,NA,NA,NA,807,NA,807,NA,NA,NA,NA,NA,NA,NA,NA,NA,NA,NA,NA,NA,NA,NA,NA,NA,NA,NA,NA,NA,NA,NA,NA,NA,NA,NA
St. Cloud State University - St. Cloud,Saint Cloud,MN,NA,NA,NA,NA,1383,NA,1383,NA,NA,NA,NA,NA,NA,NA,NA,NA,NA,NA,NA,NA,NA,NA,NA,NA,NA,NA,NA,NA,NA,NA,NA,NA,NA,NA
St. Francis College,Brooklyn Heights,NY,NA,NA,NA,NA,266,NA,266,NA,NA,NA,NA,NA,NA,NA,NA,NA,NA,NA,NA,NA,NA,NA,NA,NA,NA,NA,NA,NA,NA,NA,NA,NA,NA,NA
St. John's College (MD),Annapolis,MD,NA,NA,NA,0.15,NA,NA,NA,NA,NA,NA,NA,NA,NA,NA,NA,NA,Liberal Arts,NA,NA,NA,NA,NA,NA,NA,NA,NA,NA,NA,NA,NA,NA,NA,NA,NA
St. John's College (NM),Santa Fe,NM,1824,83875,46,0.16,NA,NA,NA,NA,NA,NA,NA,NA,NA,NA,NA,NA,Liberal Arts,NA,NA,NA,NA,NA,NA,NA,NA,NA,NA,NA,NA,NA,NA,NA,NA,NA
St. Lawrence University,Canton,NY,NA,NA,NA,0.09,NA,NA,NA,NA,NA,NA,NA,NA,NA,NA,NA,NA,Liberal Arts,NA,NA,NA,NA,NA,NA,NA,NA,NA,NA,NA,NA,NA,NA,NA,NA,NA
St. Olaf College,Northfield,MN,NA,NA,NA,0.1,327,NA,327,NA,highly competitive plus,NA,NA,NA,NA,NA,NA,NA,Liberal Arts,NA,NA,NA,NA,NA,NA,NA,NA,NA,NA,NA,NA,NA,NA,NA,NA,NA
SUNY Fashion Institute of Technology,New York,NY,28211,8537673,303,NA,841,NA,841,NA,NA,NA,NA,NA,NA,NA,NA,NA,NA,NA,NA,NA,NA,NA,NA,NA,NA,NA,NA,NA,NA,NA,NA,NA,NA,NA
The University of Texas Health Science Center - Houston,Houston,TX,3842,2303482,600,NA,660,NA,660,NA,NA,NA,NA,NA,NA,NA,NA,NA,NA,NA,NA,NA,NA,NA,NA,NA,NA,NA,NA,NA,NA,NA,NA,NA,NA,NA
Tufts University-  Boston Health Sciences Campus,Boston,MA,13943,673184,48,NA,326,NA,326,NA,NA,NA,NA,NA,NA,NA,NA,NA,NA,NA,NA,NA,NA,NA,NA,NA,NA,NA,NA,NA,NA,NA,NA,NA,NA,NA
University of California - San Francisco,San Francisco,CA,18581,870887,47,NA,179,NA,179,NA,NA,NA,NA,NA,NA,NA,NA,NA,NA,NA,NA,NA,NA,NA,NA,NA,NA,NA,NA,NA,NA,NA,NA,NA,NA,NA
"University of California, Merced",Merced,CA,3542,82594,23,0.06,NA,NA,NA,NA,NA,NA,NA,NA,NA,NA,NA,NA,National,NA,NA,NA,NA,NA,NA,NA,NA,NA,NA,NA,NA,NA,NA,NA,NA,NA
University of Colorado/Anschutz Medical Campus,Aurora,CO,2338,361710,155,NA,169,NA,169,NA,NA,NA,NA,NA,NA,NA,NA,NA,NA,NA,NA,NA,NA,NA,NA,NA,NA,NA,NA,NA,NA,NA,NA,NA,NA,NA
University of Illinois - Springfield,Springfield,IL,1945,115715,59,NA,733,NA,733,NA,NA,NA,NA,NA,NA,NA,NA,NA,NA,NA,NA,NA,NA,NA,NA,NA,NA,NA,NA,NA,NA,NA,NA,NA,NA,NA
University of Maine--Machias,Machias,ME,NA,NA,NA,0.06,NA,NA,NA,NA,NA,NA,NA,NA,NA,NA,NA,NA,Liberal Arts,NA,NA,NA,NA,NA,NA,NA,NA,NA,NA,NA,NA,NA,NA,NA,NA,NA
University of Massachusetts Medical School,Worcester,MA,4937,184508,37,NA,134,NA,134,NA,NA,NA,NA,NA,NA,NA,NA,NA,NA,NA,NA,NA,NA,NA,NA,NA,NA,NA,NA,NA,NA,NA,NA,NA,NA,NA
University of Michigan - Dearborn,Dearborn,MI,3899,94444,24,NA,1101,NA,1101,NA,NA,NA,NA,NA,NA,NA,NA,NA,NA,NA,NA,NA,NA,NA,NA,NA,NA,NA,NA,NA,NA,NA,NA,NA,NA,NA
University of St. Thomas (TX),Houston,TX,3842,2303482,600,0.05,NA,NA,NA,NA,NA,NA,NA,NA,NA,NA,NA,NA,National,NA,NA,NA,NA,NA,NA,NA,NA,NA,NA,NA,NA,NA,NA,NA,NA,NA
University of Texas - Arlington,Arlington,TX,4096,392772,96,NA,5065,NA,5065,NA,NA,NA,NA,NA,NA,NA,NA,NA,NA,NA,NA,NA,NA,NA,NA,NA,NA,NA,NA,NA,NA,NA,NA,NA,NA,NA
Virginia Tech,Blacksburg,VA,NA,NA,NA,0.05,NA,NA,NA,33253,NA,NA,NA,NA,NA,78,NA,NA,National,NA,NA,NA,NA,NA,NA,NA,NA,NA,NA,NA,NA,NA,30020,NA,NA,NA
Wheaton College (MA),Norton,MA,NA,NA,NA,0.05,NA,NA,NA,NA,NA,NA,NA,NA,NA,NA,NA,NA,Liberal Arts,NA,NA,NA,NA,NA,NA,NA,NA,NA,NA,NA,NA,NA,NA,NA,NA,NA
