university,city_land_area,international_students_natlib,international_students_max,tuition_kaggle,selectivity,world_rank_cat_arwu,world_rank_qs,type1_all,type2_carnegie,type3_natlib,type4_carnegie,enrprofile2021_carnegie,locale_carnegie,size_qs,stu_facl_ratio_qs,research_output_qs,award_arwu,hi_ci_arwu,n_s_arwu,pub_arwu,pcp_arwu,alumni_arwu,enrollment_kaggle,enrollment_top120enrollment,city,state,city_population_density,city_population
"University of California, Santa Cruz",13,0.06,2130,NA,NA,101-150,301-400,public,NA,National,NA,NA,NA,L,18,Very High,0,40.6,29.5,29.9,38.7,0,NA,NA,Santa Cruz,CA,5060,64465
University of Texas - Dallas,29,NA,8475,NA,NA,NA,401-500,public,NA,NA,NA,NA,NA,L,22,Very High,NA,NA,NA,NA,NA,NA,NA,NA,Richardson,TX,3969,113347
University of Delaware,NA,0.05,2337,36880,very competitive plus,201-300,NA,public,Four-year (large),National,Doctoral Universities,Majority undergraduate,suburb,L,17,Very High,16.1,9.6,10.4,33.3,19,10.2,18420,NA,Newark,DE,3311,31155
Georgia State University,133,NA,1756,30114,NA,NA,NA,public,Four-year (large),NA,Doctoral Universities,Majority undergraduate,city,XL,24,Very High,NA,NA,NA,NA,NA,NA,28772,36360,Atlanta,GA,3549,472522
University of Connecticut,NA,0.08,3765,41192,highly competitive,301-400,301-400,public,Four-year (large),National,Doctoral Universities,Majority undergraduate,suburb,L,19,Very High,0,0,12.5,37.8,14.5,11.4,18917,NA,Storrs,CT,2882,16107
Kansas State University,19,NA,1481,26342,NA,401-500,801-1000,public,Four-year (large),NA,Doctoral Universities,Majority undergraduate,city,L,14,Very High,0,0,12.3,31.4,17.7,0,16257,NA,Manhattan,KS,2931,54983
Oklahoma State University,NA,NA,1617,24539,NA,401-500,801-1000,public,NA,NA,NA,NA,NA,L,14,Medium High,0,9.6,4.9,30.2,16.6,0,20307,NA,Stillwater,OK,1806,50299
University of Vermont,NA,NA,546,43890,NA,301-400,601-800,public,Four-year (large),NA,Doctoral Universities,Majority undergraduate,city,L,8,Medium High,0,9.6,10.3,27.7,15.7,13.4,11136,NA,Burlington,VT,4387,44781
Louisiana State University,77,NA,1315,NA,NA,NA,801-1000,public,NA,NA,NA,NA,NA,XL,21,Very High,NA,NA,NA,NA,NA,NA,NA,NA,Baton Rouge,LA,2627,222185
"University of California, Riverside",81,NA,2034,NA,NA,151-200,401-500,public,NA,NA,NA,NA,NA,L,17,Very High,0,27.1,16.7,35.5,25.7,12.4,NA,NA,Riverside,CA,3904,317261
Auburn University,58,NA,2283,31956,NA,NA,801-1000,public,Four-year (large),NA,Doctoral Universities,Majority undergraduate,city,L,18,Very High,NA,NA,NA,NA,NA,NA,24505,30737,Auburn,AL,1087,63118
University at Buffalo SUNY,40,0.13,6161,28194,NA,NA,301-400,public,NA,National,NA,NA,NA,L,19,Very High,NA,NA,NA,NA,NA,NA,22306,NA,Buffalo,NY,6362,256902
Indiana University-Purdue University Indianapolis,361,NA,1104,NA,NA,NA,801-1000,public,NA,NA,NA,NA,NA,L,15,Medium High,NA,NA,NA,NA,NA,NA,NA,NA,Indianapolis,IN,2492,882039
Clemson University,NA,NA,1418,37712,highly competitive,NA,801-1000,public,Four-year (large),NA,Doctoral Universities,Majority undergraduate,suburb,L,15,Very High,NA,NA,NA,NA,NA,NA,20868,NA,Clemson,SC,2299,17986
University of Oregon,44,0.09,1740,39308,NA,301-400,601-800,public,Four-year (large),National,Doctoral Universities,Majority undergraduate,city,L,13,Very High,0,9.6,11.6,28.4,18.2,8.8,18045,NA,Eugene,OR,3810,166575
University of Hawaiʻi at Mānoa,NA,NA,1586,NA,NA,NA,301-400,public,NA,NA,NA,NA,NA,L,9,Very High,NA,NA,NA,NA,NA,NA,NA,NA,Honolulu,HI,5791,345510
Iowa State University,24,NA,2441,NA,NA,201-300,401-500,public,Four-year (large),NA,Doctoral Universities,Majority undergraduate,city,L,17,Very High,0,23.5,9.1,42,20.6,0,NA,31822,Ames,IA,2734,66191
The University of Alabama,60,NA,1283,NA,NA,NA,801-1000,public,Four-year (large),NA,Doctoral Universities,Majority undergraduate,city,XL,20,Very High,NA,NA,NA,NA,NA,NA,NA,37840,Tuscaloosa,AL,1653,99543
University of Houston,600,NA,3049,27110,NA,201-300,601-800,public,Four-year (large),NA,Doctoral Universities,Majority undergraduate,city,XL,22,Very High,0,13.5,12,40.1,21.5,0,39165,47090,Houston,TX,3842,2303482
University of Oklahoma,179,NA,1418,25116,NA,NA,601-800,public,NA,NA,NA,NA,NA,L,14,Very High,NA,NA,NA,NA,NA,NA,21383,NA,Norman,NE,3141,36
Texas Tech University,122,NA,2196,24092,NA,401-500,801-1000,public,Four-year (large),NA,Doctoral Universities,Majority undergraduate,city,XL,19,Medium High,0,9.6,7,34.4,16.4,0,33269,40322,Lubbock,TX,2063,252506
Washington State University,NA,NA,1731,27733,NA,301-400,401-500,public,Four-year (large),NA,Doctoral Universities,Majority undergraduate,town or rural,L,14,Very High,0,9.6,8.5,33.1,18.2,0,25470,31159,Pullman,WA,32827,32827
University of Nebraska - Lincoln,89,0.05,2805,NA,NA,201-300,501-600,public,NA,National,NA,NA,NA,L,12,Very High,0,19.2,12.3,37.4,21,16.8,NA,NA,Lincoln,NE,3146,280364
George Mason University,NA,0.05,2737,36579,NA,201-300,801-1000,public,Four-year (large),National,Doctoral Universities,Majority undergraduate,suburb,L,15,Very High,31.5,0,6.1,29.5,19.4,0,27105,38541,Fairfax,VA,4097,24276
University of Mississippi,NA,NA,628,25876,NA,NA,801-1000,public,Four-year (large),NA,Doctoral Universities,Majority undergraduate,town or rural,L,10,Very High,NA,NA,NA,NA,NA,NA,16179,NA,Oxford,MS,1004,26430
University of New Mexico,188,NA,870,24924,NA,NA,601-800,public,NA,NA,NA,NA,NA,L,9,Very High,NA,NA,NA,NA,NA,NA,16124,NA,Albuquerque,NM,3036,562599
University of Central Florida,102,NA,2562,22467,very competitive plus,301-400,NA,public,Four-year (large),NA,Doctoral Universities,Majority undergraduate,suburb,XL,25,Very High,0,9.6,10.5,33,18,0,61456,71881,Orlando,FL,2707,277173
Oregon State University,14,NA,2769,32288,NA,151-200,NA,public,Four-year (large),NA,Doctoral Universities,Majority undergraduate,city,L,12,Very High,0,19.2,21.9,38.8,23.8,10.2,26644,32312,Corvallis,OR,4042,57110
University of South Carolina,132,NA,1532,33928,NA,NA,601-800,public,NA,NA,NA,NA,NA,XL,15,Very High,NA,NA,NA,NA,NA,NA,27270,NA,Columbia,SC,1015,137541
University of South Florida,113,0.07,5974,17324,very competitive plus,201-300,501-600,public,Four-year (large),National,Doctoral Universities,Majority undergraduate,city,XL,18,Very High,0,16.6,9.5,39.2,18.2,0,38579,50626,Tampa,FL,3326,377165
Florida International University,36,0.07,3575,18964,NA,401-500,801-1000,public,Four-year (large),National,Doctoral Universities,Majority undergraduate,suburb,XL,16,Medium High,0,9.6,6.6,32.1,17.3,0,48664,58836,Miami,FL,12645,453579
Florida State University,100,NA,1618,21683,NA,201-300,401-500,public,Four-year (large),NA,Doctoral Universities,Majority undergraduate,city,XL,17,Very High,0,13.5,15.3,39.3,20.2,0,32543,43569,Tallahassee,FL,1904,190894
University of Kentucky,284,NA,1294,31608,NA,301-400,601-800,public,Four-year (large),NA,Doctoral Universities,Majority undergraduate,city,L,12,Very High,0,0,12.1,41.8,17.7,10.2,22227,29986,Lexington,KY,1123,318449
SUNY Stony Brook University,NA,0.1,6198,28080,NA,NA,301-400,public,NA,National,NA,NA,NA,L,11,Very High,NA,NA,NA,NA,NA,NA,18010,NA,Stony Brook,NY,2310,11785
The University of Georgia,NA,NA,1879,NA,NA,201-300,501-600,public,NA,NA,NA,NA,NA,XL,15,Very High,0,13.5,17.6,44.8,18.3,0,NA,NA,Athens,GA,1115,127358
"University of Missouri, Columbia",63,NA,1273,NA,NA,NA,401-500,public,NA,NA,NA,NA,NA,L,10,Very High,NA,NA,NA,NA,NA,NA,NA,31089,Columbia,MO,1912,120612
Wayne State University,139,NA,1278,32727,NA,401-500,501-600,public,Four-year (large),NA,Doctoral Universities,Majority undergraduate,city,L,8,Very High,0,9.6,5.4,36.6,15.3,0,17513,NA,Detroit,MI,4849,672795
University of Cincinnati,78,0.05,2800,27472,NA,301-400,601-800,public,NA,National,NA,NA,NA,XL,11,Very High,0,9.6,10.7,41,15.1,0,28657,NA,Cincinnati,OH,3834,298800
Temple University,134,NA,2097,34801,NA,301-400,NA,public,Four-year (large),NA,Doctoral Universities,Majority undergraduate,city,XL,12,Very High,0,9.6,11,37.3,13.3,0,27306,37236,Philadelphia,PA,11692,1567872
Virginia Commonwealth University,60,NA,995,35676,NA,201-300,601-800,public,Four-year (large),NA,Doctoral Universities,Majority undergraduate,city,L,9,Very High,13.9,16.6,5.7,36.9,15.5,10.2,21943,29070,Richmond,VA,3731,223170
Virginia Polytechnic Institute and State University,NA,NA,4477,NA,highly competitive,201-300,301-400,public,Four-year (large),NA,Doctoral Universities,Majority undergraduate,city,XL,12,Very High,0,9.6,12.2,43.9,18.5,11.4,NA,37024,Blacksburg,VA,2300,44949
University of Iowa,25,NA,2049,31569,NA,151-200,401-500,public,Four-year (large),NA,Doctoral Universities,Majority undergraduate,city,L,10,Very High,0,19.2,14.8,46.9,17.8,0,22304,30318,Iowa City,IA,2975,74398
Colorado State University,54,NA,1547,31540,NA,201-300,401-500,public,NA,NA,NA,NA,NA,L,8,Very High,0,9.6,16.9,38.9,19.5,0,25186,NA,Fort Collins,CO,3060,168538
University of Utah,111,0.06,2134,31389,NA,101-150,301-400,public,Four-year (large),National,Doctoral Universities,Majority undergraduate,city,L,8,Very High,11.4,19.2,24.6,51.6,28.3,0,24643,33081,Salt Lake City,UT,1744,193744
University of Kansas,34,NA,2014,28034,NA,201-300,301-400,public,Four-year (large),NA,Doctoral Universities,Majority undergraduate,city,L,7,Very High,0,13.5,11.2,41.9,16.3,17.6,19135,NA,Lawrence,KS,2841,95358
University of Colorado Denver,153,0.09,1274,32820,NA,NA,401-500,public,NA,National,NA,NA,NA,L,3,Very High,NA,NA,NA,NA,NA,NA,14995,NA,Denver,CO,4530,693060
City University of New York,303,NA,6462,NA,NA,NA,601-800,public,NA,NA,NA,NA,NA,XL,16,Very High,NA,NA,NA,NA,NA,NA,NA,NA,New York City,NY,28210,8468000
Missouri University of Science and Technology,NA,NA,557,31286,very competitive plus,NA,501-600,public,Four-year (median),NA,Doctoral Universities,Majority undergraduate,town or rural,M,18,Very High,NA,NA,NA,NA,NA,NA,6086,NA,Rolla,MO,1644,20129
Indiana State University,35,NA,340,20570,NA,NA,1001-1200,public,Four-year (median),NA,Doctoral Universities,Majority undergraduate,city,M,18,Medium High,NA,NA,NA,NA,NA,NA,8939,NA,Terre Haute,IN,1762,60852
Colorado School of Mines,NA,NA,627,39800,highly competitive,NA,401-500,public,Four-year (median),NA,Doctoral Universities,Majority undergraduate,suburb,M,11,Very High,NA,NA,NA,NA,NA,NA,5216,NA,Golden,CO,2147,19871
Michigan Technological University,NA,NA,694,38112,NA,NA,601-800,public,Four-year (median),NA,Doctoral Universities,Majority undergraduate,town or rural,M,12,Very High,NA,NA,NA,NA,NA,NA,5642,NA,Houghton,MI,1902,7622
New Jersey Institute of Technology,24,0.06,2874,33386,NA,NA,601-800,public,Four-year (median),National,Doctoral Universities,Majority undergraduate,city,M,14,Very High,NA,NA,NA,NA,NA,NA,9084,NA,Newark,NJ,11648,281764
University of Montana Missoula,28,NA,190,NA,NA,NA,1001-1200,public,NA,NA,NA,NA,NA,M,14,Very High,NA,NA,NA,NA,NA,NA,NA,NA,Missoula,MT,2171,74822
Rutgers University--Newark,24,0.07,1246,32409,NA,NA,801-1000,public,NA,National,NA,NA,NA,M,14,Medium High,NA,NA,NA,NA,NA,NA,9118,NA,Newark,NJ,11648,281764
College of William and Mary,NA,0.05,729,46467,most competitive,NA,601-800,public,Four-year (median),National,Doctoral Universities,Majority undergraduate,suburb,M,10,Very High,NA,NA,NA,NA,NA,NA,6236,NA,Williamsburg,VA,1756,15590
University at Albany SUNY,21,NA,1216,NA,NA,NA,NA,public,NA,NA,NA,NA,NA,L,19,Very High,NA,NA,NA,NA,NA,NA,NA,NA,Albany,NY,4649,98617
University of Maryland - Baltimore,81,NA,1074,NA,NA,NA,NA,public,NA,NA,NA,NA,NA,M,14,Medium High,NA,NA,NA,NA,NA,NA,NA,NA,Baltimore,MD,7594,614664
University of Massachusetts Boston,48,0.06,1527,35139,NA,NA,601-800,public,NA,National,NA,NA,NA,L,15,Very High,NA,NA,NA,NA,NA,NA,12871,NA,Boston,MA,13943,673184
"University of Missouri, Kansas City",315,NA,817,NA,NA,NA,801-1000,public,NA,NA,NA,NA,NA,M,12,Very High,NA,NA,NA,NA,NA,NA,NA,NA,Kansas City,MO,1644,508394
Binghamton University SUNY,NA,NA,1833,NA,NA,NA,801-1000,public,NA,NA,NA,NA,NA,L,20,Very High,NA,NA,NA,NA,NA,NA,NA,NA,Binghamton,NY,4589,47566
University of New Hampshire,NA,NA,768,37202,NA,NA,801-1000,public,NA,NA,NA,NA,NA,L,17,Very High,NA,NA,NA,NA,NA,NA,11747,NA,Durham,NH,727,16574
University of Wyoming,NA,NA,564,20647,NA,401-500,801-1000,public,Four-year (large),NA,Doctoral Universities,Majority undergraduate,town or rural,M,12,Very High,0,9.6,11.3,24.1,17.9,0,9342,NA,Laramie,WY,1719,31659
University of Rhode Island,NA,NA,417,33354,NA,NA,1001-1200,public,Four-year (large),NA,Doctoral Universities,Majority undergraduate,suburb,L,17,Medium High,NA,NA,NA,NA,NA,NA,14073,NA,Kingston,RI,5137,6407
University of Texas El Paso,255,NA,1351,NA,NA,NA,1001-1200,public,NA,NA,NA,NA,NA,L,20,Very High,NA,NA,NA,NA,NA,NA,NA,NA,El Paso,TX,2660,678415
University of South Alabama (USA),139,NA,287,NA,NA,NA,1001-1200,public,NA,NA,NA,NA,NA,L,13,Medium High,NA,NA,NA,NA,NA,NA,NA,NA,Mobile,AL,1330,184952
Utah State University,18,NA,331,23434,NA,401-500,1001-1200,public,Four-year (large),NA,Doctoral Universities,Exclusive/Very high undergraduate,city,L,19,Very High,0,9.6,8.4,26.4,16.8,13.4,24647,27691,Logan,UT,2825,50676
Miami University,NA,NA,2260,NA,very competitive plus,NA,1001-1200,public,NA,NA,NA,NA,NA,L,17,Medium High,NA,NA,NA,NA,NA,NA,NA,NA,Oxford,OH,3000,22625
Portland State University,133,NA,1230,23769,NA,NA,1001-1200,public,Four-year (large),NA,Doctoral Universities,Majority undergraduate,city,L,17,Very High,NA,NA,NA,NA,NA,NA,18959,NA,Portland,OR,4795,639863
Mississippi State University,NA,NA,730,24900,NA,401-500,1001-1200,public,Four-year (large),NA,Doctoral Universities,Majority undergraduate,town or rural,L,18,Very High,0,13.5,5.1,25,15.9,0,18803,NA,Starkville,MS,955,24657
Florida Atlantic University - Boca Raton,29,NA,998,NA,NA,NA,1001-1200,public,NA,NA,NA,NA,NA,L,19,Medium High,NA,NA,NA,NA,NA,NA,NA,NA,Boca Raton,FL,3428,95787
Western Michigan University,25,0.06,1664,17591,NA,NA,1001-1200,public,Four-year (large),National,Doctoral Universities,Majority undergraduate,city,L,16,Medium High,NA,NA,NA,NA,NA,NA,16554,NA,Kalamazoo,MI,3079,75984
Northern Arizona University,64,NA,1162,26642,NA,NA,1001-1200,public,Four-year (large),NA,Doctoral Universities,Majority undergraduate,city,L,22,Medium High,NA,NA,NA,NA,NA,NA,25230,29566,Flagstaff,AZ,1119,71459
Ohio University,NA,NA,977,22810,NA,NA,1001-1200,public,NA,NA,NA,NA,NA,L,20,Medium High,NA,NA,NA,NA,NA,NA,18913,NA,Athens,OH,2427,24311
University of Texas at San Antonio,461,NA,775,25920,NA,NA,801-1000,public,NA,NA,NA,NA,NA,L,22,Very High,NA,NA,NA,NA,NA,NA,29959,NA,San Antonio,TX,3002,1452000
Kent State University,NA,NA,1465,20800,NA,401-500,1001-1200,public,NA,NA,NA,NA,NA,L,19,Very High,0,13.5,9.3,24,15.6,0,21621,NA,Kent,KY,110,628594
San Diego State University,325,0.05,2092,20016,NA,NA,1001-1200,public,Four-year (large),National,Doctoral Universities,Majority undergraduate,city,XL,25,Very High,NA,NA,NA,NA,NA,NA,31086,36334,San Diego,CA,4326,1406630
Georgia Institute of Technology,133,0.11,5675,33794,NA,51-100,51-100,public,NA,National,NA,NA,NA,L,19,Very High,0,38.3,24.6,46.6,38,12.4,16561,NA,Atlanta,GA,3549,472522
University of North Carolina at Charlotte,298,NA,1661,NA,NA,NA,1001-1200,public,Four-year (large),NA,Doctoral Universities,Majority undergraduate,city,L,19,Very High,NA,NA,NA,NA,NA,NA,NA,30146,Charlotte,NC,2829,842051
University of Wisconsin Milwaukee,96,NA,1067,NA,NA,NA,801-1000,public,NA,NA,NA,NA,NA,L,16,Very High,NA,NA,NA,NA,NA,NA,NA,NA,Milwaukee,WI,5965,569330
University of Arkansas Fayetteville,54,NA,1134,NA,NA,NA,1001-1200,public,NA,NA,NA,NA,NA,L,18,Very High,NA,NA,NA,NA,NA,NA,NA,NA,Fayetteville,AR,1814,95230
University of North Texas,88,0.05,2420,24234,NA,301-400,1001-1200,public,Four-year (large),National,Doctoral Universities,Majority undergraduate,city,XL,23,Medium High,0,19.2,4.6,27.8,19,0,32694,40953,Denton,TX,1521,133808
The University of Texas at Arlington,96,NA,4106,NA,NA,NA,1001-1200,public,Four-year (large),NA,Doctoral Universities,Majority undergraduate,city,XL,22,Very High,NA,NA,NA,NA,NA,NA,NA,48072,Arlington,TX,4096,392772
"University of California, Santa Barbara",19,0.11,4309,NA,NA,21-50,101-150,public,NA,National,NA,NA,NA,L,16,Very High,38.6,30.3,28.7,40.1,37.5,14.4,NA,NA,Santa Barbara,CA,4722,91930
West Virginia University,NA,NA,1807,25320,NA,401-500,801-1000,public,Four-year (large),NA,Doctoral Universities,Majority undergraduate,city,L,15,Very High,0,9.6,8,31.5,11.9,0,21086,NA,Morgantown,WV,3053,29219
"The University of Tennessee, Knoxville",99,NA,1156,NA,NA,NA,501-600,public,NA,NA,NA,NA,NA,XL,17,Medium High,NA,NA,NA,NA,NA,NA,NA,30559,Knoxville,TN,1890,186239
University of Massachusetts Amherst,NA,0.07,3696,36964,NA,151-200,201-300,public,NA,National,NA,NA,NA,L,14,Very High,0,25.3,15.7,38.5,23.2,13.4,24233,NA,Amherst,MA,1422,37819
North Carolina State University,143,NA,5008,29916,NA,NA,201-300,public,NA,NA,NA,NA,NA,L,15,Very High,NA,NA,NA,NA,NA,NA,26150,NA,Raleigh,NC,3211,458880
Purdue University,NA,0.11,10500,28794,NA,51-100,101-150,public,NA,National,NA,NA,NA,XL,15,Very High,22.8,19.2,23.1,53.2,23.7,13.4,34920,NA,West Lafayette,IN,3281,44672
University of Virginia,NA,NA,2201,53666,NA,151-200,201-300,public,NA,NA,NA,NA,NA,L,8,Very High,0,19.2,24.6,46.1,19.1,0,17311,NA,Charlottesville,VA,4542,45672
University of Illinois at Urbana-Champaign,22,0.13,12838,NA,highly competitive plus,21-50,51-100,public,Four-year (large),National,Doctoral Universities,Majority undergraduate,city,XL,17,Very High,35.8,19.2,31.8,57.8,28,29.6,NA,NA,Champaign,IL,3863,86637
University of California - Irvine,66,0.15,9323,NA,NA,51-100,201-300,public,NA,National,NA,NA,NA,XL,13,Very High,28.9,21.4,22.7,47.6,24.8,0,NA,36303,Irvine,CA,4025,266122
University of Washington,84,0.14,8777,39906,NA,1-20,51-100,public,NA,National,NA,NA,NA,XL,15,Very High,37.4,54.2,49.1,75.9,31.4,24.9,35582,NA,Seattle,WA,8391,704352
University of Illinois at Chicago,228,0.07,4926,31787,NA,NA,201-300,public,NA,National,NA,NA,NA,L,10,Very High,NA,NA,NA,NA,NA,NA,21921,NA,Chicago,IL,11883,2704958
Arizona State University,40,0.06,13015,29438,NA,101-150,201-300,public,NA,National,NA,NA,NA,XL,17,Very High,19.7,16.6,21.9,47.1,22.9,0,63124,NA,Tempe,AZ,4570,182498
University of Texas - Austin,298,NA,5473,40032,NA,NA,51-100,public,NA,NA,NA,NA,NA,XL,17,Very High,NA,NA,NA,NA,NA,NA,40048,NA,Austin,TX,3182,947890
University of Colorado Boulder,25,NA,2441,38312,NA,NA,201-300,public,Four-year (large),NA,Doctoral Universities,Majority undergraduate,city,XL,11,Very High,NA,NA,NA,NA,NA,NA,30300,37437,Boulder,CO,4383,108090
Michigan State University,NA,0.06,5795,39766,NA,101-150,151-200,public,Four-year (large),National,Doctoral Universities,Majority undergraduate,city,XL,15,Very High,0,21.4,22,54.8,19.3,8.8,38491,49695,East Lansing,MI,3542,46854
Texas A&M University,49,NA,6621,40087,NA,151-200,151-200,public,NA,NA,NA,NA,NA,XL,21,Very High,0,21.4,16.6,55.1,18.7,0,55568,NA,College Station,TX,2268,112141
University of California - Davis,10,0.16,8414,NA,NA,51-100,101-150,public,NA,National,NA,NA,NA,XL,10,Very High,0,25.3,30.5,59.3,23.6,0,NA,39074,Davis,CA,6887,68111
University of California - Berkeley,10,0.13,9428,NA,NA,1-20,21-50,public,NA,National,NA,NA,NA,XL,11,Very High,78.4,61.3,67.8,65.1,58.2,65.6,NA,42327,Berkeley,CA,11580,121240
University of Maryland - College Park,NA,NA,5662,NA,NA,51-100,151-200,public,NA,NA,NA,NA,NA,XL,10,Very High,19.7,25.3,33.5,55.3,29.3,19,NA,40709,College Park,MD,"6,191",35110
Indiana University - Bloomington,23,0.05,5175,38354,very competitive plus,101-150,301-400,public,NA,National,NA,NA,NA,XL,11,Very High,21.3,13.5,18.6,40.3,19.4,10.2,32986,NA,Bloomington,IN,3647,84465
Pennsylvania State University - University Park,NA,NA,8267,NA,NA,51-100,51-100,public,NA,NA,NA,NA,NA,XL,11,Very High,0,34.5,28.7,55.1,24.6,10.2,NA,NA,University Park,PA,15306,12764
University of California - Los Angeles,469,0.1,10273,NA,NA,1-20,21-50,public,NA,National,NA,NA,NA,XL,10,Very High,46.4,55.9,44.9,73.1,32.1,29.2,NA,44589,Los Angeles,CA,8484,3976322
University of California - San Diego,NA,0.16,10824,NA,NA,1-20,21-50,public,NA,National,NA,NA,NA,XL,8,Very High,35.1,53.3,53,65.4,35.9,19,NA,39576,La Jolla,CA,3500,46781
University of North Carolina at Chapel Hill,21,0.05,2749,NA,most competitive,21-50,51-100,public,Four-year (large),National,Doctoral Universities,Majority undergraduate,city,XL,7,Very High,23.4,45.9,30.2,64.7,34.4,8.8,NA,30092,Chapel Hill,NC,2805,59246
University of Pittsburgh,55,NA,2590,NA,NA,NA,151-200,public,NA,NA,NA,NA,NA,L,6,Very High,NA,NA,NA,NA,NA,NA,NA,NA,Pittsburgh,PA,5461,300431
Rutgers University - New Brunswick,5,NA,7965,NA,NA,NA,201-300,public,NA,NA,NA,NA,NA,XL,9,Very High,NA,NA,NA,NA,NA,NA,NA,NA,New Brunswick,NJ,10881,56910
University of Minnesota - Twin Cities,54,0.06,6396,NA,NA,21-50,151-200,public,NA,National,NA,NA,NA,XL,11,Very High,16.1,34.5,31.2,67.5,23.7,29.2,NA,52017,Minneapolis,MN,7664,413651
University of Wisconsin - Madison,77,0.1,7139,38608,highly competitive plus,21-50,51-100,public,Four-year (large),National,Doctoral Universities,Majority undergraduate,city,XL,8,Very High,34.3,30.3,32.3,65,24.3,32.5,33585,NA,Madison,WI,3289,252551
The University of Arizona,227,NA,3526,NA,NA,NA,201-300,public,NA,NA,NA,NA,NA,XL,6,Very High,NA,NA,NA,NA,NA,NA,NA,NA,Tucson,AZ,2299,543242
University of Florida,61,NA,5919,28658,highly competitive,51-100,151-200,public,Four-year (large),NA,Doctoral Universities,Majority undergraduate,city,XL,7,Very High,0,28.7,18.9,63.6,24.8,16.8,34931,53372,Gainesville,FL,2147,131591
The Ohio State University,217,0.07,7029,NA,NA,NA,101-150,public,NA,National,NA,NA,NA,XL,9,Very High,NA,NA,NA,NA,NA,NA,NA,NA,Columbus,OH,3960,860090
University of Michigan - Ann Arbor,28,0.08,8252,53232,highly competitive plus,21-50,21-50,public,Four-year (large),National,Doctoral Universities,Majority undergraduate,city,XL,6,Very High,0,41.8,41,80.8,25,34.1,31329,NA,Ann Arbor,MI,4340,120782
Arkansas State University,NA,0.05,NA,16070,NA,NA,NA,public,Four-year (median),National,Doctoral Universities,Majority undergraduate,city,NA,NA,NA,NA,NA,NA,NA,NA,NA,8486,NA,Jonesboro,AK,980,79324
Bellevue College,32,NA,758,NA,NA,NA,NA,public,Four-year (median),NA,Baccalaureate Colleges,Exclusive/Very high undergraduate,city,NA,NA,NA,NA,NA,NA,NA,NA,NA,NA,NA,Bellevue,WA,4423,141400
Bergen Community College,NA,NA,357,NA,NA,NA,NA,public,Two-year,NA,Associate's Colleges,Exclusive/Very high undergraduate,suburb,NA,NA,NA,NA,NA,NA,NA,NA,NA,NA,NA,Paramus,NJ,2563,26416
Broward College,35,NA,540,NA,NA,NA,NA,public,Four-year (large),NA,Associate's Colleges,Exclusive/Very high undergraduate,city,NA,NA,NA,NA,NA,NA,NA,NA,NA,NA,33243,Fort Lauderdale,FL,5141,178752
Bunker Hill Community College,48,NA,603,NA,NA,NA,NA,public,Two-year,NA,Associate's Colleges,Exclusive/Very high undergraduate,city,NA,NA,NA,NA,NA,NA,NA,NA,NA,NA,NA,Boston,MA,13943,673184
Central Piedmont Community College,298,NA,363,NA,NA,NA,NA,public,Two-year,NA,Associate's Colleges,Exclusive/Very high undergraduate,city,NA,NA,NA,NA,NA,NA,NA,NA,NA,NA,NA,Charlotte,NC,2829,842051
Citrus College,19,NA,278,NA,NA,NA,NA,public,Two-year,NA,Associate's Colleges,Exclusive/Very high undergraduate,suburb,NA,NA,NA,NA,NA,NA,NA,NA,NA,NA,NA,Glendora,CA,2674,51851
City College of San Francisco,47,NA,500,NA,NA,NA,NA,public,Two-year,NA,Associate's Colleges,Exclusive/Very high undergraduate,city,NA,NA,NA,NA,NA,NA,NA,NA,NA,NA,NA,San Francisco,CA,18581,870887
Collin County Community College District,62,NA,608,NA,NA,NA,NA,public,Four-year (large),NA,Associate's Colleges,Exclusive/Very high undergraduate,suburb,NA,NA,NA,NA,NA,NA,NA,NA,NA,NA,35390,McKinney,TX,2770,172298
CUNY Borough of Manhattan Community College,303,NA,736,NA,NA,NA,NA,public,Two-year,NA,Associate's Colleges,Exclusive/Very high undergraduate,city,NA,NA,NA,NA,NA,NA,NA,NA,NA,NA,NA,New York,NY,28211,8537673
CUNY LaGuardia Community College,NA,NA,431,NA,NA,NA,NA,public,Two-year,NA,Associate's Colleges,Exclusive/Very high undergraduate,city,NA,NA,NA,NA,NA,NA,NA,NA,NA,NA,NA,Long Island City,NY,23700,63000
Dallas College,341,NA,1450,NA,NA,NA,NA,public,Two-year,NA,Associate's Colleges,Exclusive/Very high undergraduate,city,NA,NA,NA,NA,NA,NA,NA,NA,NA,NA,74781,Dallas,TX,3870,1317929
De Anza College,11,NA,1865,NA,NA,NA,NA,public,Two-year,NA,Associate's Colleges,Exclusive/Very high undergraduate,city,NA,NA,NA,NA,NA,NA,NA,NA,NA,NA,NA,Cupertino,CA,5386,60643
Diablo Valley College,NA,NA,693,NA,NA,NA,NA,public,Two-year,NA,Associate's Colleges,Exclusive/Very high undergraduate,suburb,NA,NA,NA,NA,NA,NA,NA,NA,NA,NA,NA,Pleasant Hill,CA,4900,34304
Edmonds College,NA,NA,698,NA,NA,NA,NA,public,Four-year (small),NA,Associate's Colleges,Exclusive/Very high undergraduate,suburb,NA,NA,NA,NA,NA,NA,NA,NA,NA,NA,NA,Lynnwood,WA,4964,40592
Foothill College,NA,NA,748,NA,NA,NA,NA,public,Four-year (median),NA,Associate's Colleges,Exclusive/Very high undergraduate,suburb,NA,NA,NA,NA,NA,NA,NA,NA,NA,NA,NA,Los Altos Hills,CA,962,8295
Glendale Community College,30,NA,377,NA,NA,NA,NA,public,Two-year,NA,Associate's Colleges,Exclusive/Very high undergraduate,suburb,NA,NA,NA,NA,NA,NA,NA,NA,NA,NA,NA,Glendale,CA,6595,200831
Golden West College,27,NA,305,NA,NA,NA,NA,public,Two-year,NA,Associate's Colleges,Exclusive/Very high undergraduate,suburb,NA,NA,NA,NA,NA,NA,NA,NA,NA,NA,NA,Huntington Beach,CA,7501,200652
Green River College,30,NA,908,NA,NA,NA,NA,public,Four-year (median),NA,Baccalaureate Colleges,Exclusive/Very high undergraduate,city,NA,NA,NA,NA,NA,NA,NA,NA,NA,NA,NA,Auburn,WA,2616,77472
Grossmont College,14,NA,336,NA,NA,NA,NA,public,Two-year,NA,Associate's Colleges,Exclusive/Very high undergraduate,suburb,NA,NA,NA,NA,NA,NA,NA,NA,NA,NA,NA,El Cajon,CA,7191,103768
Irvine Valley College,66,NA,606,NA,NA,NA,NA,public,Two-year,NA,Associate's Colleges,Exclusive/Very high undergraduate,city,NA,NA,NA,NA,NA,NA,NA,NA,NA,NA,NA,Irvine,CA,4025,266122
Kapiolani Community College,NA,NA,351,NA,NA,NA,NA,public,Two-year,NA,Associate's Colleges,Exclusive/Very high undergraduate,city,NA,NA,NA,NA,NA,NA,NA,NA,NA,NA,NA,Honolulu,HI,5791,345510
Lone Star College System,NA,NA,2884,NA,NA,NA,NA,public,Two-year,NA,Associate's Colleges,Exclusive/Very high undergraduate,city,NA,NA,NA,NA,NA,NA,NA,NA,NA,NA,70109,The Woodlands,TX,2644,114532
Massachusetts College of Art and Design,48,NA,119,NA,NA,NA,NA,public,Four-year (small),NA,Special Focus Four-Year,Exclusive/Very high undergraduate,city,NA,NA,NA,NA,NA,NA,NA,NA,NA,NA,NA,Boston,MA,13943,673184
Midwestern State University,72,NA,522,NA,NA,NA,NA,public,Four-year (median),NA,Master's Colleges & Universities,Exclusive/Very high undergraduate,city,NA,NA,NA,NA,NA,NA,NA,NA,NA,NA,NA,Wichita Falls,TX,1452,104724
Montgomery College,14,NA,1446,NA,NA,NA,NA,public,Two-year,NA,Associate's Colleges,Exclusive/Very high undergraduate,city,NA,NA,NA,NA,NA,NA,NA,NA,NA,NA,NA,Rockville,MD,4955,66940
Morgan State University,81,0.06,NA,18480,NA,NA,NA,public,Four-year (median),National,Doctoral Universities,Majority undergraduate,city,NA,NA,NA,NA,NA,NA,NA,NA,NA,6270,NA,Baltimore,MD,7594,614664
Mt. San Antonio College,NA,NA,364,NA,NA,NA,NA,public,NA,NA,NA,NA,NA,NA,NA,NA,NA,NA,NA,NA,NA,NA,NA,28393,Walnut,CA,3145,27830
Northern Virginia Community College,NA,NA,1167,NA,NA,NA,NA,public,Two-year,NA,Associate's Colleges,Exclusive/Very high undergraduate,suburb,NA,NA,NA,NA,NA,NA,NA,NA,NA,NA,52873,Annandale,VA,5517,42240
Northwest Missouri State University,NA,NA,808,NA,NA,NA,NA,public,Four-year (median),NA,Master's Colleges & Universities,Majority undergraduate,town or rural,NA,NA,NA,NA,NA,NA,NA,NA,NA,NA,NA,Maryville,MO,1668,10847
Oakland Community College,12,NA,277,NA,NA,NA,NA,public,Two-year,NA,Associate's Colleges,Exclusive/Very high undergraduate,suburb,NA,NA,NA,NA,NA,NA,NA,NA,NA,NA,NA,Royal Oak,MI,5009,59006
Orange Coast College,16,NA,1180,NA,NA,NA,NA,public,Two-year,NA,Associate's Colleges,Exclusive/Very high undergraduate,city,NA,NA,NA,NA,NA,NA,NA,NA,NA,NA,NA,Costa Mesa,CA,7209,112822
Pasadena City College,23,NA,581,NA,NA,NA,NA,public,Two-year,NA,Associate's Colleges,Exclusive/Very high undergraduate,city,NA,NA,NA,NA,NA,NA,NA,NA,NA,NA,NA,Pasadena,CA,6185,142059
Portland Community College,133,NA,331,NA,NA,NA,NA,public,Two-year,NA,Associate's Colleges,Exclusive/Very high undergraduate,city,NA,NA,NA,NA,NA,NA,NA,NA,NA,NA,NA,Portland,OR,4795,639863
San Francisco State University,47,0.07,1260,NA,NA,NA,NA,public,Four-year (large),National,Doctoral Universities,Majority undergraduate,city,NA,NA,NA,NA,NA,NA,NA,NA,NA,NA,NA,San Francisco,CA,18581,870887
San Jose State University,177,NA,4644,NA,NA,NA,NA,public,Four-year (large),NA,Master's Colleges & Universities,Majority undergraduate,city,NA,NA,NA,NA,NA,NA,NA,NA,NA,NA,36208,San Jose,CA,5808,1025350
Santa Barbara City College,19,NA,397,NA,NA,NA,NA,public,Two-year,NA,Associate's Colleges,Exclusive/Very high undergraduate,city,NA,NA,NA,NA,NA,NA,NA,NA,NA,NA,NA,Santa Barbara,CA,4722,91930
Santa Monica College,8,NA,2104,NA,NA,NA,NA,public,Four-year (large),NA,Associate's Colleges,Exclusive/Very high undergraduate,city,NA,NA,NA,NA,NA,NA,NA,NA,NA,NA,NA,Santa Monica,CA,10996,92478
Seattle Central College,84,NA,719,NA,NA,NA,NA,public,Four-year (small),NA,Associate's Colleges,Exclusive/Very high undergraduate,city,NA,NA,NA,NA,NA,NA,NA,NA,NA,NA,NA,Seattle,WA,8391,704352
Shoreline Community College,12,NA,712,NA,NA,NA,NA,public,Two-year,NA,Associate's Colleges,Exclusive/Very high undergraduate,suburb,NA,NA,NA,NA,NA,NA,NA,NA,NA,NA,NA,Shoreline,WA,4741,55333
South Dakota School of Mines and Technology,55,NA,178,NA,NA,NA,NA,public,Four-year (small),NA,Master's Colleges & Universities,Majority undergraduate,city,NA,NA,NA,NA,NA,NA,NA,NA,NA,NA,NA,Rapid City,SD,1336,74048
Southeast Missouri State University,NA,NA,602,NA,NA,NA,NA,public,Four-year (median),NA,Master's Colleges & Universities,Exclusive/Very high undergraduate,city,NA,NA,NA,NA,NA,NA,NA,NA,NA,NA,NA,Cape Girardeau,MO,1352,39820
Southern Utah University,NA,NA,548,NA,NA,NA,NA,public,Four-year (median),NA,Master's Colleges & Universities,Exclusive/Very high undergraduate,town or rural,NA,NA,NA,NA,NA,NA,NA,NA,NA,NA,NA,Cedar City,UT,1018,37206
The Pennsylvania State University,NA,0.1,NA,NA,NA,NA,NA,public,Four-year (large),National,Doctoral Universities,Majority undergraduate,city,NA,NA,NA,NA,NA,NA,NA,NA,NA,NA,89816,University Park,PA,15306,12764
Troy University,NA,NA,617,NA,NA,NA,NA,public,Four-year (large),NA,Master's Colleges & Universities,Majority undergraduate,town or rural,NA,NA,NA,NA,NA,NA,NA,NA,NA,NA,NA,,AL,623,17609
University of Central Missouri,NA,NA,1341,NA,NA,NA,NA,public,Four-year (median),NA,Master's Colleges & Universities,Majority undergraduate,town or rural,NA,NA,NA,NA,NA,NA,NA,NA,NA,NA,NA,Warrensburg,MO,2066,19638
University of Central Oklahoma,85,NA,635,NA,NA,NA,NA,public,Four-year (large),NA,Master's Colleges & Universities,Exclusive/Very high undergraduate,suburb,NA,NA,NA,NA,NA,NA,NA,NA,NA,NA,NA,Edmond,OK,1077,91191
University of Nebraska Omaha,127,0.05,292,NA,NA,NA,NA,public,Four-year (median),National,Special Focus Four-Year,Exclusive/Majority graduate,city,NA,NA,NA,NA,NA,NA,NA,NA,NA,NA,NA,Omaha,NE,3517,446970
University of North Alabama,NA,NA,697,NA,NA,NA,NA,public,Four-year (median),NA,Master's Colleges & Universities,Majority undergraduate,city,NA,NA,NA,NA,NA,NA,NA,NA,NA,NA,NA,Florence,AL,715,1524
University of North Dakota,20,0.05,NA,15067,NA,NA,NA,public,Four-year (large),National,Doctoral Universities,Majority undergraduate,city,NA,NA,NA,NA,NA,NA,NA,NA,NA,9796,NA,Grand Forks,ND,2881,57339
University of North Texas Health Science Center,340,NA,127,NA,NA,NA,NA,public,NA,NA,Special Focus Four-Year,Exclusive/Majority graduate,city,NA,NA,NA,NA,NA,NA,NA,NA,NA,NA,NA,Fort Worth,TX,2513,854113
University of Science and Arts of Oklahoma,NA,0.09,NA,NA,NA,NA,NA,public,Four-year (small),Liberal Arts,Baccalaureate Colleges,Exclusive/Very high undergraduate,town or rural,NA,NA,NA,NA,NA,NA,NA,NA,NA,NA,NA,Chickasha,OK,715,15786
University of Toledo,81,0.06,NA,20818,NA,NA,NA,public,Four-year (large),National,Doctoral Universities,Majority undergraduate,city,NA,NA,NA,NA,NA,NA,NA,NA,NA,14406,NA,Toledo,OH,3452,278508
Valencia College,102,NA,1345,NA,NA,NA,NA,public,Four-year (large),NA,Associate's Colleges,Exclusive/Very high undergraduate,city,NA,NA,NA,NA,NA,NA,NA,NA,NA,NA,45949,Orlando,FL,2707,277173
Wichita State University,159,0.05,NA,18166,NA,NA,NA,public,Four-year (large),National,Doctoral Universities,Majority undergraduate,city,NA,NA,NA,NA,NA,NA,NA,NA,NA,12406,NA,Wichita,KS,2448,389902
University of Denver,153,NA,599,54819,very competitive plus,NA,NA,private,Four-year (large),NA,Doctoral Universities,Majority undergraduate,city,M,10,Very High,NA,NA,NA,NA,NA,NA,5699,NA,Denver,CO,4530,693060
Boston College,18,NA,1471,61706,most competitive,301-400,401-500,private,Four-year (large),NA,Doctoral Universities,Majority undergraduate,city,L,13,Very High,0,13.5,16.8,23.5,17.8,0,9445,NA,Newton,MA,4991,89045
The New School,303,0.3,3599,52979,highly competitive plus,NA,501-600,private,Four-year (median),National,Doctoral Universities,Majority undergraduate,city,M,9,Very High,NA,NA,NA,NA,NA,NA,6430,NA,New York,NY,28211,8537673
American University,61,0.1,1305,51334,highly competitive plus,NA,601-800,private,Four-year (large),National,Doctoral Universities,Majority undergraduate,city,M,11,Medium High,NA,NA,NA,NA,NA,NA,7953,NA,Washington,DC,11158,681170
Howard University,NA,NA,531,28916,NA,NA,601-800,private,Four-year (large),NA,Doctoral Universities,Majority undergraduate,city,M,8,Medium High,NA,NA,NA,NA,NA,NA,7857,NA,Washington D.C.,DC,10984,712816
Fordham University,303,0.07,1982,55776,highly competitive,NA,801-1000,private,Four-year (large),National,Doctoral Universities,Majority undergraduate,city,L,13,Medium High,NA,NA,NA,NA,NA,NA,9399,NA,New York,NY,28211,8537673
Loyola University Chicago,228,NA,726,47498,highly competitive,NA,801-1000,private,Four-year (large),NA,Doctoral Universities,Majority undergraduate,city,L,12,Medium High,NA,NA,NA,NA,NA,NA,11612,NA,Chicago,IL,11883,2704958
Syracuse University,25,0.13,5443,57591,highly competitive,NA,601-800,private,Four-year (large),National,Doctoral Universities,Majority undergraduate,city,L,14,Very High,NA,NA,NA,NA,NA,NA,14479,NA,Syracuse,NY,5726,143378
Northeastern University,48,0.15,7595,57592,highly competitive,NA,301-400,private,Four-year (large),National,Doctoral Universities,Majority undergraduate,city,L,12,Very High,NA,NA,NA,NA,NA,NA,15156,NA,Boston,MA,13943,673184
Drexel University,134,0.09,2526,57136,NA,301-400,601-800,private,Four-year (large),National,Doctoral Universities,Majority undergraduate,city,L,11,Very High,0,19.2,9.7,31.4,21.8,0,14552,NA,Philadelphia,PA,11692,1567872
George Washington University,61,0.09,4024,59870,most competitive,NA,301-400,private,Four-year (large),National,Doctoral Universities,Majority undergraduate,city,L,11,Very High,NA,NA,NA,NA,NA,NA,11762,NA,Washington,DC,11158,681170
Wake Forest University,132,0.09,805,59770,most competitive,NA,401-500,private,Four-year (median),National,Doctoral Universities,Majority undergraduate,city,M,4,Very High,NA,NA,NA,NA,NA,NA,5441,NA,Winston-Salem,NC,1829,242203
Clark University,37,0.08,853,50302,highly competitive,NA,601-800,private,Four-year (median),National,Doctoral Universities,Majority undergraduate,city,S,12,Very High,NA,NA,NA,NA,NA,NA,2241,NA,Worcester,MA,4937,184508
Clarkson University,NA,NA,384,54370,NA,NA,NA,private,Four-year (median),NA,Doctoral Universities,Majority undergraduate,town or rural,S,14,Very High,NA,NA,NA,NA,NA,NA,2905,NA,Potsdam,NY,1645,15322
Stevens Institute of Technology,1,NA,1919,56920,highly competitive,NA,601-800,private,Four-year (median),NA,Doctoral Universities,Majority undergraduate,suburb,M,20,Very High,NA,NA,NA,NA,NA,NA,3670,NA,Hoboken,NJ,42484,54379
University of Tulsa,197,0.07,550,44838,highly competitive,NA,801-1000,private,Four-year (median),National,Doctoral Universities,Majority undergraduate,city,S,11,Very High,NA,NA,NA,NA,NA,NA,2929,NA,Tulsa,OK,2049,403090
Smith College,NA,0.14,368,NA,highly competitive plus,NA,601-800,private,Four-year (small),Liberal Arts,Baccalaureate Colleges,Majority undergraduate,suburb,S,8,Very High,NA,NA,NA,NA,NA,NA,NA,NA,Northampton,MA,863,29311
Illinois Institute of Technology,228,0.15,2330,50640,highly competitive plus,NA,401-500,private,Four-year (median),National,Doctoral Universities,Majority undergraduate,city,M,15,Very High,NA,NA,NA,NA,NA,NA,3123,NA,Chicago,IL,11883,2704958
Worcester Polytechnic Institute,37,0.06,837,55531,highly competitive plus,NA,NA,private,Four-year (median),National,Doctoral Universities,Majority undergraduate,city,M,14,Very High,NA,NA,NA,NA,NA,NA,4892,NA,Worcester,MA,4937,184508
Yeshiva University,303,0.09,467,47500,NA,301-400,201-300,private,Four-year (median),National,Doctoral Universities,Majority undergraduate,city,S,10,Very High,0,0,23.6,32.2,22.6,0,2017,NA,New York,NY,28211,8537673
University of Hartford,NA,0.06,412,44885,NA,NA,801-1000,private,Four-year (median),National,Doctoral Universities,Majority undergraduate,city,M,11,Medium High,NA,NA,NA,NA,NA,NA,4521,NA,West Hartford,CT,2900,63023
Lehigh University,19,0.08,1152,57470,most competitive,NA,NA,private,Four-year (median),National,Doctoral Universities,Majority undergraduate,city,M,11,Very High,NA,NA,NA,NA,NA,NA,5203,NA,Bethlehem,PA,3942,75293
University of the Pacific,62,0.08,389,52352,very competitive plus,NA,1001-1200,private,Four-year (median),National,Doctoral Universities,Majority undergraduate,city,M,10,Medium High,NA,NA,NA,NA,NA,NA,3524,NA,Stockton,CA,4979,307072
Seattle University,84,0.09,702,49335,NA,NA,801-1000,private,Four-year (median),National,Doctoral Universities,Majority undergraduate,city,M,11,Medium High,NA,NA,NA,NA,NA,NA,4299,NA,Seattle,WA,8391,704352
Brandeis University,13,0.2,1554,60391,most competitive,201-300,401-500,private,Four-year (median),National,Doctoral Universities,Majority undergraduate,city,M,9,Very High,12,9.6,16.4,18.7,27.8,19,3493,NA,Waltham,MA,4949,63002
Rensselaer Polytechnic Institute,NA,0.15,1594,58526,most competitive,NA,401-500,private,Four-year (median),National,Doctoral Universities,Majority undergraduate,city,M,12,Very High,NA,NA,NA,NA,NA,NA,6283,NA,Troy,NY,4987,50394
University of San Diego,325,0.06,638,52864,highly competitive,NA,1001-1200,private,Four-year (median),National,Doctoral Universities,Majority undergraduate,city,M,12,Medium High,NA,NA,NA,NA,NA,NA,5529,NA,San Diego,CA,4326,1406630
University of San Francisco,47,0.11,1419,53472,NA,NA,1001-1200,private,Four-year (median),National,Doctoral Universities,Majority undergraduate,city,M,14,Medium High,NA,NA,NA,NA,NA,NA,5852,NA,San Francisco,CA,18581,870887
Dartmouth College,NA,0.12,997,60870,most competitive,201-300,151-200,private,Four-year (median),National,Doctoral Universities,Majority undergraduate,town or rural,M,8,Very High,0,16.6,13.4,26.7,22.2,17.6,4170,NA,Hanover,NH,242,8744
Marquette University,96,NA,367,45766,highly competitive,NA,1001-1200,private,Four-year (large),NA,Doctoral Universities,Majority undergraduate,city,M,12,Very High,NA,NA,NA,NA,NA,NA,8024,NA,Milwaukee,WI,6191,595047
California Institute of Technology,23,0.08,692,58680,most competitive,1-20,1-20,private,Four-year (small),National,Doctoral Universities,Exclusive/Majority graduate,city,S,2,Very High,67.5,34.5,57.6,45,100,53.5,901,NA,Pasadena,CA,6185,142059
Southern Methodist University,341,NA,1213,NA,highly competitive,NA,801-1000,private,Four-year (large),NA,Doctoral Universities,Majority undergraduate,suburb,M,10,Very High,NA,NA,NA,NA,NA,NA,NA,NA,Dallas,TX,3870,1317929
Rice University,600,0.12,2278,52895,most competitive,51-100,51-100,private,Four-year (median),National,Doctoral Universities,Majority undergraduate,city,M,7,Very High,21.4,35.8,19.7,32.4,38.6,16.1,4076,NA,Houston,TX,3842,2303482
Princeton University,NA,0.12,1912,56010,most competitive,1-20,1-20,private,Four-year (median),National,Doctoral Universities,Majority undergraduate,city,M,8,Very High,97.9,44.9,47.1,44.2,73.3,55.8,4773,NA,Princeton,NJ,1710,30872
Rochester Institute of Technology,36,0.05,1586,52756,very competitive plus,NA,1001-1200,private,Four-year (large),National,Doctoral Universities,Majority undergraduate,suburb,L,12,Medium High,NA,NA,NA,NA,NA,NA,13412,NA,Rochester,NY,5838,208880
Baylor University,89,NA,777,50232,highly competitive,NA,1001-1200,private,Four-year (large),NA,Doctoral Universities,Majority undergraduate,city,L,13,Very High,NA,NA,NA,NA,NA,NA,14399,NA,Waco,TX,1511,134432
Brown University,18,0.11,2002,62404,most competitive,101-150,51-100,private,Four-year (median),National,Doctoral Universities,Majority undergraduate,city,M,7,Very High,19.7,9.6,20.5,46.1,33,14.4,6792,NA,Providence,RI,9740,179219
Tufts University,8,0.11,1798,63000,most competitive,151-200,201-300,private,Four-year (large),National,Doctoral Universities,Majority undergraduate,suburb,M,8,Very High,16.1,16.6,12.5,35.6,25.1,18.3,6114,NA,Medford,MA,7063,57213
Brigham Young University--Provo,42,0.05,1163,6120,NA,401-500,1001-1200,private,Four-year (large),National,Doctoral Universities,Exclusive/Very high undergraduate,city,XL,21,Very High,0,9.6,8.3,27.5,13.4,8.8,33365,36461,Provo,UT,2805,116868
Carnegie Mellon University,55,0.22,7396,58924,most competitive,51-100,51-100,private,Four-year (large),National,Doctoral Universities,Majority undergraduate,city,L,9,Very High,31.2,21.4,12.3,35.6,30.1,31.3,7073,NA,Pittsburgh,PA,5484,303625
University of Notre Dame,NA,0.06,1484,58843,most competitive,201-300,201-300,private,Four-year (large),National,Doctoral Universities,Majority undergraduate,suburb,L,8,Very High,0,16.6,14.5,32.8,20.8,12.4,8874,NA,Notre Dame,IN,6333,6699
Case Western Reserve University,78,0.13,2864,54020,most competitive,101-150,151-200,private,Four-year (large),National,Doctoral Universities,Exclusive/Majority graduate,city,M,7,Very High,10.7,19.2,15.8,40.5,24.7,32.5,5433,NA,Cleveland,OH,4965,385809
University of Rochester,36,0.25,3644,59344,most competitive,151-200,151-200,private,Four-year (large),National,Doctoral Universities,Majority undergraduate,city,M,5,Very High,7.6,13.5,17.5,39.9,17.9,27.8,6521,NA,Rochester,NY,5838,208880
Georgetown University,61,0.14,3286,59957,most competitive,201-300,201-300,private,Four-year (large),National,Doctoral Universities,Exclusive/Majority graduate,city,L,8,Very High,0,27.1,6,33,23.8,0,7357,NA,Washington,DC,11158,681170
University of Miami,13,0.11,2646,54760,most competitive,201-300,301-400,private,Four-year (large),National,Doctoral Universities,Majority undergraduate,city,L,6,Very High,0,16.6,13.6,42,20.7,0,11334,NA,Coral Gables,FL,3933,50815
Boston University,48,0.22,10646,59816,highly competitive plus,51-100,101-150,private,Four-year (large),National,Doctoral Universities,Majority undergraduate,city,L,10,Very High,11.4,30.3,24.3,53.1,23.8,11.4,16872,32718,Boston,MA,13943,673184
University of Chicago,228,0.16,4696,60963,most competitive,1-20,1-20,private,Four-year (large),National,Doctoral Universities,Exclusive/Majority graduate,city,L,6,Very High,90.1,35.8,42.5,52,44.2,59.2,6989,NA,Chicago,IL,11883,2704958
Emory University,133,0.17,2264,55468,most competitive,101-150,151-200,private,Four-year (large),National,Doctoral Universities,Majority undergraduate,city,L,5,Very High,0,19.2,25.3,54.8,21.8,0,7010,NA,Atlanta,GA,3549,472522
Cornell University,NA,0.1,6692,61015,most competitive,1-20,21-50,private,Four-year (large),National,Doctoral Universities,Majority undergraduate,city,L,8,Very High,49.1,46.9,47.3,61.6,43.4,43.1,14743,NA,Ithaca,NY,5958,31710
Massachusetts Institute of Technology,6,0.1,3730,55878,most competitive,1-20,1-20,private,Four-year (large),National,Doctoral Universities,Exclusive/Majority graduate,city,M,4,Very High,83.6,52.5,71.4,64.4,70.3,70.9,4361,NA,Cambridge,MA,17316,110651
University of Southern California,469,0.12,14992,60275,most competitive,51-100,101-150,private,Four-year (large),National,Doctoral Universities,Exclusive/Majority graduate,city,XL,10,Very High,31.3,31.8,20.4,55.1,24.6,0,19606,46287,Los Angeles,CA,8484,3976322
Northwestern University,8,0.1,3846,60984,most competitive,21-50,21-50,private,Four-year (large),National,Doctoral Universities,Exclusive/Majority graduate,city,L,5,Very High,27.6,48.8,33.3,62.2,31.7,15.2,8194,NA,Evanston,IL,9627,74895
Vanderbilt University,475,0.1,2022,56966,most competitive,21-50,201-300,private,Four-year (large),National,Doctoral Universities,Majority undergraduate,city,L,3,Very High,28.6,30.3,23,53.4,35.3,15.2,7057,NA,Nashville,TN,1390,660388
Harvard University,6,0.12,5877,55587,most competitive,1-20,1-20,private,Four-year (large),National,Doctoral Universities,Exclusive/Majority graduate,city,L,5,Very High,100,100,100,100,79.6,100,5222,30391,Cambridge,MA,17316,110651
Stanford University,NA,0.11,3879,56169,most competitive,1-20,1-20,private,Four-year (large),National,Doctoral Universities,Exclusive/Majority graduate,suburb,L,3,Very High,88.5,76.6,78.6,76.5,56,44.5,6366,NA,Stanford,CA,7600,16200
Johns Hopkins University,81,0.14,6723,58720,most competitive,1-20,21-50,private,Four-year (large),National,Doctoral Universities,Exclusive/Majority graduate,city,L,3,Very High,33.2,37.1,43.4,75.7,28.7,37.3,6331,28890,Baltimore,MD,7594,614664
University of Pennsylvania,134,0.13,6562,61710,most competitive,1-20,1-20,private,Four-year (large),National,Doctoral Universities,Exclusive/Majority graduate,city,L,4,Very High,33.4,46.9,41.7,69.7,39.7,31.3,9872,NA,Philadelphia,PA,11692,1567872
Yale University,19,0.1,2537,59950,most competitive,1-20,1-20,private,Four-year (large),National,Doctoral Universities,Exclusive/Majority graduate,city,M,2,Very High,49.7,44.9,53.4,58.7,35.7,47.1,4703,NA,New Haven,CT,6956,129934
Duke University,107,0.09,3445,60489,most competitive,21-50,51-100,private,Four-year (large),National,Doctoral Universities,Exclusive/Majority graduate,city,L,3,Very High,19,55.9,35.6,63.9,25.5,15.2,6717,NA,Durham,NC,2450,263016
New York University,303,0.24,17050,56500,most competitive,21-50,21-50,private,Four-year (large),National,Doctoral Universities,Majority undergraduate,city,XL,6,Very High,31.5,25.3,39.5,60.6,20.8,29.6,27444,52775,New York,NY,28211,8537673
Abilene Christian University,107,0.05,NA,NA,NA,NA,NA,private,Four-year (median),National,Doctoral Universities,Majority undergraduate,city,NA,NA,NA,NA,NA,NA,NA,NA,NA,NA,NA,Abilene,TX,1145,122225
Alvernia University,10,0.05,NA,NA,NA,NA,NA,private,Four-year (small),National,Doctoral Universities,Majority undergraduate,city,NA,NA,NA,NA,NA,NA,NA,NA,NA,NA,NA,Reading,PA,8864,87575
American Film Institute Conservatory,469,NA,136,NA,NA,NA,NA,private,NA,NA,Special Focus Four-Year,Exclusive/Majority graduate,city,NA,NA,NA,NA,NA,NA,NA,NA,NA,NA,NA,Los Angeles,CA,8484,3976322
Amherst College,NA,0.1,201,NA,most competitive,NA,NA,private,Four-year (small),Liberal Arts,Baccalaureate Colleges,Exclusive/Very high undergraduate,suburb,NA,NA,NA,NA,NA,NA,NA,NA,NA,NA,NA,Amherst,MA,1422,37819
Andrews University,NA,0.18,NA,31008,NA,NA,NA,private,Four-year (small),National,Doctoral Universities,Majority undergraduate,town or rural,NA,NA,NA,NA,NA,NA,NA,NA,NA,1708,NA,Berrien Springs,MI,2081,1816
Aquinas College,44,0.05,NA,NA,NA,NA,NA,private,Four-year (small),Liberal Arts,Baccalaureate Colleges,Exclusive/Very high undergraduate,city,NA,NA,NA,NA,NA,NA,NA,NA,NA,NA,NA,Grand Rapids,MI,4424,196445
Augustana College,NA,0.13,NA,NA,highly competitive,NA,NA,private,Four-year (small),Liberal Arts,Baccalaureate Colleges,Exclusive/Very high undergraduate,city,NA,NA,NA,NA,NA,NA,NA,NA,NA,NA,NA,Rock Island,IL,2177,36636
Babson College,NA,NA,1084,NA,highly competitive,NA,NA,private,Four-year (small),NA,Special Focus Four-Year,Majority undergraduate,suburb,NA,NA,NA,NA,NA,NA,NA,NA,NA,NA,NA,Wellesley,MA,2980,28747
Bard College,NA,0.12,263,NA,highly competitive plus,NA,NA,private,Four-year (small),Liberal Arts,Baccalaureate Colleges,Majority undergraduate,town or rural,NA,NA,NA,NA,NA,NA,NA,NA,NA,NA,NA,Annandale on Hudson,NY,1010,1485
Barnard College,303,0.13,387,NA,most competitive,NA,NA,private,Four-year (small),Liberal Arts,Baccalaureate Colleges,Exclusive/Very high undergraduate,city,NA,NA,NA,NA,NA,NA,NA,NA,NA,NA,NA,New York,NY,28211,8537673
Bates College,NA,0.09,NA,NA,most competitive,NA,NA,private,Four-year (small),Liberal Arts,Baccalaureate Colleges,Exclusive/Very high undergraduate,city,NA,NA,NA,NA,NA,NA,NA,NA,NA,NA,NA,Lewiston,ME,1087,36617
Baylor College of Medicine,600,NA,247,NA,NA,101-150,NA,private,NA,NA,Special Focus Four-Year,Exclusive/Majority graduate,city,NA,NA,NA,0,23.5,30.1,44.5,19.1,0,NA,NA,Houston,TX,3842,2303482
Beloit College,NA,0.14,NA,NA,highly competitive plus,NA,NA,private,Four-year (small),Liberal Arts,Baccalaureate Colleges,Exclusive/Very high undergraduate,city,NA,NA,NA,NA,NA,NA,NA,NA,NA,NA,NA,Beloit,WI,2115,36609
Bennington College,NA,0.18,NA,NA,highly competitive,NA,NA,private,Four-year (small),Liberal Arts,Baccalaureate Colleges,Majority undergraduate,town or rural,NA,NA,NA,NA,NA,NA,NA,NA,NA,NA,NA,Bennington,VT,360,15333
Bentley University,13,NA,968,NA,NA,NA,NA,private,Four-year (median),NA,Master's Colleges & Universities,Majority undergraduate,city,NA,NA,NA,NA,NA,NA,NA,NA,NA,NA,NA,Waltham,MA,4949,63002
Berea College,NA,0.08,NA,NA,very competitive plus,NA,NA,private,Four-year (small),Liberal Arts,Baccalaureate Colleges,Exclusive/Very high undergraduate,town or rural,NA,NA,NA,NA,NA,NA,NA,NA,NA,NA,NA,Berea,KY,965,15924
Berklee College of Music,48,NA,1685,NA,NA,NA,NA,private,Four-year (median),NA,Master's Colleges & Universities,Majority undergraduate,city,NA,NA,NA,NA,NA,NA,NA,NA,NA,NA,NA,Boston,MA,13943,673184
Bethany Lutheran College,NA,0.2,NA,NA,NA,NA,NA,private,Four-year (small),Liberal Arts,Baccalaureate Colleges,Exclusive/Very high undergraduate,city,NA,NA,NA,NA,NA,NA,NA,NA,NA,NA,NA,Mankato,MN,2386,44693
Biola University,NA,0.06,NA,44382,NA,NA,NA,private,Four-year (median),National,Doctoral Universities,Majority undergraduate,suburb,NA,NA,NA,NA,NA,NA,NA,NA,NA,3682,NA,La Mirada,CA,6124,46658
Boston Architectural College,48,NA,192,NA,NA,NA,NA,private,Four-year (small),NA,Special Focus Four-Year,Exclusive/Majority graduate,city,NA,NA,NA,NA,NA,NA,NA,NA,NA,NA,NA,Boston,MA,13943,673184
Bowdoin College,NA,0.07,NA,NA,most competitive,NA,NA,private,Four-year (small),Liberal Arts,Baccalaureate Colleges,Exclusive/Very high undergraduate,town or rural,NA,NA,NA,NA,NA,NA,NA,NA,NA,NA,NA,Brunswick,ME,1198,20329
Briar Cliff University,57,0.07,NA,NA,NA,NA,NA,private,Four-year (small),National,Doctoral Universities,Majority undergraduate,city,NA,NA,NA,NA,NA,NA,NA,NA,NA,NA,NA,Sioux City,IA,1445,82872
Bryn Mawr College,NA,0.15,288,NA,most competitive,NA,NA,private,Four-year (small),Liberal Arts,Baccalaureate Colleges,Majority undergraduate,suburb,NA,NA,NA,NA,NA,NA,NA,NA,NA,NA,NA,Bryn Mawr,PA,6143,5611
Bucknell University,NA,0.05,234,NA,most competitive,NA,NA,private,Four-year (median),Liberal Arts,Baccalaureate Colleges,Exclusive/Very high undergraduate,town or rural,NA,NA,NA,NA,NA,NA,NA,NA,NA,NA,NA,Lewisburg,PA,18927,815201
California College of the Arts,47,NA,701,NA,NA,NA,NA,private,Four-year (small),NA,Special Focus Four-Year,Majority undergraduate,city,NA,NA,NA,NA,NA,NA,NA,NA,NA,NA,NA,San Francisco,CA,18581,870887
California Institute of the Arts,NA,NA,387,NA,NA,NA,NA,private,Four-year (small),NA,Master's Colleges & Universities,Majority undergraduate,suburb,NA,NA,NA,NA,NA,NA,NA,NA,NA,NA,NA,Valencia,CA,2107,63070
Cardinal Stritch University,96,0.21,NA,34762,NA,NA,NA,private,Four-year (small),National,Doctoral Universities,Majority undergraduate,suburb,NA,NA,NA,NA,NA,NA,NA,NA,NA,1068,NA,Milwaukee,WI,6191,595047
Carleton College,NA,0.1,217,NA,most competitive,NA,NA,private,Four-year (small),Liberal Arts,Baccalaureate Colleges,Exclusive/Very high undergraduate,town or rural,NA,NA,NA,NA,NA,NA,NA,NA,NA,NA,NA,Northfield,MN,2465,20729
Carson-Newman University,NA,0.06,NA,31320,NA,NA,NA,private,Four-year (small),National,Doctoral Universities,Majority undergraduate,suburb,NA,NA,NA,NA,NA,NA,NA,NA,NA,1722,NA,Jefferson City,TN,1286,8262
Claremont McKenna College,NA,0.15,NA,NA,most competitive,NA,NA,private,Four-year (small),Liberal Arts,Baccalaureate Colleges,Exclusive/Very high undergraduate,suburb,NA,NA,NA,NA,NA,NA,NA,NA,NA,NA,NA,Claremont,CA,2826,35703
Clarke University,30,0.06,NA,36870,NA,NA,NA,private,Four-year (small),National,Doctoral Universities,Majority undergraduate,city,NA,NA,NA,NA,NA,NA,NA,NA,NA,659,NA,Dubuque,IA,1953,58531
Colby College,NA,0.09,199,NA,most competitive,NA,NA,private,Four-year (small),Liberal Arts,Baccalaureate Colleges,Exclusive/Very high undergraduate,town or rural,NA,NA,NA,NA,NA,NA,NA,NA,NA,NA,NA,Waterville,ME,1171,15959
Colgate University,NA,0.09,319,NA,most competitive,NA,NA,private,Four-year (median),Liberal Arts,Baccalaureate Colleges,Exclusive/Very high undergraduate,town or rural,NA,NA,NA,NA,NA,NA,NA,NA,NA,NA,NA,Hamilton,NY,1647,3736
Colorado College,195,0.07,NA,NA,highly competitive plus,NA,NA,private,Four-year (small),Liberal Arts,Baccalaureate Colleges,Exclusive/Very high undergraduate,city,NA,NA,NA,NA,NA,NA,NA,NA,NA,NA,NA,Colorado Springs,CO,2391,465101
Concordia College at Moorhead,NA,0.06,NA,NA,NA,NA,NA,private,Four-year (small),Liberal Arts,Baccalaureate Colleges,Exclusive/Very high undergraduate,suburb,NA,NA,NA,NA,NA,NA,NA,NA,NA,NA,NA,Moorhead,MN,2057,44668
Connecticut College,NA,0.09,NA,NA,most competitive,NA,NA,private,Four-year (small),Liberal Arts,Baccalaureate Colleges,Exclusive/Very high undergraduate,city,NA,NA,NA,NA,NA,NA,NA,NA,NA,NA,NA,New London,CT,4868,27635
Dallas Baptist University,341,0.06,NA,33620,NA,NA,NA,private,Four-year (median),National,Doctoral Universities,Majority undergraduate,city,NA,NA,NA,NA,NA,NA,NA,NA,NA,2874,NA,Dallas,TX,3870,1317929
Davidson College,NA,0.08,NA,NA,most competitive,NA,NA,private,Four-year (small),Liberal Arts,Baccalaureate Colleges,Exclusive/Very high undergraduate,suburb,NA,NA,NA,NA,NA,NA,NA,NA,NA,NA,NA,Davidson,NC,2671,15132
Denison University,NA,0.17,397,NA,highly competitive plus,NA,NA,private,Four-year (small),Liberal Arts,Baccalaureate Colleges,Exclusive/Very high undergraduate,suburb,NA,NA,NA,NA,NA,NA,NA,NA,NA,NA,NA,Granville,OH,1236,5709
DePauw University,NA,0.17,278,NA,NA,NA,NA,private,Four-year (small),Liberal Arts,Baccalaureate Colleges,Exclusive/Very high undergraduate,town or rural,NA,NA,NA,NA,NA,NA,NA,NA,NA,NA,NA,Greencastle,IN,1854,9983
Dickinson College,NA,0.11,209,NA,highly competitive plus,NA,NA,private,Four-year (small),Liberal Arts,Baccalaureate Colleges,Exclusive/Very high undergraduate,city,NA,NA,NA,NA,NA,NA,NA,NA,NA,NA,NA,Carlisle,PA,3688,20144
Drew University,NA,0.11,442,NA,NA,NA,NA,private,Four-year (small),Liberal Arts,Baccalaureate Colleges,Majority undergraduate,suburb,NA,NA,NA,NA,NA,NA,NA,NA,NA,NA,NA,Madison,NJ,3977,16948
Earlham College,NA,0.2,207,NA,very competitive plus,NA,NA,private,Four-year (small),Liberal Arts,Baccalaureate Colleges,Exclusive/Very high undergraduate,town or rural,NA,NA,NA,NA,NA,NA,NA,NA,NA,NA,NA,Richmond,IN,3856,35817
Emerson College,48,NA,640,NA,highly competitive,NA,NA,private,Four-year (median),NA,Master's Colleges & Universities,Majority undergraduate,city,NA,NA,NA,NA,NA,NA,NA,NA,NA,NA,NA,Boston,MA,13943,673184
Fairfax University of America,NA,NA,166,NA,NA,NA,NA,private,Four-year (small),NA,Baccalaureate Colleges,Exclusive/Majority graduate,suburb,NA,NA,NA,NA,NA,NA,NA,NA,NA,NA,NA,Fairfax,VA,4097,24276
Fisk University,475,0.12,NA,NA,NA,NA,NA,private,Four-year (small),Liberal Arts,Baccalaureate Colleges,Exclusive/Very high undergraduate,city,NA,NA,NA,NA,NA,NA,NA,NA,NA,NA,NA,Nashville,TN,1390,660388
Florida Institute of Technology,34,0.19,NA,43246,NA,NA,NA,private,Four-year (median),National,Doctoral Universities,Majority undergraduate,city,NA,NA,NA,NA,NA,NA,NA,NA,NA,3475,NA,Melbourne,FL,2398,81185
Franklin and Marshall College,7,0.18,430,NA,most competitive,NA,NA,private,Four-year (small),Liberal Arts,Baccalaureate Colleges,Exclusive/Very high undergraduate,city,NA,NA,NA,NA,NA,NA,NA,NA,NA,NA,NA,Lancaster,PA,8191,59218
Gallaudet University,61,0.05,NA,17112,NA,NA,NA,private,Four-year (small),National,Doctoral Universities,Majority undergraduate,city,NA,NA,NA,NA,NA,NA,NA,NA,NA,1019,NA,Washington,DC,11158,681170
Gannon University,19,0.1,NA,34526,NA,NA,NA,private,Four-year (median),National,Doctoral Universities,Majority undergraduate,city,NA,NA,NA,NA,NA,NA,NA,NA,NA,3208,NA,Erie,PA,5167,98593
Gettysburg College,NA,0.05,NA,NA,highly competitive plus,NA,NA,private,Four-year (small),Liberal Arts,Baccalaureate Colleges,Exclusive/Very high undergraduate,city,NA,NA,NA,NA,NA,NA,NA,NA,NA,NA,NA,Gettysburg,PA,4220,7392
Gordon College,NA,0.08,NA,NA,NA,NA,NA,private,Four-year (small),Liberal Arts,Baccalaureate Colleges,Majority undergraduate,suburb,NA,NA,NA,NA,NA,NA,NA,NA,NA,NA,NA,Wenham,MA,610,5284
Grinnell College,NA,0.2,346,NA,highly competitive,NA,NA,private,Four-year (small),Liberal Arts,Baccalaureate Colleges,Exclusive/Very high undergraduate,town or rural,NA,NA,NA,NA,NA,NA,NA,NA,NA,NA,NA,Grinnell,IA,1681,9513
Hamilton College,NA,0.07,NA,NA,most competitive,NA,NA,private,Four-year (small),Liberal Arts,Baccalaureate Colleges,Exclusive/Very high undergraduate,suburb,NA,NA,NA,NA,NA,NA,NA,NA,NA,NA,NA,Clinton,NY,2688,1664
Hampshire College,NA,0.06,NA,NA,highly competitive,NA,NA,private,Four-year (small),Liberal Arts,Baccalaureate Colleges,Exclusive/Very high undergraduate,suburb,NA,NA,NA,NA,NA,NA,NA,NA,NA,NA,NA,Amherst,MA,1422,37819
Harding University,NA,0.06,NA,22470,NA,NA,NA,private,Four-year (median),National,Doctoral Universities,Majority undergraduate,town or rural,NA,NA,NA,NA,NA,NA,NA,NA,NA,3574,NA,Searcy,AR,1252,23098
Harvey Mudd College,NA,0.09,NA,NA,most competitive,NA,NA,private,Four-year (small),Liberal Arts,Baccalaureate Colleges,Exclusive/Very high undergraduate,suburb,NA,NA,NA,NA,NA,NA,NA,NA,NA,NA,NA,Claremont,CA,35703,2826
Haverford College,NA,0.11,NA,NA,most competitive,NA,NA,private,Four-year (small),Liberal Arts,Baccalaureate Colleges,Exclusive/Very high undergraduate,suburb,NA,NA,NA,NA,NA,NA,NA,NA,NA,NA,NA,Haverford,PA,1818,49391
Hollins University,43,0.09,NA,NA,NA,NA,NA,private,Four-year (small),Liberal Arts,Baccalaureate Colleges,Exclusive/Very high undergraduate,suburb,NA,NA,NA,NA,NA,NA,NA,NA,NA,NA,NA,Roanoke,VA,2342,99660
Juniata College,NA,0.07,NA,NA,NA,NA,NA,private,Four-year (small),Liberal Arts,Baccalaureate Colleges,Exclusive/Very high undergraduate,town or rural,NA,NA,NA,NA,NA,NA,NA,NA,NA,NA,NA,Huntingdon,PA,2012,6818
Kenyon College,NA,0.1,NA,NA,most competitive,NA,NA,private,Four-year (small),Liberal Arts,Baccalaureate Colleges,Exclusive/Very high undergraduate,town or rural,NA,NA,NA,NA,NA,NA,NA,NA,NA,NA,NA,Gambier,OH,2362,2193
Knox College,NA,0.16,NA,NA,highly competitive plus,NA,NA,private,Four-year (small),Liberal Arts,Baccalaureate Colleges,Exclusive/Very high undergraduate,town or rural,NA,NA,NA,NA,NA,NA,NA,NA,NA,NA,NA,Galesburg,IL,1692,29712
Lafayette College,NA,0.08,255,NA,most competitive,NA,NA,private,Four-year (small),Liberal Arts,Baccalaureate Colleges,Exclusive/Very high undergraduate,suburb,NA,NA,NA,NA,NA,NA,NA,NA,NA,NA,NA,Easton,PA,6660,28057
Lake Forest College,NA,0.16,NA,NA,very competitive plus,NA,NA,private,Four-year (small),Liberal Arts,Baccalaureate Colleges,Exclusive/Very high undergraduate,suburb,NA,NA,NA,NA,NA,NA,NA,NA,NA,NA,NA,Lake Forest,IL,1126,19253
Lawrence Technological University,26,NA,597,NA,NA,NA,NA,private,Four-year (small),NA,Master's Colleges & Universities,Majority undergraduate,city,NA,NA,NA,NA,NA,NA,NA,NA,NA,NA,NA,Southfield,MI,2783,73100
Lawrence University,24,0.12,NA,NA,highly competitive plus,NA,NA,private,Four-year (small),Liberal Arts,Baccalaureate Colleges,Exclusive/Very high undergraduate,city,NA,NA,NA,NA,NA,NA,NA,NA,NA,NA,NA,Appleton,WI,3057,74370
Lincoln Memorial University,NA,0.06,NA,24210,NA,NA,NA,private,Four-year (median),National,Doctoral Universities,Exclusive/Majority graduate,town or rural,NA,NA,NA,NA,NA,NA,NA,NA,NA,1817,NA,Harrogate,TN,606,4327
Loma Linda University,NA,NA,327,NA,NA,NA,NA,private,Four-year (median),NA,Doctoral Universities,Exclusive/Majority graduate,suburb,NA,NA,NA,NA,NA,NA,NA,NA,NA,NA,NA,Loma Linda,CA,3278,25072
Loyola Marymount University,469,0.1,NA,53051,NA,NA,NA,private,Four-year (median),National,Doctoral Universities,Majority undergraduate,city,NA,NA,NA,NA,NA,NA,NA,NA,NA,6673,NA,Los Angeles,CA,8484,3976322
Luther College,NA,0.1,NA,NA,NA,NA,NA,private,Four-year (small),Liberal Arts,Baccalaureate Colleges,Exclusive/Very high undergraduate,town or rural,NA,NA,NA,NA,NA,NA,NA,NA,NA,NA,NA,Decorah,IA,1052,7747
Lynn University,29,NA,542,NA,NA,NA,NA,private,Four-year (small),NA,Master's Colleges & Universities,Majority undergraduate,city,NA,NA,NA,NA,NA,NA,NA,NA,NA,NA,NA,Boca Raton,FL,3277,96114
Lyon College,NA,0.08,NA,NA,highly competitive,NA,NA,private,Four-year (small),Liberal Arts,Baccalaureate Colleges,Exclusive/Very high undergraduate,town or rural,NA,NA,NA,NA,NA,NA,NA,NA,NA,NA,NA,Batesville,AR,965,11166
Macalester College,52,0.13,388,NA,most competitive,NA,NA,private,Four-year (small),Liberal Arts,Baccalaureate Colleges,Exclusive/Very high undergraduate,city,NA,NA,NA,NA,NA,NA,NA,NA,NA,NA,NA,St. Paul,MN,5818,302398
Maryland Institute College of Art,81,NA,541,NA,NA,NA,NA,private,Four-year (small),NA,Special Focus Four-Year,Majority undergraduate,city,NA,NA,NA,NA,NA,NA,NA,NA,NA,NA,NA,Baltimore,MD,7594,614664
Marymount University,NA,0.14,NA,NA,NA,NA,NA,private,Four-year (small),National,Doctoral Universities,Majority undergraduate,city,NA,NA,NA,NA,NA,NA,NA,NA,NA,NA,NA,Arlington,VA,9418,238643
Maryville College,NA,0.05,NA,NA,NA,NA,NA,private,Four-year (small),Liberal Arts,Baccalaureate Colleges,Exclusive/Very high undergraduate,suburb,NA,NA,NA,NA,NA,NA,NA,NA,NA,NA,NA,Maryville,TN,1901,32263
MCPHS University,48,NA,941,NA,NA,NA,NA,private,Four-year (median),NA,Special Focus Four-Year,Majority undergraduate,city,NA,NA,NA,NA,NA,NA,NA,NA,NA,NA,NA,Boston,MA,13943,673184
Menlo College,NA,NA,170,NA,NA,NA,NA,private,Four-year (small),NA,Special Focus Four-Year,Exclusive/Very high undergraduate,suburb,NA,NA,NA,NA,NA,NA,NA,NA,NA,NA,NA,Atherton,CA,1433,6915
Middlebury College,NA,0.11,293,NA,most competitive,NA,NA,private,Four-year (small),Liberal Arts,Baccalaureate Colleges,Exclusive/Very high undergraduate,town or rural,NA,NA,NA,NA,NA,NA,NA,NA,NA,NA,NA,Middlebury,VT,535,7448
Missouri Valley College,NA,NA,283,NA,NA,NA,NA,private,Four-year (small),NA,Baccalaureate Colleges,Exclusive/Very high undergraduate,town or rural,NA,NA,NA,NA,NA,NA,NA,NA,NA,NA,NA,Marshall,MO,1364,13506
Moody Bible Institute,228,NA,164,NA,NA,NA,NA,private,Four-year (small),NA,Special Focus Four-Year,Majority undergraduate,city,NA,NA,NA,NA,NA,NA,NA,NA,NA,NA,NA,Chicago,IL,11883,2704958
Mount Holyoke College,NA,0.24,646,NA,highly competitive plus,NA,NA,private,Four-year (small),Liberal Arts,Baccalaureate Colleges,Exclusive/Very high undergraduate,suburb,NA,NA,NA,NA,NA,NA,NA,NA,NA,NA,NA,South Hadley,MA,945,17806
New York School of Interior Design,303,NA,117,NA,NA,NA,NA,private,Four-year (small),NA,Special Focus Four-Year,Majority undergraduate,city,NA,NA,NA,NA,NA,NA,NA,NA,NA,NA,NA,New York,NY,28211,8537673
Niagara University,NA,NA,661,NA,NA,NA,NA,private,Four-year (median),NA,Master's Colleges & Universities,Majority undergraduate,suburb,NA,NA,NA,NA,NA,NA,NA,NA,NA,NA,NA,Lewiston,NY,431,2695
Nova Southeastern University,NA,0.05,NA,34570,NA,NA,NA,private,Four-year (large),National,Doctoral Universities,Exclusive/Majority graduate,suburb,NA,NA,NA,NA,NA,NA,NA,NA,NA,6314,NA,Ft. Lauderdale,FL,5284,181668
Oakland City University,NA,0.07,NA,NA,NA,NA,NA,private,Four-year (small),National,Doctoral Universities,Majority undergraduate,town or rural,NA,NA,NA,NA,NA,NA,NA,NA,NA,NA,NA,Oakland City,IN,2203,2278
Oberlin College,NA,0.11,342,NA,most competitive,NA,NA,private,Four-year (small),Liberal Arts,Baccalaureate Colleges,Exclusive/Very high undergraduate,town or rural,NA,NA,NA,NA,NA,NA,NA,NA,NA,NA,NA,Oberlin,OH,1751,8249
Occidental College,469,0.06,NA,NA,most competitive,NA,NA,private,Four-year (small),Liberal Arts,Baccalaureate Colleges,Exclusive/Very high undergraduate,city,NA,NA,NA,NA,NA,NA,NA,NA,NA,NA,NA,Los Angeles,CA,8484,3976322
Oglethorpe University,133,0.1,NA,NA,NA,NA,NA,private,Four-year (small),Liberal Arts,Baccalaureate Colleges,Exclusive/Very high undergraduate,suburb,NA,NA,NA,NA,NA,NA,NA,NA,NA,NA,NA,Atlanta,GA,3549,472522
Ohio Wesleyan University,NA,0.07,NA,NA,NA,NA,NA,private,Four-year (small),Liberal Arts,Baccalaureate Colleges,Exclusive/Very high undergraduate,suburb,NA,NA,NA,NA,NA,NA,NA,NA,NA,NA,NA,Delaware,OH,2208,42814
Oklahoma City University,606,0.06,NA,32744,NA,NA,NA,private,Four-year (small),National,Doctoral Universities,Majority undergraduate,city,NA,NA,NA,NA,NA,NA,NA,NA,NA,1526,NA,Oklahoma City,OK,1053,638367
Oral Roberts University,197,0.15,NA,NA,NA,NA,NA,private,Four-year (median),National,Master's Colleges & Universities,Majority undergraduate,city,NA,NA,NA,NA,NA,NA,NA,NA,NA,NA,NA,Tulsa,OK,2049,403090
Otis College of Art and Design,469,NA,241,NA,NA,NA,NA,private,Four-year (small),NA,Special Focus Four-Year,Exclusive/Very high undergraduate,city,NA,NA,NA,NA,NA,NA,NA,NA,NA,NA,NA,Los Angeles,CA,8484,3976322
Pace University,303,0.07,NA,48830,NA,NA,NA,private,Four-year (large),National,Doctoral Universities,Majority undergraduate,city,NA,NA,NA,NA,NA,NA,NA,NA,NA,7994,NA,New York,NY,28211,8537673
Pepperdine University,NA,0.09,NA,59702,highly competitive,NA,NA,private,Four-year (median),National,Doctoral Universities,Exclusive/Majority graduate,suburb,NA,NA,NA,NA,NA,NA,NA,NA,NA,3459,NA,Malibu,CA,540,10429
Pitzer College,NA,0.07,NA,NA,highly competitive,NA,NA,private,Four-year (small),Liberal Arts,Baccalaureate Colleges,Exclusive/Very high undergraduate,suburb,NA,NA,NA,NA,NA,NA,NA,NA,NA,NA,NA,Claremont,CA,2826,35703
Pomona College,NA,0.11,NA,NA,most competitive,NA,NA,private,Four-year (small),Liberal Arts,Baccalaureate Colleges,Exclusive/Very high undergraduate,suburb,NA,NA,NA,NA,NA,NA,NA,NA,NA,NA,NA,Claremont,CA,2826,35703
Principia College,NA,0.24,NA,NA,NA,NA,NA,private,Four-year (small),Liberal Arts,Baccalaureate Colleges,Exclusive/Very high undergraduate,town or rural,NA,NA,NA,NA,NA,NA,NA,NA,NA,NA,NA,Elsah,IL,475,528
Randolph College,49,0.05,NA,NA,NA,NA,NA,private,Four-year (small),Liberal Arts,Baccalaureate Colleges,Majority undergraduate,city,NA,NA,NA,NA,NA,NA,NA,NA,NA,NA,NA,Lynchburg,VA,1633,80212
Rhode Island School of Design,18,NA,1077,NA,NA,NA,NA,private,Four-year (small),NA,Master's Colleges & Universities,Majority undergraduate,city,NA,NA,NA,NA,NA,NA,NA,NA,NA,NA,NA,Providence,RI,9740,179219
Rhodes College,315,0.06,NA,NA,highly competitive plus,NA,NA,private,Four-year (small),Liberal Arts,Baccalaureate Colleges,Exclusive/Very high undergraduate,city,NA,NA,NA,NA,NA,NA,NA,NA,NA,NA,NA,Memphis,TN,2072,652717
Ringling College of Art and Design,15,NA,346,NA,NA,NA,NA,private,Four-year (small),NA,Special Focus Four-Year,Exclusive/Very high undergraduate,city,NA,NA,NA,NA,NA,NA,NA,NA,NA,NA,NA,Sarasota,FL,3862,56610
Robert Morris University,NA,0.06,NA,32770,NA,NA,NA,private,Four-year (median),National,Doctoral Universities,Exclusive/Very high undergraduate,suburb,NA,NA,NA,NA,NA,NA,NA,NA,NA,3312,NA,Moon Township,PA,939,25480
Rose-Hulman Institute of Technology,35,NA,255,NA,most competitive,NA,NA,private,Four-year (small),NA,Special Focus Four-Year,Exclusive/Very high undergraduate,city,NA,NA,NA,NA,NA,NA,NA,NA,NA,NA,NA,Terre Haute,IN,1762,60852
Saint Leo University,NA,0.14,NA,NA,NA,NA,NA,private,Four-year (median),National,Doctoral Universities,Majority undergraduate,suburb,NA,NA,NA,NA,NA,NA,NA,NA,NA,NA,NA,Saint Leo,FL,2103,1634
San Francisco Conservatory of Music,47,NA,139,NA,NA,NA,NA,private,Four-year (small),NA,Special Focus Four-Year,Majority undergraduate,city,NA,NA,NA,NA,NA,NA,NA,NA,NA,NA,NA,San Francisco,CA,18581,870887
Santa Clara University,18,0.06,NA,55860,highly competitive,NA,NA,private,Four-year (median),National,Doctoral Universities,Majority undergraduate,city,NA,NA,NA,NA,NA,NA,NA,NA,NA,5608,NA,Santa Clara,CA,6841,125948
Sarah Lawrence College,NA,0.07,NA,NA,highly competitive,NA,NA,private,Four-year (small),Liberal Arts,Baccalaureate Colleges,Majority undergraduate,suburb,NA,NA,NA,NA,NA,NA,NA,NA,NA,NA,NA,Bronxville,NY,6848,6525
Savannah College of Art and Design,103,NA,4083,NA,NA,NA,NA,private,Four-year (large),NA,Master's Colleges & Universities,Majority undergraduate,city,NA,NA,NA,NA,NA,NA,NA,NA,NA,NA,NA,Savannah,GA,1423,146763
School of the Art Institute of Chicago,228,NA,1092,NA,NA,NA,NA,private,Four-year (small),NA,Special Focus Four-Year,Majority undergraduate,city,NA,NA,NA,NA,NA,NA,NA,NA,NA,NA,NA,Chicago,IL,11883,2704958
Seattle Pacific University,84,0.05,NA,35646,NA,NA,NA,private,Four-year (median),National,Doctoral Universities,Majority undergraduate,city,NA,NA,NA,NA,NA,NA,NA,NA,NA,2702,NA,Seattle,WA,8391,704352
Skidmore College,NA,0.09,291,NA,highly competitive plus,NA,NA,private,Four-year (small),Liberal Arts,Baccalaureate Colleges,Exclusive/Very high undergraduate,suburb,NA,NA,NA,NA,NA,NA,NA,NA,NA,NA,NA,Saratoga Springs,NY,1029,28301
Soka University of America,7,0.49,221,NA,NA,NA,NA,private,Four-year (small),Liberal Arts,Baccalaureate Colleges,Exclusive/Very high undergraduate,suburb,NA,NA,NA,NA,NA,NA,NA,NA,NA,NA,NA,Aliso Viejo,CA,6884,51424
St. Thomas University,18,0.11,NA,NA,NA,NA,NA,private,Four-year (median),National,Doctoral Universities,Exclusive/Majority graduate,suburb,NA,NA,NA,NA,NA,NA,NA,NA,NA,NA,NA,Miami Gardens,FL,6202,113058
Suffolk University,48,0.15,1273,NA,NA,NA,NA,private,Four-year (median),National,Doctoral Universities,Majority undergraduate,city,NA,NA,NA,NA,NA,NA,NA,NA,NA,NA,NA,Boston,MA,13943,673184
Swarthmore College,NA,0.16,NA,NA,most competitive,NA,NA,private,Four-year (small),Liberal Arts,Baccalaureate Colleges,Exclusive/Very high undergraduate,suburb,NA,NA,NA,NA,NA,NA,NA,NA,NA,NA,NA,Swarthmore,PA,4724,6595
Sweet Briar College,NA,0.06,NA,NA,NA,NA,NA,private,Four-year (small),Liberal Arts,Baccalaureate Colleges,Exclusive/Very high undergraduate,suburb,NA,NA,NA,NA,NA,NA,NA,NA,NA,NA,NA,Sweet Briar,VA,321,598
Texas Christian University,340,0.05,NA,51660,highly competitive,NA,NA,private,Four-year (large),National,Doctoral Universities,Majority undergraduate,city,NA,NA,NA,NA,NA,NA,NA,NA,NA,9704,NA,Fort Worth,TX,2513,854113
The Juilliard School,303,NA,300,NA,NA,NA,NA,private,Four-year (small),NA,Special Focus Four-Year,Majority undergraduate,city,NA,NA,NA,NA,NA,NA,NA,NA,NA,NA,NA,New York,NY,28211,8537673
The King's College,303,0.06,NA,NA,NA,NA,NA,private,Four-year (small),Liberal Arts,Baccalaureate Colleges,Exclusive/Very high undergraduate,city,NA,NA,NA,NA,NA,NA,NA,NA,NA,NA,NA,New York,NY,28211,8537673
The University of Tampa,113,NA,832,NA,NA,NA,NA,private,Four-year (median),NA,Master's Colleges & Universities,Exclusive/Very high undergraduate,city,NA,NA,NA,NA,NA,NA,NA,NA,NA,NA,NA,Tampa,FL,3326,377165
Thomas Aquinas College,NA,0.05,NA,NA,highly competitive plus,NA,NA,private,Four-year (small),Liberal Arts,Baccalaureate Colleges,Exclusive/Very high undergraduate,town or rural,NA,NA,NA,NA,NA,NA,NA,NA,NA,NA,NA,Santa Paula,CA,6812,30759
Trevecca Nazarene University,475,0.1,NA,26898,NA,NA,NA,private,Four-year (median),National,Doctoral Universities,Exclusive/Majority graduate,city,NA,NA,NA,NA,NA,NA,NA,NA,NA,2095,NA,Nashville,TN,1390,660388
Trinity College,17,0.13,338,NA,highly competitive,NA,NA,private,Four-year (small),Liberal Arts,Baccalaureate Colleges,Exclusive/Very high undergraduate,city,NA,NA,NA,NA,NA,NA,NA,NA,NA,NA,NA,Hartford,CT,7091,123243
Union College,11,0.1,228,NA,highly competitive,NA,NA,private,Four-year (small),Liberal Arts,Master's Colleges & Universities,Majority undergraduate,town or rural,NA,NA,NA,NA,NA,NA,NA,NA,NA,NA,NA,Schenectady,NY,6022,64913
University of Charleston,NA,0.07,NA,31400,NA,NA,NA,private,Four-year (small),National,Doctoral Universities,Majority undergraduate,city,NA,NA,NA,NA,NA,NA,NA,NA,NA,2115,NA,Charleston,WV,1535,48018
University of Detroit Mercy,139,0.07,NA,30154,NA,NA,NA,private,Four-year (median),National,Doctoral Universities,Majority undergraduate,city,NA,NA,NA,NA,NA,NA,NA,NA,NA,2633,NA,Detroit,MI,4849,672795
University of Indianapolis,361,0.07,NA,33520,NA,NA,NA,private,Four-year (median),National,Doctoral Universities,Majority undergraduate,city,NA,NA,NA,NA,NA,NA,NA,NA,NA,4168,NA,Indianapolis,IN,2366,855164
University of La Verne,NA,0.05,NA,45850,NA,NA,NA,private,Four-year (median),National,Doctoral Universities,Majority undergraduate,suburb,NA,NA,NA,NA,NA,NA,NA,NA,NA,2484,NA,La Verne,CA,3744,30680
University of New Haven,11,NA,1084,NA,NA,NA,NA,private,Four-year (median),NA,Master's Colleges & Universities,Majority undergraduate,suburb,NA,NA,NA,NA,NA,NA,NA,NA,NA,NA,NA,West Haven,CT,5071,54516
University of Richmond,NA,0.09,308,NA,most competitive,NA,NA,private,Four-year (median),Liberal Arts,Baccalaureate Colleges,Majority undergraduate,city,NA,NA,NA,NA,NA,NA,NA,NA,NA,NA,NA,Richmond,VA,3731,223170
University of the Ozarks,NA,NA,236,NA,NA,NA,NA,private,Four-year (small),NA,Baccalaureate Colleges,Exclusive/Very high undergraduate,town or rural,NA,NA,NA,NA,NA,NA,NA,NA,NA,NA,NA,Clarksville,AR,542,9476
University of Western States,133,NA,188,NA,NA,NA,NA,private,Four-year (small),NA,Doctoral Universities,Exclusive/Majority graduate,city,NA,NA,NA,NA,NA,NA,NA,NA,NA,NA,NA,Portland,OR,4795,639863
Vassar College,NA,0.08,242,NA,most competitive,NA,NA,private,Four-year (small),Liberal Arts,Baccalaureate Colleges,Exclusive/Very high undergraduate,suburb,NA,NA,NA,NA,NA,NA,NA,NA,NA,NA,NA,Poughkeepsie,NY,6137,31850
Walsh University,NA,0.08,NA,NA,NA,NA,NA,private,Four-year (small),National,Doctoral Universities,Majority undergraduate,suburb,NA,NA,NA,NA,NA,NA,NA,NA,NA,NA,NA,North Canton,OH,2788,17891
Wartburg College,NA,0.06,NA,NA,NA,NA,NA,private,Four-year (small),Liberal Arts,Baccalaureate Colleges,Exclusive/Very high undergraduate,town or rural,NA,NA,NA,NA,NA,NA,NA,NA,NA,NA,NA,Waverly,IA,923,10398
Washington and Lee University,NA,0.05,NA,NA,most competitive,NA,NA,private,Four-year (small),Liberal Arts,Baccalaureate Colleges,Majority undergraduate,town or rural,NA,NA,NA,NA,NA,NA,NA,NA,NA,NA,NA,Lexington,VA,2951,7456
Wellesley College,NA,0.14,384,NA,most competitive,NA,NA,private,Four-year (small),Liberal Arts,Baccalaureate Colleges,Exclusive/Very high undergraduate,suburb,NA,NA,NA,NA,NA,NA,NA,NA,NA,NA,NA,Wellesley,MA,2980,28747
Wesleyan University,NA,0.11,339,NA,most competitive,NA,NA,private,Four-year (small),Liberal Arts,Baccalaureate Colleges,Exclusive/Very high undergraduate,city,NA,NA,NA,NA,NA,NA,NA,NA,NA,NA,NA,Middletown,CT,1164,47108
Whitman College,NA,0.1,NA,NA,most competitive,NA,NA,private,Four-year (small),Liberal Arts,Baccalaureate Colleges,Exclusive/Very high undergraduate,city,NA,NA,NA,NA,NA,NA,NA,NA,NA,NA,NA,Walla Walla,WA,2517,33927
Whittier College,15,0.07,NA,NA,NA,NA,NA,private,Four-year (small),Liberal Arts,Baccalaureate Colleges,Exclusive/Very high undergraduate,suburb,NA,NA,NA,NA,NA,NA,NA,NA,NA,NA,NA,Whittier,CA,5931,86883
Wilkes University,NA,0.06,NA,39914,NA,NA,NA,private,Four-year (median),National,Doctoral Universities,Majority undergraduate,city,NA,NA,NA,NA,NA,NA,NA,NA,NA,2243,NA,Wilkes-Barre,PA,6473,44453
Williams College,NA,0.08,NA,NA,most competitive,NA,NA,private,Four-year (small),Liberal Arts,Baccalaureate Colleges,Exclusive/Very high undergraduate,town or rural,NA,NA,NA,NA,NA,NA,NA,NA,NA,NA,NA,Williamstown,MA,92,4304
Wingate University,NA,0.06,NA,40170,NA,NA,NA,private,Four-year (median),National,Doctoral Universities,Majority undergraduate,suburb,NA,NA,NA,NA,NA,NA,NA,NA,NA,2683,NA,Wingate,NC,1817,3907
Academy of Art University,47,NA,2747,NA,NA,NA,NA,private,Four-year (median),NA,Master's Colleges & Universities,Majority undergraduate,city,NA,NA,NA,NA,NA,NA,NA,NA,NA,NA,NA,San Francisco,CA,18581,870887
Full Sail University,NA,NA,586,NA,NA,NA,NA,private,Four-year (large),NA,Master's Colleges & Universities,Exclusive/Very high undergraduate,suburb,NA,NA,NA,NA,NA,NA,NA,NA,NA,NA,NA,Winter Park,FL,3452,29131
Monroe College,10,NA,1094,NA,NA,NA,NA,private,Four-year (median),NA,Master's Colleges & Universities,Majority undergraduate,city,NA,NA,NA,NA,NA,NA,NA,NA,NA,NA,NA,New Rochelle,NY,7687,79557
Musicians Institute,NA,NA,312,NA,NA,NA,NA,private,Four-year (small),NA,Special Focus Four-Year,Exclusive/Very high undergraduate,city,NA,NA,NA,NA,NA,NA,NA,NA,NA,NA,NA,Hollywood,CA,22193,34938
School of Visual Arts,303,NA,2435,NA,NA,NA,NA,private,Four-year (median),NA,Master's Colleges & Universities,Majority undergraduate,city,NA,NA,NA,NA,NA,NA,NA,NA,NA,NA,NA,New York,NY,28211,8537673
Tulane University,169,0.05,1172,60814,NA,NA,401-500,private,NA,National,NA,NA,NA,M,6,Very High,NA,NA,NA,NA,NA,NA,7700,NA,New Orleans,LA,2311,391495
Washington University in St. Louis,62,0.07,3535,58866,NA,1-20,101-150,private,NA,National,NA,NA,NA,L,5,Very High,24.6,55,42.3,53.8,38.6,22.7,7653,NA,St. Louis,MO,5030,311404
Columbia University,303,NA,15015,63530,NA,1-20,1-20,private,NA,NA,NA,NA,NA,L,4,Very High,67.2,41.8,56.4,71.5,33.7,62.8,6170,NA,New York,NY,28211,8537673
ArtCenter College of Design,23,NA,1225,NA,NA,NA,NA,NA,NA,NA,NA,NA,NA,NA,NA,NA,NA,NA,NA,NA,NA,NA,NA,NA,Pasadena,CA,6185,142059
Berkeley College - New York,303,NA,190,NA,NA,NA,NA,NA,NA,NA,NA,NA,NA,NA,NA,NA,NA,NA,NA,NA,NA,NA,NA,NA,New York,NY,28211,8537673
Brigham Young University - Hawaii,NA,NA,1392,NA,NA,NA,NA,NA,NA,NA,NA,NA,NA,NA,NA,NA,NA,NA,NA,NA,NA,NA,NA,NA,"Laie, Oahu",HI,4333,6071
Brigham Young University - Idaho,NA,NA,1606,NA,NA,NA,NA,NA,NA,NA,NA,NA,NA,NA,NA,NA,NA,NA,NA,NA,NA,NA,NA,NA,Rexburg,ID,2937,35300
California State Polytechnic University - Pomona,23,NA,783,NA,NA,NA,NA,NA,NA,NA,NA,NA,NA,NA,NA,NA,NA,NA,NA,NA,NA,NA,NA,NA,Pomona,CA,6645,152494
California State University - East Bay,45,NA,852,NA,NA,NA,NA,NA,NA,NA,NA,NA,NA,NA,NA,NA,NA,NA,NA,NA,NA,NA,NA,NA,Hayward,CA,3507,158937
California State University - Fullerton,22,NA,2232,NA,NA,NA,NA,NA,NA,NA,NA,NA,NA,NA,NA,NA,NA,NA,NA,NA,NA,NA,NA,NA,Fullerton,CA,6296,140721
California State University - Los Angeles,469,NA,770,NA,NA,NA,NA,NA,NA,NA,NA,NA,NA,NA,NA,NA,NA,NA,NA,NA,NA,NA,NA,NA,Los Angeles,CA,8484,3976322
California State University - Northridge,NA,NA,1611,NA,NA,NA,NA,NA,NA,NA,NA,NA,NA,NA,NA,NA,NA,NA,NA,NA,NA,NA,NA,NA,Northridge,CA,52295,70653
California State University - Sacramento,98,NA,771,NA,NA,NA,NA,NA,NA,NA,NA,NA,NA,NA,NA,NA,NA,NA,NA,NA,NA,NA,NA,NA,Sacramento,CA,5058,495234
California State University - Long Beach,50,0.06,1480,NA,NA,NA,NA,NA,NA,National,NA,NA,NA,NA,NA,NA,NA,NA,NA,NA,NA,NA,NA,NA,Long Beach,CA,9348,470130
California State University - San Bernardino,59,0.05,572,NA,NA,NA,NA,NA,NA,National,NA,NA,NA,NA,NA,NA,NA,NA,NA,NA,NA,NA,NA,NA,San Bernardino,CA,3653,216239
Central Baptist Theological Seminary,42,NA,187,NA,NA,NA,NA,NA,NA,NA,NA,NA,NA,NA,NA,NA,NA,NA,NA,NA,NA,NA,NA,NA,Shawnee,KS,1558,65194
College of Wooster,NA,0.15,282,NA,very competitive plus,NA,NA,NA,NA,Liberal Arts,NA,NA,NA,NA,NA,NA,NA,NA,NA,NA,NA,NA,NA,NA,Wooster,OH,1601,26751
CUNY Baruch College,303,NA,1579,NA,NA,NA,NA,NA,NA,NA,NA,NA,NA,NA,NA,NA,NA,NA,NA,NA,NA,NA,NA,NA,New York,NY,28211,8537673
CUNY--City College,303,0.05,NA,19010,NA,NA,NA,NA,NA,National,NA,NA,NA,NA,NA,NA,NA,NA,NA,NA,NA,NA,12587,NA,New York,NY,28211,8537673
Embry-Riddle Aeronautical University - Daytona Beach,58,NA,1010,NA,NA,NA,NA,NA,NA,NA,NA,NA,NA,NA,NA,NA,NA,NA,NA,NA,NA,NA,NA,NA,Daytona Beach,FL,1141,66645
Embry-Riddle Aeronautical University - Prescott,NA,NA,257,NA,NA,NA,NA,NA,NA,NA,NA,NA,NA,NA,NA,NA,NA,NA,NA,NA,NA,NA,NA,NA,Prescott,AZ,1019,46833
Florida National University,21,NA,635,NA,NA,NA,NA,NA,NA,NA,NA,NA,NA,NA,NA,NA,NA,NA,NA,NA,NA,NA,NA,NA,Hialeah,FL,11020,236387
Hobart and William Smith Colleges,NA,0.06,NA,NA,NA,NA,NA,NA,NA,Liberal Arts,NA,NA,NA,NA,NA,NA,NA,NA,NA,NA,NA,NA,NA,NA,Geneva,NY,3022,12432
"Holy Cross College at Notre Dame, Indiana",NA,0.05,NA,NA,NA,NA,NA,NA,NA,Liberal Arts,NA,NA,NA,NA,NA,NA,NA,NA,NA,NA,NA,NA,NA,NA,Notre Dame,IN,6333,6699
Houston Community College System,600,NA,3636,NA,NA,NA,NA,NA,NA,NA,NA,NA,NA,NA,NA,NA,NA,NA,NA,NA,NA,NA,NA,NA,Houston,TX,3842,2303482
Miami University - Middletown,NA,NA,309,NA,NA,NA,NA,NA,NA,NA,NA,NA,NA,NA,NA,NA,NA,NA,NA,NA,NA,NA,NA,NA,Middletown,OH,1951,50998
Miami University--Oxford,NA,0.06,NA,37379,NA,NA,NA,NA,NA,National,NA,NA,NA,NA,NA,NA,NA,NA,NA,NA,NA,NA,16522,NA,Oxford,OH,3000,22625
Miami-Dade College,36,NA,974,NA,NA,NA,NA,NA,NA,NA,NA,NA,NA,NA,NA,NA,NA,NA,NA,NA,NA,NA,NA,NA,Miami,FL,12645,453579
Minnesota State University - Mankato,NA,NA,1121,NA,NA,NA,NA,NA,NA,NA,NA,NA,NA,NA,NA,NA,NA,NA,NA,NA,NA,NA,NA,NA,Mankato,MN,2386,44693
New England Conservatory of Music,48,NA,317,NA,NA,NA,NA,NA,NA,NA,NA,NA,NA,NA,NA,NA,NA,NA,NA,NA,NA,NA,NA,NA,Boston,MA,13943,673184
New York Institute of Technology - Old Westbury,NA,NA,1336,NA,NA,NA,NA,NA,NA,NA,NA,NA,NA,NA,NA,NA,NA,NA,NA,NA,NA,NA,NA,NA,Old Westbury,NY,460,4219
Northeastern University - Boston,48,NA,15880,NA,NA,NA,NA,NA,NA,NA,NA,NA,NA,NA,NA,NA,NA,NA,NA,NA,NA,NA,NA,NA,Boston,MA,13943,673184
Northeastern University - Seattle,84,NA,968,NA,NA,NA,NA,NA,NA,NA,NA,NA,NA,NA,NA,NA,NA,NA,NA,NA,NA,NA,NA,NA,Seattle,WA,8391,704352
Ohio State University - Columbus,217,NA,6865,NA,NA,NA,NA,NA,NA,NA,NA,NA,NA,NA,NA,NA,NA,NA,NA,NA,NA,NA,NA,NA,Columbus,OH,3960,860090
Ottawa University - Kansas City,75,NA,199,NA,NA,NA,NA,NA,NA,NA,NA,NA,NA,NA,NA,NA,NA,NA,NA,NA,NA,NA,NA,NA,Overland Park,KS,2525,188966
Pennsylvania State University - Penn State Abington,NA,NA,367,NA,NA,NA,NA,NA,NA,NA,NA,NA,NA,NA,NA,NA,NA,NA,NA,NA,NA,NA,NA,NA,Abington,PA,3603,55468
Pennsylvania State University - Penn State Harrisburg,NA,NA,654,NA,NA,NA,NA,NA,NA,NA,NA,NA,NA,NA,NA,NA,NA,NA,NA,NA,NA,NA,NA,NA,Middletown,PA,4696,9587
Peralta Community College District,56,NA,602,NA,NA,NA,NA,NA,NA,NA,NA,NA,NA,NA,NA,NA,NA,NA,NA,NA,NA,NA,NA,NA,Oakland,CA,7528,420005
Perimeter College of Georgia State University,NA,NA,589,NA,NA,NA,NA,NA,NA,NA,NA,NA,NA,NA,NA,NA,NA,NA,NA,NA,NA,NA,NA,NA,Clarkston,GA,7998,14538
Pratt Institute,NA,NA,2126,NA,NA,NA,NA,NA,NA,NA,NA,NA,NA,NA,NA,NA,NA,NA,NA,NA,NA,NA,NA,NA,Brooklyn,NY,38634,2736074
Rutgers University--New Brunswick,NA,0.09,NA,33005,NA,NA,NA,NA,NA,National,NA,NA,NA,NA,NA,NA,NA,NA,NA,NA,NA,NA,35844,NA,Piscataway,NJ,2976,56923
San Mateo County Community College District,12,NA,694,NA,NA,NA,NA,NA,NA,NA,NA,NA,NA,NA,NA,NA,NA,NA,NA,NA,NA,NA,NA,NA,San Mateo,CA,8570,103959
Southern Arkansas University - Magnolia,NA,NA,807,NA,NA,NA,NA,NA,NA,NA,NA,NA,NA,NA,NA,NA,NA,NA,NA,NA,NA,NA,NA,NA,Magnolia,AR,844,11105
St. Cloud State University - St. Cloud,NA,NA,1383,NA,NA,NA,NA,NA,NA,NA,NA,NA,NA,NA,NA,NA,NA,NA,NA,NA,NA,NA,NA,NA,Saint Cloud,MN,1715,68818
St. Francis College,NA,NA,266,NA,NA,NA,NA,NA,NA,NA,NA,NA,NA,NA,NA,NA,NA,NA,NA,NA,NA,NA,NA,NA,Brooklyn Heights,NY,202493,64798
St. John's College (MD),NA,0.15,NA,NA,NA,NA,NA,NA,NA,Liberal Arts,NA,NA,NA,NA,NA,NA,NA,NA,NA,NA,NA,NA,NA,NA,Annapolis,MD,5729,40687
St. John's College (NM),46,0.16,NA,NA,NA,NA,NA,NA,NA,Liberal Arts,NA,NA,NA,NA,NA,NA,NA,NA,NA,NA,NA,NA,NA,NA,Santa Fe,NM,1824,83875
St. Lawrence University,NA,0.09,NA,NA,NA,NA,NA,NA,NA,Liberal Arts,NA,NA,NA,NA,NA,NA,NA,NA,NA,NA,NA,NA,NA,NA,Canton,NY,106,7064
St. Olaf College,NA,0.1,327,NA,highly competitive plus,NA,NA,NA,NA,Liberal Arts,NA,NA,NA,NA,NA,NA,NA,NA,NA,NA,NA,NA,NA,NA,Northfield,MN,2465,20729
SUNY Fashion Institute of Technology,303,NA,841,NA,NA,NA,NA,NA,NA,NA,NA,NA,NA,NA,NA,NA,NA,NA,NA,NA,NA,NA,NA,NA,New York,NY,28211,8537673
The University of Texas Health Science Center - Houston,600,NA,660,NA,NA,NA,NA,NA,NA,NA,NA,NA,NA,NA,NA,NA,NA,NA,NA,NA,NA,NA,NA,NA,Houston,TX,3842,2303482
Tufts University-  Boston Health Sciences Campus,48,NA,326,NA,NA,NA,NA,NA,NA,NA,NA,NA,NA,NA,NA,NA,NA,NA,NA,NA,NA,NA,NA,NA,Boston,MA,13943,673184
University of California - San Francisco,47,NA,179,NA,NA,NA,NA,NA,NA,NA,NA,NA,NA,NA,NA,NA,NA,NA,NA,NA,NA,NA,NA,NA,San Francisco,CA,18581,870887
"University of California, Merced",23,0.06,NA,NA,NA,NA,NA,NA,NA,National,NA,NA,NA,NA,NA,NA,NA,NA,NA,NA,NA,NA,NA,NA,Merced,CA,3542,82594
University of Colorado/Anschutz Medical Campus,155,NA,169,NA,NA,NA,NA,NA,NA,NA,NA,NA,NA,NA,NA,NA,NA,NA,NA,NA,NA,NA,NA,NA,Aurora,CO,2338,361710
University of Illinois - Springfield,59,NA,733,NA,NA,NA,NA,NA,NA,NA,NA,NA,NA,NA,NA,NA,NA,NA,NA,NA,NA,NA,NA,NA,Springfield,IL,1945,115715
University of Maine--Machias,NA,0.06,NA,NA,NA,NA,NA,NA,NA,Liberal Arts,NA,NA,NA,NA,NA,NA,NA,NA,NA,NA,NA,NA,NA,NA,Machias,ME,599,2072
University of Massachusetts Medical School,37,NA,134,NA,NA,NA,NA,NA,NA,NA,NA,NA,NA,NA,NA,NA,NA,NA,NA,NA,NA,NA,NA,NA,Worcester,MA,4937,184508
University of Michigan - Dearborn,24,NA,1101,NA,NA,NA,NA,NA,NA,NA,NA,NA,NA,NA,NA,NA,NA,NA,NA,NA,NA,NA,NA,NA,Dearborn,MI,3899,94444
University of St. Thomas (TX),600,0.05,NA,NA,NA,NA,NA,NA,NA,National,NA,NA,NA,NA,NA,NA,NA,NA,NA,NA,NA,NA,NA,NA,Houston,TX,3842,2303482
University of Texas - Arlington,96,NA,5065,NA,NA,NA,NA,NA,NA,NA,NA,NA,NA,NA,NA,NA,NA,NA,NA,NA,NA,NA,NA,NA,Arlington,TX,4096,392772
Virginia Tech,NA,0.05,NA,33253,NA,NA,NA,NA,NA,National,NA,NA,NA,NA,NA,NA,NA,NA,NA,NA,NA,NA,30020,NA,Blacksburg,VA,2300,44949
Wheaton College (MA),NA,0.05,NA,NA,NA,NA,NA,NA,NA,Liberal Arts,NA,NA,NA,NA,NA,NA,NA,NA,NA,NA,NA,NA,NA,NA,Norton,MA,640,19948
