university,total_score_arwu,world_rank_cat_arwu,world_rank_arwu,national_rank_arwu,n_s_arwu,hi_ci_arwu,alumni_arwu,award_arwu,pub_arwu,pcp_arwu,national_rank_kaggle,tuition_kaggle,enrollment_kaggle,city.x,state_natlib,international_students_natlib,type3_natlib,city.y,state_opendoors,international_students_opendoors,size_qs,type1_qs,city.x.x,score_qs,world_rank_qs,research_output_qs,faculty_count_qs,stu_facl_ratio_qs,international_students_qs,state,selectivity,state_top120enrollment,type1_top120enrollment,type2_top120enrollment,enrollment_top120enrollment,city.y.y,state_carnegie,basic2021_carnegie,sizeset2021_carnegie,control_carnegie,enrprofile2021_carnegie,locale_carnegie
Case Western Reserve University,NA,101-150,101,47-58,15.8,19.2,32.5,10.7,40.5,24.7,44,54020,5433,Cleveland,OH,0.13,National,NA,NA,NA,M,Private,Cleveland,48.2,161,Very High,1639,7,2864,OH,1,NA,NA,NA,NA,Cleveland,OH,15,17,2,6,11
University of Hawaii at Manoa,NA,201-300,201,70-95,20.8,19.2,0,0,35.9,21.6,NA,NA,NA,NA,NA,NA,NA,NA,NA,NA,NA,NA,NA,NA,NA,NA,NA,NA,NA,NA,NA,NA,NA,NA,NA,Honolulu,HI,15,16,1,4,11
"University of Maryland, Baltimore",NA,201-300,201,70-95,12.4,16.6,0,0,38.8,17.2,NA,NA,NA,NA,NA,NA,NA,NA,NA,NA,NA,NA,NA,NA,NA,NA,NA,NA,NA,NA,NA,NA,NA,NA,NA,Baltimore,MD,27,13,1,6,11
University of Oregon,NA,301-400,301,96-117,11.6,9.6,8.8,0,28.4,18.2,101,39308,18045,Eugene,OR,0.09,National,NA,NA,NA,L,Public,Eugene,NA,651-700,Very High,1.583,13,1.74,NA,NA,NA,NA,NA,NA,Eugene,OR,15,16,1,4,12
Rice University,27.9,70,70,34,19.7,35.8,16.1,21.4,32.4,38.6,18,52895,4076,Houston,TX,0.12,National,NA,NA,NA,M,Private,Houston,62.3,94,Very High,996,7,2278,TX,1,NA,NA,NA,NA,Houston,TX,15,14,2,5,11
Northwestern University,39.9,25,25,18,33.3,48.8,15.2,27.6,62.2,31.7,12,60984,8194,Evanston,IL,0.1,National,NA,NA,NA,L,Private,Evanston,82.8,30,Very High,3652,5,3846,IL,1,NA,NA,NA,NA,Evanston,IL,15,16,2,6,13
Michigan State University,NA,101-150,101,47-58,22,21.4,8.8,0,54.8,19.3,88,39766,38491,East Lansing,MI,0.06,National,East Lansing,MI,5280,XL,Public,East Lansing,49.7,157,Very High,3008,15,5795,NA,NA,MI,Public,4-year,49695,East Lansing,MI,15,16,1,4,13
Virginia Polytechnic Institute and State University,NA,201-300,201,70-95,12.2,9.6,11.4,0,43.9,18.5,NA,NA,NA,NA,NA,NA,NA,NA,NA,NA,XL,Public,Blacksburg,31.6,346,Very High,2.8019999999999996,12,4.477,VA,3,VA,Public,4-year,37024,Blacksburg,VA,15,16,1,4,13
The University of Texas at Dallas,NA,301-400,301,96-117,10.4,9.6,13.4,0,29.3,22.6,NA,NA,NA,NA,NA,NA,NA,NA,NA,NA,NA,NA,NA,NA,NA,NA,NA,NA,NA,TX,3,TX,Public,4-year,28669,Richardson,TX,15,16,1,4,12
Brigham Young University,NA,401-500,401,118-139,8.3,9.6,8.8,0,27.5,13.4,NA,NA,NA,NA,NA,NA,NA,NA,NA,NA,XL,Private,Provo,NA,1001-1200,Very High,1512,21,1163,NA,NA,UT,PrivNp,4-year,36461,Provo,UT,16,15,2,3,12
Iowa State University,NA,201-300,201,70-95,9.1,23.5,0,0,42,20.6,NA,NA,NA,NA,NA,NA,NA,NA,NA,NA,L,Public,Ames,24.1,494,Very High,1.6560000000000001,17,2.441,NA,NA,IA,Public,4-year,31822,Ames,IA,15,16,1,4,13
University of Connecticut,NA,301-400,301,96-117,12.5,0,11.4,0,37.8,14.5,66,41192,18917,Storrs,CT,0.08,National,NA,NA,NA,L,Public,Storrs,29.6,373,Very High,1.328,19,3.765,CT,3,NA,NA,NA,NA,Storrs,CT,15,17,1,5,21
Yeshiva University,NA,301-400,301,96-117,23.6,0,0,0,32.2,22.6,74,47500,2017,New York,NY,0.09,National,NA,NA,NA,S,Private,New York City,38.4,252,Very High,471,10,467,NA,NA,NA,NA,NA,NA,New York,NY,17,14,2,5,11
Temple University,NA,301-400,301,96-117,11,9.6,0,0,37.3,13.3,110,34801,27306,NA,NA,NA,NA,NA,NA,NA,XL,Public,Philadelphia,NA,751-800,Very High,2.7670000000000003,12,2.097,NA,NA,PA,Public,4-year,37236,Philadelphia,PA,15,15,1,4,11
Brown University,NA,101-150,101,47-58,20.5,9.6,14.4,19.7,46.1,33,14,62404,6792,Providence,RI,0.11,National,NA,NA,NA,M,Private,Providence,71.3,60,Very High,1389,7,2002,RI,1,NA,NA,NA,NA,Providence,RI,15,14,2,5,12
University of Kentucky,NA,301-400,301,96-117,12.1,0,10.2,0,41.8,17.7,134,31608,22227,NA,NA,NA,NA,NA,NA,NA,L,Public,Lexington,NA,651-700,Very High,2.239,12,1.294,NA,NA,KY,Public,4-year,29986,Lexington,KY,15,16,1,4,11
University of Miami,NA,201-300,201,70-95,13.6,16.6,0,0,42,20.7,58,54760,11334,Coral Gables,FL,0.11,National,NA,NA,NA,L,Private,Miami,33.7,311,Very High,2565,6,2646,FL,1,NA,NA,NA,NA,Coral Gables,FL,15,16,2,5,13
Rush University,NA,401-500,401,118-139,3.6,16.6,0,0,26.9,16.5,NA,NA,NA,NA,NA,NA,NA,NA,NA,NA,NA,NA,NA,NA,NA,NA,NA,NA,NA,NA,NA,NA,NA,NA,NA,Chicago,IL,25,9,2,6,11
University of South Florida,NA,201-300,201,70-95,9.5,16.6,0,0,39.2,18.2,115,17324,38579,Tampa,FL,0.07,National,Tampa,FL,5974,XL,Public,Tampa,NA,581-590,Very High,2.171,18,5.211,FL,4,FL,Public,4-year,50626,Tampa,FL,15,15,1,4,11
Washington State University,NA,301-400,301,96-117,8.5,9.6,0,0,33.1,18.2,186,27733,25470,NA,NA,NA,NA,NA,NA,NA,L,Public,Pullman,27,427,Very High,1.9349999999999998,14,1.7309999999999999,NA,NA,WA,Public,4-year,31159,Pullman,WA,15,16,1,4,32
Stony Brook University,NA,301-400,301,96-117,21,0,0,0,38.7,17,NA,NA,NA,NA,NA,NA,NA,NA,NA,NA,NA,NA,NA,NA,NA,NA,NA,NA,NA,NY,3,NA,NA,NA,NA,Stony Brook,NY,15,17,1,5,21
The University of Texas Health Science Center at San Antonio,NA,301-400,301,96-117,7.7,21.4,0,0,24.4,18.4,NA,NA,NA,NA,NA,NA,NA,NA,NA,NA,NA,NA,NA,NA,NA,NA,NA,NA,NA,NA,NA,NA,NA,NA,NA,San Antonio,TX,27,12,1,6,11
University of Vermont,NA,301-400,301,96-117,10.3,9.6,13.4,0,27.7,15.7,121,43890,11136,NA,NA,NA,NA,NA,NA,NA,L,Public,Burlington,NA,651-700,High,1.4849999999999999,8,546,NA,NA,NA,NA,NA,NA,Burlington,VT,16,17,1,4,13
Carnegie Mellon University,26.8,91,91,43,12.3,21.4,31.3,31.2,35.6,30.1,25,58924,7073,Pittsburgh,PA,0.22,National,Pittsburgh,PA,7396,L,Private,Pittsburgh,74.6,53,Very High,1534,9,5739,PA,1,NA,NA,NA,NA,Pittsburgh,PA,15,17,2,5,11
Boston College,NA,301-400,301,96-117,16.8,13.5,0,0,23.5,17.8,36,61706,9445,NA,NA,NA,NA,NA,NA,NA,L,Private,Newton,24.1,494,Very High,1.048,13,1.4709999999999999,MA,1,NA,NA,NA,NA,Chestnut Hill,MA,15,17,2,5,13
Princeton University,61,6,6,5,47.1,44.9,55.8,97.9,44.2,73.3,1,56010,4773,Princeton,NJ,0.12,National,NA,NA,NA,M,Private,Princeton,88.6,20,Very High,1050,8,1912,NJ,1,NA,NA,NA,NA,Princeton,NJ,15,14,2,5,13
University of Pennsylvania,46.4,16,16,14,41.7,46.9,31.3,33.4,69.7,39.7,8,61710,9872,Philadelphia,PA,0.13,National,Philadelphia,PA,6562,L,Private,Philadelphia,90.7,13,Very High,5154,4,4636,PA,1,NA,NA,NA,NA,Philadelphia,PA,15,17,2,6,11
University of Southern California,30.8,60,60,33,20.4,31.8,0,31.3,55.1,24.6,27,60275,19606,Los Angeles,CA,0.12,National,Los Angeles,CA,14992,XL,Private,Los Angeles,57,112,Very High,3116,10,9107,CA,1,CA,PrivNp,4-year,46287,Los Angeles,CA,15,16,2,6,11
Johns Hopkins University,45.4,18,18,15,43.4,37.1,37.3,33.2,75.7,28.7,11,58720,6331,Baltimore,MD,0.14,National,Baltimore,MD,6723,L,Private,Baltimore,85.9,25,Very High,4855,3,5070,MD,1,MD,PrivNp,4-year,28890,Baltimore,MD,15,16,2,6,11
Baylor College of Medicine,NA,101-150,101,47-58,30.1,23.5,0,0,44.5,19.1,NA,NA,NA,NA,NA,NA,NA,Houston,TX,247,NA,NA,NA,NA,NA,NA,NA,NA,NA,NA,NA,NA,NA,NA,NA,Houston,TX,27,18,2,7,11
University of Iowa,NA,151-200,151,59-69,14.8,19.2,0,0,46.9,17.8,92,31569,22304,NA,NA,NA,NA,NA,NA,NA,L,Public,Iowa City,25.7,455,Very High,2.924,10,2.049,NA,NA,IA,Public,4-year,30318,Iowa City,IA,15,16,1,4,13
The University of Texas Medical Branch at Galveston,NA,401-500,401,118-139,10.1,9.6,0,0,23.7,19.5,NA,NA,NA,NA,NA,NA,NA,NA,NA,NA,NA,NA,NA,NA,NA,NA,NA,NA,NA,NA,NA,NA,NA,NA,NA,Galveston,TX,27,10,1,6,31
New York University,37.2,32,32,24,39.5,25.3,29.6,31.5,60.6,20.8,28,56500,27444,New York,NY,0.24,National,New York,NY,17050,NA,NA,NA,NA,NA,NA,NA,NA,NA,NY,1,NY,PrivNp,4-year,52775,New York,NY,15,16,2,5,11
Dartmouth College,NA,201-300,201,70-95,13.4,16.6,17.6,0,26.7,22.2,13,60870,4170,Hanover,NH,0.12,National,NA,NA,NA,M,Private,Hanover,45.1,191,Very High,836,8,997,NH,1,NA,NA,NA,NA,Hanover,NH,15,14,2,5,33
University of Alabama at Birmingham,NA,201-300,201,70-95,9.2,16.6,0,0,43.4,15.9,158,25380,13878,NA,NA,NA,NA,NA,NA,NA,NA,NA,NA,NA,NA,NA,NA,NA,NA,NA,NA,NA,NA,NA,NA,Birmingham,AL,15,15,1,5,12
Thomas Jefferson University,NA,401-500,401,118-139,4.5,9.6,0,0,28.4,28.4,156,41715,3783,NA,NA,NA,NA,NA,NA,NA,NA,NA,NA,NA,NA,NA,NA,NA,NA,NA,NA,NA,NA,NA,NA,Philadelphia,PA,16,14,2,5,11
Wayne State University,NA,401-500,401,118-139,5.4,9.6,0,0,36.6,15.3,261,32727,17513,NA,NA,NA,NA,NA,NA,NA,L,Public,Detroit,NA,511-520,Very High,2.699,8,1.278,NA,NA,NA,NA,NA,NA,Detroit,MI,15,15,1,5,11
Georgetown University,NA,201-300,201,70-95,6,27.1,0,0,33,23.8,23,59957,7357,Washington,DC,0.14,National,NA,NA,NA,L,Private,Washington D.C.,38.7,248,Very High,2009,8,3286,DC,1,NA,NA,NA,NA,Washington,DC,15,17,2,6,11
The University of Texas Health Science Center at Houston,NA,301-400,301,96-117,13.6,0,0,15.2,34.4,15.3,NA,NA,NA,NA,NA,NA,NA,NA,NA,NA,NA,NA,NA,NA,NA,NA,NA,NA,NA,NA,NA,NA,NA,NA,NA,Houston,TX,27,12,1,6,11
Kansas State University,NA,401-500,401,118-139,12.3,0,0,0,31.4,17.7,165,26342,16257,NA,NA,NA,NA,NA,NA,NA,L,Public,Manhattan,NA,801-1000,Very High,1.371,14,1.4809999999999999,NA,NA,NA,NA,NA,NA,Manhattan,KS,15,16,1,4,13
University of Wisconsin-Milwaukee,NA,401-500,401,118-139,9.7,9.6,10.2,0,25.6,16.2,NA,NA,NA,NA,NA,NA,NA,NA,NA,NA,NA,NA,NA,NA,NA,NA,NA,NA,NA,NA,NA,NA,NA,NA,NA,Milwaukee,WI,15,15,1,4,11
University of Wyoming,NA,401-500,401,118-139,11.3,9.6,0,0,24.1,17.9,201,20647,9342,NA,NA,NA,NA,NA,NA,NA,M,Public,Laramie,NA,801-1000,Very High,904,12,564,NA,NA,NA,NA,NA,NA,Laramie,WY,16,16,1,4,33
Utah State University,NA,401-500,401,118-139,8.4,9.6,13.4,0,26.4,16.8,260,23434,24647,NA,NA,NA,NA,NA,NA,NA,L,Public,Logan,NA,1001-1200,Very High,1053,19,331,NA,NA,UT,Public,4-year,27691,Logan,UT,15,15,1,3,13
Oregon State University,NA,151-200,151,59-69,21.9,19.2,10.2,0,38.8,23.8,167,32288,26644,NA,NA,NA,NA,NA,NA,NA,L,Public,Corvallis,NA,531-540,Very High,2.1470000000000002,12,2.769,NA,NA,OR,Public,4-year,32312,Corvallis,OR,15,15,1,4,13
Stanford University,75.6,2,2,2,78.6,76.6,44.5,88.5,76.5,56,6,56169,6366,Stanford,CA,0.11,National,NA,NA,NA,L,Private,Stanford,98.7,3,Very High,4725,3,3879,CA,1,NA,NA,NA,NA,Stanford,CA,15,17,2,6,21
University of Chicago,55.5,10,10,8,42.5,35.8,59.2,90.1,52,44.2,7,60963,6989,Chicago,IL,0.16,National,NA,NA,NA,L,Private,Chicago,94.5,10,Very High,2703,6,4696,IL,1,NA,NA,NA,NA,Chicago,IL,15,17,2,6,11
The University of Texas at Austin,35.6,40,40,27,36.4,38.3,20.9,16.1,58.6,29.2,NA,NA,NA,NA,NA,NA,NA,NA,NA,NA,NA,NA,NA,NA,NA,NA,NA,NA,NA,TX,3,TX,Public,4-year,50476,Austin,TX,15,15,1,4,11
University of Arizona,NA,101-150,101,47-58,27.2,23.5,14.4,0,50.3,23.5,111,34667,36503,NA,NA,NA,NA,NA,NA,NA,NA,NA,NA,NA,NA,NA,NA,NA,NA,NA,NA,AZ,Public,4-year,45601,Tucson,AZ,15,15,1,4,11
Tufts University,NA,151-200,151,59-69,12.5,16.6,18.3,16.1,35.6,25.1,29,63000,6114,Medford,MA,0.11,National,NA,NA,NA,M,Private,Medford,36.5,275,Very High,1459,8,1798,MA,1,NA,NA,NA,NA,Medford,MA,15,17,2,5,21
University of Kansas,NA,201-300,201,70-95,11.2,13.5,17.6,0,41.9,16.3,125,28034,19135,NA,NA,NA,NA,NA,NA,NA,L,Public,Lawrence,28.8,387,Very High,3.3569999999999998,7,2.014,NA,NA,NA,NA,NA,NA,Lawrence,KS,15,16,1,5,13
University of Michigan-Ann Arbor,39.4,27,27,20,41,41.8,34.1,0,80.8,25,NA,NA,NA,NA,NA,NA,NA,NA,NA,NA,XL,Public,Ann Arbor,86.2,23,Very High,7132,6,7341,MI,2,NA,NA,NA,NA,Ann Arbor,MI,15,16,1,5,12
University of North Texas,NA,301-400,301,96-117,4.6,19.2,0,0,27.8,19,287,24234,32694,Denton,TX,0.05,National,NA,NA,NA,XL,Public,Denton,NA,1001-1200,High,1395,23,2420,NA,NA,TX,Public,4-year,40953,Denton,TX,15,15,1,4,12
Emory University,NA,101-150,101,47-58,25.3,19.2,0,0,54.8,21.8,21,55468,7010,Atlanta,GA,0.17,National,NA,NA,NA,L,Private,Atlanta,48.6,160,Very High,2725,5,2264,GA,1,NA,NA,NA,NA,Atlanta,GA,15,17,2,5,11
Virginia Commonwealth University,NA,201-300,201,70-95,5.7,16.6,10.2,13.9,36.9,15.5,178,35676,21943,NA,NA,NA,NA,NA,NA,NA,L,Public,Richmond,NA,701-750,Very High,2.771,9,995,NA,NA,VA,Public,4-year,29070,Richmond,VA,15,16,1,4,12
California Institute of Technology,57.4,9,9,7,57.6,34.5,53.5,67.5,45,100,9,58680,901,Pasadena,CA,0.08,National,NA,NA,NA,NA,NA,NA,NA,NA,NA,NA,NA,NA,CA,1,NA,NA,NA,NA,Pasadena,CA,15,11,2,6,12
Cornell University,50.7,12,12,10,47.3,46.9,43.1,49.1,61.6,43.4,17,61015,14743,Ithaca,NY,0.1,National,Ithaca,NY,6692,L,Private,Ithaca,88.3,21,Very High,2843,8,5675,NY,1,NA,NA,NA,NA,Ithaca,NY,15,16,2,5,13
Mississippi State University,NA,401-500,401,118-139,5.1,13.5,0,0,25,15.9,198,24900,18803,NA,NA,NA,NA,NA,NA,NA,L,Public,Starkville,NA,1001-1200,Very High,1103,18,730,NA,NA,NA,NA,NA,NA,Mississippi State,MS,15,16,1,4,33
Saint Louis University,NA,401-500,401,118-139,5.5,9.6,0,11.4,26.5,13.4,109,48824,7357,NA,NA,NA,NA,NA,NA,NA,NA,NA,NA,NA,NA,NA,NA,NA,NA,MO,4,NA,NA,NA,NA,Saint Louis,MO,16,17,2,5,11
Duke University,39.7,26,26,19,35.6,55.9,15.2,19,63.9,25.5,10,60489,6717,Durham,NC,0.09,National,NA,NA,NA,L,Private,Durham,75.2,52,Very High,5673,3,3445,NC,1,NA,NA,NA,NA,Durham,NC,15,17,2,6,11
Florida State University,NA,201-300,201,70-95,15.3,13.5,0,0,39.3,20.2,55,21683,32543,NA,NA,NA,NA,NA,NA,NA,XL,Public,Tallahassee,25,475,Very High,2.2359999999999998,17,1.618,NA,NA,FL,Public,4-year,43569,Tallahassee,FL,15,15,1,4,12
George Mason University,NA,201-300,201,70-95,6.1,0,0,31.5,29.5,19.4,151,36579,27105,Fairfax,VA,0.05,National,NA,NA,NA,L,Public,Fairfax,NA,801-1000,Very High,2.0109999999999997,15,2.737,NA,NA,VA,Public,4-year,38541,Fairfax,VA,15,15,1,4,21
University of Notre Dame,NA,201-300,201,70-95,14.5,16.6,12.4,0,32.8,20.8,19,58843,8874,Notre Dame,IN,0.06,National,NA,NA,NA,L,Private,Notre Dame,40.9,222,Very High,1545,8,1484,IN,1,NA,NA,NA,NA,Notre Dame,IN,15,17,2,5,21
Drexel University,NA,301-400,301,96-117,9.7,19.2,0,0,31.4,21.8,105,57136,14552,Philadelphia,PA,0.09,National,NA,NA,NA,L,Private,Philadelphia,NA,651-700,Very High,1.837,11,2.526,NA,NA,NA,NA,NA,NA,Philadelphia,PA,15,16,2,5,11
University of Florida,27,86,86,41,18.9,28.7,16.8,0,63.6,24.8,31,28658,34931,NA,NA,NA,NA,Gainesville,FL,5919,XL,Public,Gainesville,46.9,173,Very High,6222,7,4143,FL,3,FL,Public,4-year,53372,Gainesville,FL,15,16,1,5,12
University of Rochester,NA,151-200,151,59-69,17.5,13.5,27.8,7.6,39.9,17.9,35,59344,6521,Rochester,NY,0.25,National,NA,NA,NA,M,Private,Rochester,50.3,154,Very High,1853,5,3644,NY,1,NA,NA,NA,NA,Rochester,NY,15,15,2,5,12
Brandeis University,NA,201-300,201,70-95,16.4,9.6,19,12,18.7,27.8,43,60391,3493,Waltham,MA,0.2,National,NA,NA,NA,M,Private,Waltham,25.7,455,Very High,611,9,1.554,MA,1,NA,NA,NA,NA,Waltham,MA,15,14,2,5,13
Medical University of South Carolina,NA,301-400,301,96-117,7.3,9.6,0,0,31.7,38.4,NA,NA,NA,NA,NA,NA,NA,NA,NA,NA,NA,NA,NA,NA,NA,NA,NA,NA,NA,NA,NA,NA,NA,NA,NA,Charleston,SC,27,9,1,6,12
University of Utah,NA,101-150,101,47-58,24.6,19.2,0,11.4,51.6,28.3,102,31389,24643,Salt Lake City,UT,0.06,National,NA,NA,NA,L,Public,Salt Lake City,30.9,358,Very High,3.3449999999999998,8,2.134,NA,NA,UT,Public,4-year,33081,Salt Lake City,UT,15,16,1,5,12
University of Delaware,NA,201-300,201,70-95,10.4,9.6,10.2,16.1,33.3,19,96,36880,18420,Newark,DE,0.05,National,NA,NA,NA,L,Public,Newark,NA,531-540,Very High,1.272,17,2.3369999999999997,DE,4,NA,NA,NA,NA,Newark,DE,15,16,1,4,21
University of Houston,NA,201-300,201,70-95,12,13.5,0,0,40.1,21.5,183,27110,39165,NA,NA,NA,NA,NA,NA,NA,XL,Public,Houston,NA,701-750,Very High,1.702,22,3.049,NA,NA,TX,Public,4-year,47090,Houston,TX,15,15,1,4,11
University of Central Florida,NA,301-400,301,96-117,10.5,9.6,0,0,33,18,159,22467,61456,NA,NA,NA,NA,NA,NA,NA,XL,Public,Orlando,NA,751-800,Very High,2.146,25,2.562,FL,4,FL,Public,4-year,71881,Orlando,FL,15,15,1,4,21
West Virginia University,NA,401-500,401,118-139,8,9.6,0,0,31.5,11.9,262,25320,21086,NA,NA,NA,NA,NA,NA,NA,L,Public,Morgantown,NA,801-1000,Very High,1605,15,1807,NA,NA,NA,NA,NA,NA,Morgantown,WV,15,16,1,4,13
Harvard University,100,1,1,1,100,100,100,100,100,79.6,3,55587,5222,Cambridge,MA,0.12,National,Cambridge,MA,5562,L,Private,Cambridge,98,5,Very High,4646,5,5877,MA,1,MA,PrivNp,4-year,30391,Cambridge,MA,15,17,2,6,12
University of Maine,NA,401-500,401,118-139,6.7,0,0,17,18.3,19.3,223,33586,9465,NA,NA,NA,NA,NA,NA,NA,NA,NA,NA,NA,NA,NA,NA,NA,NA,NA,NA,NA,NA,NA,NA,Orono,ME,15,13,1,4,23
Rockefeller University,37.9,30,30,22,42.4,33.2,16.8,61.4,19.5,41.5,NA,NA,NA,NA,NA,NA,NA,NA,NA,NA,NA,NA,NA,NA,NA,NA,NA,NA,NA,NA,NA,NA,NA,NA,NA,New York,NY,27,18,2,7,11
Boston University,27.9,70,70,34,24.3,30.3,11.4,11.4,53.1,23.8,42,59816,16872,Boston,MA,0.22,National,Boston,MA,10646,L,Private,Boston,57,112,Very High,2642,10,8159,MA,2,MA,PrivNp,4-year,32718,Boston,MA,15,17,2,5,11
Vanderbilt University,32.8,50,50,31,23,30.3,15.2,28.6,53.4,35.3,15,56966,7057,Nashville,TN,0.1,National,NA,NA,NA,L,Private,Nashville,41.7,218,Very High,4473,3,2022,TN,1,NA,NA,NA,NA,Nashville,TN,15,17,2,5,11
Icahn School of Medicine at Mount Sinai,NA,101-150,101,47-58,25.8,40.6,0,0,41.2,19,NA,NA,NA,NA,NA,NA,NA,NA,NA,NA,NA,NA,NA,NA,NA,NA,NA,NA,NA,NA,NA,NA,NA,NA,NA,New York,NY,27,18,2,7,11
Florida International University,NA,401-500,401,118-139,6.6,9.6,0,0,32.1,17.3,163,18964,48664,Miami,FL,0.07,National,NA,NA,NA,XL,Public,Miami,NA,801-1000,High,2.221,16,3.5749999999999997,NA,NA,FL,Public,4-year,58836,Miami,FL,15,15,1,4,21
Yale University,50.7,12,12,10,53.4,44.9,47.1,49.7,58.7,35.7,5,59950,4703,New Haven,CT,0.1,National,NA,NA,NA,M,Private,New Haven,90.2,14,Very High,5391,2,2537,CT,1,NA,NA,NA,NA,New Haven,CT,15,17,2,6,12
University of North Carolina at Chapel Hill,37.9,30,30,22,30.2,45.9,8.8,23.4,64.7,34.4,NA,NA,NA,Chapel Hill,NC,0.05,National,NA,NA,NA,NA,NA,NA,NA,NA,NA,NA,NA,NA,NC,1,NC,Public,4-year,30092,Chapel Hill,NC,15,17,1,5,13
Texas Tech University,NA,401-500,401,118-139,7,9.6,0,0,34.4,16.4,220,24092,33269,NA,NA,NA,NA,NA,NA,NA,XL,Public,Lubbock,NA,801-1000,High,1.772,19,2.1959999999999997,NA,NA,TX,Public,4-year,40322,Lubbock,TX,15,15,1,4,11
Massachusetts Institute of Technology,NA,NA,NA,NA,NA,NA,NA,NA,NA,NA,4,55878,4361,Cambridge,MA,0.1,National,NA,NA,NA,NA,NA,NA,NA,NA,NA,NA,NA,NA,MA,1,NA,NA,NA,NA,Cambridge,MA,15,17,2,6,12
Wake Forest University,NA,NA,NA,NA,NA,NA,NA,NA,NA,NA,33,59770,5441,Winston-Salem,NC,0.09,National,NA,NA,NA,M,Private,Winston-Salem,26.9,429,Very High,2.276,4,805,NC,1,NA,NA,NA,NA,Winston-Salem,NC,16,14,2,5,12
William & Mary,NA,NA,NA,NA,NA,NA,NA,NA,NA,NA,41,46467,6236,Williamsburg,VA,0.05,National,NA,NA,NA,NA,NA,NA,NA,NA,NA,NA,NA,NA,NA,NA,NA,NA,NA,NA,Williamsburg,VA,16,14,1,4,23
University of Georgia,NA,NA,NA,NA,NA,NA,NA,NA,NA,NA,48,31120,29765,NA,NA,NA,NA,NA,NA,NA,NA,NA,NA,NA,NA,NA,NA,NA,NA,GA,3,GA,Public,4-year,39147,Athens,GA,15,16,1,4,12
Lehigh University,NA,NA,NA,NA,NA,NA,NA,NA,NA,NA,49,57470,5203,Bethlehem,PA,0.08,National,NA,NA,NA,M,Private,Bethlehem,NA,531-540,Very High,540,11,1.1520000000000001,PA,1,NA,NA,NA,NA,Bethlehem,PA,16,13,2,4,13
Northeastern University,NA,NA,NA,NA,NA,NA,NA,NA,NA,NA,50,57592,15156,Boston,MA,0.15,National,NA,NA,NA,L,Private,Boston,31.9,342,Very High,1.7229999999999999,12,7.595,MA,3,NA,NA,NA,NA,Boston,MA,15,17,2,5,11
Pepperdine University,NA,NA,NA,NA,NA,NA,NA,NA,NA,NA,52,59702,3459,Malibu,CA,0.09,National,NA,NA,NA,NA,NA,NA,NA,NA,NA,NA,NA,NA,CA,3,NA,NA,NA,NA,Malibu,CA,17,14,2,6,21
Villanova University,NA,NA,NA,NA,NA,NA,NA,NA,NA,NA,54,59900,7037,NA,NA,NA,NA,NA,NA,NA,NA,NA,NA,NA,NA,NA,NA,NA,NA,PA,1,NA,NA,NA,NA,Villanova,PA,16,14,2,4,21
Rensselaer Polytechnic Institute,NA,NA,NA,NA,NA,NA,NA,NA,NA,NA,56,58526,6283,Troy,NY,0.15,National,NA,NA,NA,M,Private,Troy,26.8,431,Very High,639,12,1.594,NY,1,NA,NA,NA,NA,Troy,NY,15,14,2,4,13
Santa Clara University,NA,NA,NA,NA,NA,NA,NA,NA,NA,NA,57,55860,5608,Santa Clara,CA,0.06,National,NA,NA,NA,NA,NA,NA,NA,NA,NA,NA,NA,NA,CA,3,NA,NA,NA,NA,Santa Clara,CA,17,14,2,5,12
Syracuse University,NA,NA,NA,NA,NA,NA,NA,NA,NA,NA,59,57591,14479,Syracuse,NY,0.13,National,Syracuse,NY,5443,L,Private,Syracuse,NA,651-700,Very High,1.374,14,3.5709999999999997,NY,3,NA,NA,NA,NA,Syracuse,NY,15,17,2,5,12
George Washington University,NA,NA,NA,NA,NA,NA,NA,NA,NA,NA,63,59870,11762,Washington,DC,0.09,National,NA,NA,NA,L,Private,Ashburn,31.1,355,Very High,2.0159999999999996,11,4.023999999999999,DC,1,NA,NA,NA,NA,Washington,DC,15,17,2,5,11
Worcester Polytechnic Institute,NA,NA,NA,NA,NA,NA,NA,NA,NA,NA,67,55531,4892,Worcester,MA,0.06,National,NA,NA,NA,M,Private,Worcester,NA,751-800,Very High,432,14,837,MA,2,NA,NA,NA,NA,Worcester,MA,16,13,2,4,12
Fordham University,NA,NA,NA,NA,NA,NA,NA,NA,NA,NA,68,55776,9399,New York,NY,0.07,National,NA,NA,NA,L,Private,New York City,NA,801-1000,High,1.123,13,1.982,NY,3,NA,NA,NA,NA,Bronx,NY,16,17,2,5,11
Baylor University,NA,NA,NA,NA,NA,NA,NA,NA,NA,NA,75,50232,14399,NA,NA,NA,NA,NA,NA,NA,L,Private,Waco,NA,1001-1200,Very High,1294,13,777,TX,3,NA,NA,NA,NA,Waco,TX,15,16,2,4,12
Clemson University,NA,NA,NA,NA,NA,NA,NA,NA,NA,NA,76,37712,20868,NA,NA,NA,NA,NA,NA,NA,L,Public,Clemson,NA,801-1000,Very High,1.558,15,1.418,SC,3,NA,NA,NA,NA,Clemson,SC,15,16,1,4,21
Loyola Marymount University,NA,NA,NA,NA,NA,NA,NA,NA,NA,NA,77,53051,6673,Los Angeles,CA,0.1,National,NA,NA,NA,NA,NA,NA,NA,NA,NA,NA,NA,NA,NA,NA,NA,NA,NA,NA,Los Angeles,CA,16,14,2,5,11
American University,NA,NA,NA,NA,NA,NA,NA,NA,NA,NA,79,51334,7953,Washington,DC,0.1,National,NA,NA,NA,M,Private,Washington D.C.,NA,651-700,High,1.091,11,1.305,DC,2,NA,NA,NA,NA,Washington,DC,16,17,2,5,11
Gonzaga University,NA,NA,NA,NA,NA,NA,NA,NA,NA,NA,81,48470,4852,NA,NA,NA,NA,NA,NA,NA,NA,NA,NA,NA,NA,NA,NA,NA,NA,WA,3,NA,NA,NA,NA,Spokane,WA,17,14,2,4,12
Colorado School of Mines,NA,NA,NA,NA,NA,NA,NA,NA,NA,NA,84,39800,5216,NA,NA,NA,NA,NA,NA,NA,M,Public,Golden,25.4,461,Very High,544,11,627,CO,3,NA,NA,NA,NA,Golden,CO,15,13,1,4,21
Elon University,NA,NA,NA,NA,NA,NA,NA,NA,NA,NA,85,38725,6291,NA,NA,NA,NA,NA,NA,NA,NA,NA,NA,NA,NA,NA,NA,NA,NA,NC,3,NA,NA,NA,NA,Elon,NC,17,14,2,4,22
Howard University,NA,NA,NA,NA,NA,NA,NA,NA,NA,NA,86,28916,7857,NA,NA,NA,NA,NA,NA,NA,M,Private,Washington D.C.,NA,651-700,High,1.111,8,531,NA,NA,NA,NA,NA,NA,Washington,DC,16,17,2,5,11
Marquette University,NA,NA,NA,NA,NA,NA,NA,NA,NA,NA,87,45766,8024,NA,NA,NA,NA,NA,NA,NA,M,Private,Milwaukee,NA,1001-1200,Very High,913,12,367,WI,3,NA,NA,NA,NA,Milwaukee,WI,16,17,2,5,11
Stevens Institute of Technology,NA,NA,NA,NA,NA,NA,NA,NA,NA,NA,89,56920,3670,NA,NA,NA,NA,NA,NA,NA,M,Private,Hoboken,NA,701-750,Very High,315,20,1.9189999999999998,NJ,3,NA,NA,NA,NA,Hoboken,NJ,16,13,2,5,21
Texas Christian University,NA,NA,NA,NA,NA,NA,NA,NA,NA,NA,90,51660,9704,Fort Worth,TX,0.05,National,NA,NA,NA,NA,NA,NA,NA,NA,NA,NA,NA,NA,TX,3,NA,NA,NA,NA,Fort Worth,TX,16,17,2,4,11
University of Denver,NA,NA,NA,NA,NA,NA,NA,NA,NA,NA,97,54819,5699,NA,NA,NA,NA,NA,NA,NA,M,Private,Denver,NA,751-800,Very High,1,10,599,CO,4,NA,NA,NA,NA,Denver,CO,15,16,2,5,11
University of San Diego,NA,NA,NA,NA,NA,NA,NA,NA,NA,NA,98,52864,5529,San Diego,CA,0.06,National,NA,NA,NA,M,Private,San Diego,NA,1001-1200,High,647,12,638,CA,3,NA,NA,NA,NA,San Diego,CA,16,13,2,5,11
Auburn University,NA,NA,NA,NA,NA,NA,NA,NA,NA,NA,99,31956,24505,NA,NA,NA,NA,NA,NA,NA,L,Public,Auburn,NA,801-1000,Very High,1.507,18,2.2830000000000004,NA,NA,AL,Public,4-year,30737,Auburn,AL,15,15,1,4,13
University of Colorado Boulder,NA,NA,NA,NA,NA,NA,NA,NA,NA,NA,100,38312,30300,NA,NA,NA,NA,NA,NA,NA,XL,Public,Boulder,38.5,251,Very High,2946,11,2441,NA,NA,CO,Public,4-year,37437,Boulder,CO,15,16,1,4,12
Clark University,NA,NA,NA,NA,NA,NA,NA,NA,NA,NA,103,50302,2241,Worcester,MA,0.08,National,NA,NA,NA,S,Private,Worcester,NA,601-650,Very High,276,12,853,MA,3,NA,NA,NA,NA,Worcester,MA,16,14,2,5,12
Creighton University,NA,NA,NA,NA,NA,NA,NA,NA,NA,NA,104,44524,4458,NA,NA,NA,NA,NA,NA,NA,NA,NA,NA,NA,NA,NA,NA,NA,NA,NE,4,NA,NA,NA,NA,Omaha,NE,16,14,2,5,11
Loyola University Chicago,NA,NA,NA,NA,NA,NA,NA,NA,NA,NA,106,47498,11612,NA,NA,NA,NA,NA,NA,NA,L,Private,Chicago,NA,801-1000,High,1.297,12,726,IL,3,NA,NA,NA,NA,Chicago,IL,16,16,2,5,11
New Jersey Institute of Technology,NA,NA,NA,NA,NA,NA,NA,NA,NA,NA,108,33386,9084,Newark,NJ,0.06,National,NA,NA,NA,NA,NA,NA,NA,NA,NA,NA,NA,NA,NA,NA,NA,NA,NA,NA,Newark,NJ,15,12,1,4,11
University of San Francisco,NA,NA,NA,NA,NA,NA,NA,NA,NA,NA,114,53472,5852,San Francisco,CA,0.11,National,NA,NA,NA,M,Private,San Francisco,NA,1001-1200,High,696,14,1419,NA,NA,NA,NA,NA,NA,San Francisco,CA,17,13,2,5,11
Rochester Institute of Technology,NA,NA,NA,NA,NA,NA,NA,NA,NA,NA,118,52756,13412,Rochester,NY,0.05,National,NA,NA,NA,NA,NA,NA,NA,NA,NA,NA,NA,NA,NY,4,NA,NA,NA,NA,Rochester,NY,16,17,2,4,21
SUNY College of Environmental Science and Forestry,NA,NA,NA,NA,NA,NA,NA,NA,NA,NA,119,19976,1731,NA,NA,NA,NA,NA,NA,NA,NA,NA,NA,NA,NA,NA,NA,NA,NA,NA,NA,NA,NA,NA,NA,Syracuse,NY,16,10,1,4,12
Chapman University,NA,NA,NA,NA,NA,NA,NA,NA,NA,NA,122,57214,7404,NA,NA,NA,NA,NA,NA,NA,NA,NA,NA,NA,NA,NA,NA,NA,NA,CA,3,NA,NA,NA,NA,Orange,CA,16,14,2,4,12
Illinois Institute of Technology,NA,NA,NA,NA,NA,NA,NA,NA,NA,NA,123,50640,3123,Chicago,IL,0.15,National,NA,NA,NA,M,Private,Chicago,26.2,444,Very High,402,15,2.3299999999999996,IL,2,NA,NA,NA,NA,Chicago,IL,16,14,2,5,11
Clarkson University,NA,NA,NA,NA,NA,NA,NA,NA,NA,NA,127,54370,2905,NA,NA,NA,NA,NA,NA,NA,S,Private,Potsdam,NA,751-800,Very High,291,14,384,NA,NA,NA,NA,NA,NA,Potsdam,NY,16,14,2,4,33
DePaul University,NA,NA,NA,NA,NA,NA,NA,NA,NA,NA,128,42012,14145,NA,NA,NA,NA,NA,NA,NA,NA,NA,NA,NA,NA,NA,NA,NA,NA,NA,NA,NA,NA,NA,NA,Chicago,IL,16,15,2,5,11
Gallaudet University,NA,NA,NA,NA,NA,NA,NA,NA,NA,NA,129,17112,1019,Washington,DC,0.05,National,NA,NA,NA,NA,NA,NA,NA,NA,NA,NA,NA,NA,NA,NA,NA,NA,NA,NA,Washington,DC,17,11,2,5,11
Seattle University,NA,NA,NA,NA,NA,NA,NA,NA,NA,NA,131,49335,4299,Seattle,WA,0.09,National,NA,NA,NA,M,Private,Seattle,NA,801-1000,High,601,11,702,NA,NA,NA,NA,NA,NA,Seattle,WA,17,14,2,5,11
Seton Hall University,NA,NA,NA,NA,NA,NA,NA,NA,NA,NA,132,46880,5913,NA,NA,NA,NA,NA,NA,NA,NA,NA,NA,NA,NA,NA,NA,NA,NA,NA,NA,NA,NA,NA,NA,South Orange,NJ,16,13,2,5,21
University of Dayton,NA,NA,NA,NA,NA,NA,NA,NA,NA,NA,133,44890,8644,NA,NA,NA,NA,NA,NA,NA,NA,NA,NA,NA,NA,NA,NA,NA,NA,NA,NA,NA,NA,NA,NA,Dayton,OH,16,17,2,4,12
The Catholic University of America,NA,NA,NA,NA,NA,NA,NA,NA,NA,NA,136,52156,3055,NA,NA,NA,NA,NA,NA,NA,NA,NA,NA,NA,NA,NA,NA,NA,NA,NA,NA,NA,NA,NA,NA,Washington,DC,16,14,2,5,11
Drake University,NA,NA,NA,NA,NA,NA,NA,NA,NA,NA,137,45962,2848,NA,NA,NA,NA,NA,NA,NA,NA,NA,NA,NA,NA,NA,NA,NA,NA,IA,4,NA,NA,NA,NA,Des Moines,IA,17,14,2,5,12
The New School,NA,NA,NA,NA,NA,NA,NA,NA,NA,NA,138,52979,6430,New York,NY,0.3,National,NA,NA,NA,M,Private,New York,NA,561-570,Very High,1.087,9,3.5989999999999998,NY,2,NA,NA,NA,NA,New York,NY,16,13,2,5,11
Samford University,NA,NA,NA,NA,NA,NA,NA,NA,NA,NA,139,35360,3576,NA,NA,NA,NA,NA,NA,NA,NA,NA,NA,NA,NA,NA,NA,NA,NA,NA,NA,NA,NA,NA,NA,Birmingham,AL,17,14,2,5,21
Simmons University,NA,NA,NA,NA,NA,NA,NA,NA,NA,NA,140,43112,1744,NA,NA,NA,NA,NA,NA,NA,NA,NA,NA,NA,NA,NA,NA,NA,NA,NA,NA,NA,NA,NA,NA,Boston,MA,17,14,2,6,11
University of La Verne,NA,NA,NA,NA,NA,NA,NA,NA,NA,NA,141,45850,2484,La Verne,CA,0.05,National,NA,NA,NA,NA,NA,NA,NA,NA,NA,NA,NA,NA,NA,NA,NA,NA,NA,NA,La Verne,CA,17,12,2,5,21
University of the Pacific,NA,NA,NA,NA,NA,NA,NA,NA,NA,NA,146,52352,3524,Stockton,CA,0.08,National,NA,NA,NA,M,Private,Stockton,NA,1001-1200,High,560,10,389,CA,4,NA,NA,NA,NA,Stockton,CA,17,14,2,5,11
University of Tulsa,NA,NA,NA,NA,NA,NA,NA,NA,NA,NA,147,44838,2929,Tulsa,OK,0.07,National,NA,NA,NA,S,Private,Tulsa,NA,801-1000,Very High,376,11,550,OK,3,NA,NA,NA,NA,Tulsa,OK,16,14,2,4,11
Duquesne University,NA,NA,NA,NA,NA,NA,NA,NA,NA,NA,150,43526,5383,NA,NA,NA,NA,NA,NA,NA,NA,NA,NA,NA,NA,NA,NA,NA,NA,NA,NA,NA,NA,NA,NA,Pittsburgh,PA,16,14,2,5,11
Michigan Technological University,NA,NA,NA,NA,NA,NA,NA,NA,NA,NA,152,38112,5642,NA,NA,NA,NA,NA,NA,NA,M,Public,Houghton,NA,651-700,Very High,562,12,694,NA,NA,NA,NA,NA,NA,Houghton,MI,16,14,1,4,33
Quinnipiac University,NA,NA,NA,NA,NA,NA,NA,NA,NA,NA,153,51270,6841,NA,NA,NA,NA,NA,NA,NA,NA,NA,NA,NA,NA,NA,NA,NA,NA,CT,3,NA,NA,NA,NA,Hamden,CT,17,14,2,4,21
San Diego State University,NA,NA,NA,NA,NA,NA,NA,NA,NA,NA,155,20016,31086,San Diego,CA,0.05,National,NA,NA,NA,XL,Public,San Diego,NA,1001-1200,Very High,1262,25,2092,NA,NA,CA,Public,4-year,36334,San Diego,CA,16,15,1,4,11
University of Mississippi,NA,NA,NA,NA,NA,NA,NA,NA,NA,NA,161,25876,16179,NA,NA,NA,NA,NA,NA,NA,L,Public,Oxford,NA,801-1000,Very High,2.017,10,628,NA,NA,NA,NA,NA,NA,University,MS,15,16,1,4,33
Belmont University,NA,NA,NA,NA,NA,NA,NA,NA,NA,NA,162,38430,6626,NA,NA,NA,NA,NA,NA,NA,NA,NA,NA,NA,NA,NA,NA,NA,NA,NA,NA,NA,NA,NA,NA,Nashville,TN,17,14,2,4,11
Hofstra University,NA,NA,NA,NA,NA,NA,NA,NA,NA,NA,164,51360,6120,NA,NA,NA,NA,NA,NA,NA,NA,NA,NA,NA,NA,NA,NA,NA,NA,NA,NA,NA,NA,NA,NA,Hempstead,NY,17,14,2,5,21
Mercer University,NA,NA,NA,NA,NA,NA,NA,NA,NA,NA,166,38746,4911,NA,NA,NA,NA,NA,NA,NA,NA,NA,NA,NA,NA,NA,NA,NA,NA,NA,NA,NA,NA,NA,NA,Macon,GA,16,14,2,5,12
University of Arkansas,NA,NA,NA,NA,NA,NA,NA,NA,NA,NA,168,26390,22825,NA,NA,NA,NA,NA,NA,NA,NA,NA,NA,NA,NA,NA,NA,NA,NA,NA,NA,NA,NA,NA,NA,Fayetteville,AR,15,16,1,4,13
University of Rhode Island,NA,NA,NA,NA,NA,NA,NA,NA,NA,NA,171,33354,14073,NA,NA,NA,NA,NA,NA,NA,L,Public,Kingston,NA,1001-1200,High,910,17,417,NA,NA,NA,NA,NA,NA,Kingston,RI,16,16,1,4,21
Adelphi University,NA,NA,NA,NA,NA,NA,NA,NA,NA,NA,172,42475,5124,NA,NA,NA,NA,NA,NA,NA,NA,NA,NA,NA,NA,NA,NA,NA,NA,NA,NA,NA,NA,NA,NA,Garden City,NY,17,12,2,5,21
Chatham University,NA,NA,NA,NA,NA,NA,NA,NA,NA,NA,173,40877,1358,NA,NA,NA,NA,NA,NA,NA,NA,NA,NA,NA,NA,NA,NA,NA,NA,NA,NA,NA,NA,NA,NA,Pittsburgh,PA,17,11,2,5,11
Valparaiso University,NA,NA,NA,NA,NA,NA,NA,NA,NA,NA,177,44796,2723,NA,NA,NA,NA,NA,NA,NA,NA,NA,NA,NA,NA,NA,NA,NA,NA,NA,NA,NA,NA,NA,NA,Valparaiso,IN,17,11,2,4,21
Missouri University of Science and Technology,NA,NA,NA,NA,NA,NA,NA,NA,NA,NA,179,31286,6086,NA,NA,NA,NA,NA,NA,NA,M,Public,Rolla,NA,511-520,Very High,369,18,557,MO,4,NA,NA,NA,NA,Rolla,MO,16,13,1,4,33
Montclair State University,NA,NA,NA,NA,NA,NA,NA,NA,NA,NA,180,21417,16374,NA,NA,NA,NA,NA,NA,NA,NA,NA,NA,NA,NA,NA,NA,NA,NA,NA,NA,NA,NA,NA,NA,Montclair,NJ,16,16,1,4,21
Rowan University,NA,NA,NA,NA,NA,NA,NA,NA,NA,NA,182,23409,15963,NA,NA,NA,NA,NA,NA,NA,NA,NA,NA,NA,NA,NA,NA,NA,NA,NA,NA,NA,NA,NA,NA,Glassboro,NJ,16,16,1,4,21
University of Idaho,NA,NA,NA,NA,NA,NA,NA,NA,NA,NA,184,27576,8366,NA,NA,NA,NA,NA,NA,NA,NA,NA,NA,NA,NA,NA,NA,NA,NA,NA,NA,NA,NA,NA,NA,Moscow,ID,16,13,1,4,32
Pacific University,NA,NA,NA,NA,NA,NA,NA,NA,NA,NA,188,50070,1758,NA,NA,NA,NA,NA,NA,NA,NA,NA,NA,NA,NA,NA,NA,NA,NA,NA,NA,NA,NA,NA,NA,Forest Grove,OR,17,14,2,6,21
Robert Morris University,NA,NA,NA,NA,NA,NA,NA,NA,NA,NA,189,32770,3312,Moon Township,PA,0.06,National,NA,NA,NA,NA,NA,NA,NA,NA,NA,NA,NA,NA,NA,NA,NA,NA,NA,NA,Moon Township,PA,17,14,2,3,21
Union University,NA,NA,NA,NA,NA,NA,NA,NA,NA,NA,191,35660,2096,NA,NA,NA,NA,NA,NA,NA,NA,NA,NA,NA,NA,NA,NA,NA,NA,NA,NA,NA,NA,NA,NA,Jackson,TN,17,11,2,5,13
University of Detroit Mercy,NA,NA,NA,NA,NA,NA,NA,NA,NA,NA,192,30154,2633,Detroit,MI,0.07,National,NA,NA,NA,NA,NA,NA,NA,NA,NA,NA,NA,NA,NA,NA,NA,NA,NA,NA,Detroit,MI,17,13,2,5,11
University of Louisville,NA,NA,NA,NA,NA,NA,NA,NA,NA,NA,193,28508,15927,NA,NA,NA,NA,NA,NA,NA,NA,NA,NA,NA,NA,NA,NA,NA,NA,NA,NA,NA,NA,NA,NA,Louisville,KY,15,15,1,5,11
University of Saint Joseph,NA,NA,NA,NA,NA,NA,NA,NA,NA,NA,195,42934,898,NA,NA,NA,NA,NA,NA,NA,NA,NA,NA,NA,NA,NA,NA,NA,NA,NA,NA,NA,NA,NA,NA,West Hartford,CT,18,10,2,6,21
Biola University,NA,NA,NA,NA,NA,NA,NA,NA,NA,NA,196,44382,3682,La Mirada,CA,0.06,National,NA,NA,NA,NA,NA,NA,NA,NA,NA,NA,NA,NA,NA,NA,NA,NA,NA,NA,La Mirada,CA,17,14,2,5,21
Towson University,NA,NA,NA,NA,NA,NA,NA,NA,NA,NA,199,22532,18730,NA,NA,NA,NA,NA,NA,NA,NA,NA,NA,NA,NA,NA,NA,NA,NA,NA,NA,NA,NA,NA,NA,Towson,MD,18,16,1,3,13
Ball State University,NA,NA,NA,NA,NA,NA,NA,NA,NA,NA,202,27406,15780,NA,NA,NA,NA,NA,NA,NA,NA,NA,NA,NA,NA,NA,NA,NA,NA,NA,NA,NA,NA,NA,NA,Muncie,IN,16,16,1,4,13
Bellarmine University,NA,NA,NA,NA,NA,NA,NA,NA,NA,NA,203,44520,2484,NA,NA,NA,NA,NA,NA,NA,NA,NA,NA,NA,NA,NA,NA,NA,NA,NA,NA,NA,NA,NA,NA,Louisville,KY,17,10,2,4,11
Florida Institute of Technology,NA,NA,NA,NA,NA,NA,NA,NA,NA,NA,206,43246,3475,Melbourne,FL,0.19,National,NA,NA,NA,NA,NA,NA,NA,NA,NA,NA,NA,NA,NA,NA,NA,NA,NA,NA,Melbourne,FL,16,14,2,5,13
Hampton University,NA,NA,NA,NA,NA,NA,NA,NA,NA,NA,207,29287,3063,NA,NA,NA,NA,NA,NA,NA,NA,NA,NA,NA,NA,NA,NA,NA,NA,NA,NA,NA,NA,NA,NA,Hampton,VA,17,14,2,4,12
Illinois State University,NA,NA,NA,NA,NA,NA,NA,NA,NA,NA,208,26281,17987,NA,NA,NA,NA,NA,NA,NA,NA,NA,NA,NA,NA,NA,NA,NA,NA,NA,NA,NA,NA,NA,NA,Normal,IL,16,16,1,3,22
Loyola University New Orleans,NA,NA,NA,NA,NA,NA,NA,NA,NA,NA,209,43498,3219,NA,NA,NA,NA,NA,NA,NA,NA,NA,NA,NA,NA,NA,NA,NA,NA,LA,3,NA,NA,NA,NA,New Orleans,LA,17,13,2,4,11
Misericordia University,NA,NA,NA,NA,NA,NA,NA,NA,NA,NA,211,35940,1845,NA,NA,NA,NA,NA,NA,NA,NA,NA,NA,NA,NA,NA,NA,NA,NA,NA,NA,NA,NA,NA,NA,Dallas,PA,17,10,2,4,21
Sacred Heart University,NA,NA,NA,NA,NA,NA,NA,NA,NA,NA,212,45230,6417,NA,NA,NA,NA,NA,NA,NA,NA,NA,NA,NA,NA,NA,NA,NA,NA,NA,NA,NA,NA,NA,NA,Fairfield,CT,17,14,2,4,21
East Carolina University,NA,NA,NA,NA,NA,NA,NA,NA,NA,NA,214,23593,23056,NA,NA,NA,NA,NA,NA,NA,NA,NA,NA,NA,NA,NA,NA,NA,NA,NA,NA,NC,Public,4-year,28798,Greenville,NC,16,16,1,4,13
George Fox University,NA,NA,NA,NA,NA,NA,NA,NA,NA,NA,215,38520,2481,NA,NA,NA,NA,NA,NA,NA,NA,NA,NA,NA,NA,NA,NA,NA,NA,NA,NA,NA,NA,NA,NA,Newberg,OR,17,14,2,5,31
Lipscomb University,NA,NA,NA,NA,NA,NA,NA,NA,NA,NA,217,35752,2997,NA,NA,NA,NA,NA,NA,NA,NA,NA,NA,NA,NA,NA,NA,NA,NA,NA,NA,NA,NA,NA,NA,Nashville,TN,17,14,2,5,11
Nova Southeastern University,NA,NA,NA,NA,NA,NA,NA,NA,NA,NA,218,34570,6314,Ft. Lauderdale,FL,0.05,National,NA,NA,NA,NA,NA,NA,NA,NA,NA,NA,NA,NA,NA,NA,NA,NA,NA,NA,Fort Lauderdale,FL,16,16,2,6,21
Pace University,NA,NA,NA,NA,NA,NA,NA,NA,NA,NA,219,48830,7994,New York,NY,0.07,National,NA,NA,NA,NA,NA,NA,NA,NA,NA,NA,NA,NA,NA,NA,NA,NA,NA,NA,New York,NY,17,16,2,5,11
University of Hartford,NA,NA,NA,NA,NA,NA,NA,NA,NA,NA,222,44885,4521,West Hartford,CT,0.06,National,NA,NA,NA,M,Private,West Hartford,NA,801-1000,Medium,517,11,412,NA,NA,NA,NA,NA,NA,West Hartford,CT,17,14,2,4,12
Western New England University,NA,NA,NA,NA,NA,NA,NA,NA,NA,NA,224,40380,2552,NA,NA,NA,NA,NA,NA,NA,NA,NA,NA,NA,NA,NA,NA,NA,NA,NA,NA,NA,NA,NA,NA,Springfield,MA,17,14,2,4,12
Widener University,NA,NA,NA,NA,NA,NA,NA,NA,NA,NA,225,49706,2912,NA,NA,NA,NA,NA,NA,NA,NA,NA,NA,NA,NA,NA,NA,NA,NA,NA,NA,NA,NA,NA,NA,Chester,PA,17,14,2,5,21
Wilkes University,NA,NA,NA,NA,NA,NA,NA,NA,NA,NA,226,39914,2243,Wilkes-Barre,PA,0.06,National,NA,NA,NA,NA,NA,NA,NA,NA,NA,NA,NA,NA,NA,NA,NA,NA,NA,NA,Wilkes-Barre,PA,17,14,2,5,13
Gannon University,NA,NA,NA,NA,NA,NA,NA,NA,NA,NA,227,34526,3208,Erie,PA,0.1,National,NA,NA,NA,NA,NA,NA,NA,NA,NA,NA,NA,NA,NA,NA,NA,NA,NA,NA,Erie,PA,17,14,2,4,13
Immaculata University,NA,NA,NA,NA,NA,NA,NA,NA,NA,NA,228,27750,1614,NA,NA,NA,NA,NA,NA,NA,NA,NA,NA,NA,NA,NA,NA,NA,NA,NA,NA,NA,NA,NA,NA,Immaculata,PA,17,10,2,5,21
Regis University,NA,NA,NA,NA,NA,NA,NA,NA,NA,NA,230,39610,3197,NA,NA,NA,NA,NA,NA,NA,NA,NA,NA,NA,NA,NA,NA,NA,NA,NA,NA,NA,NA,NA,NA,Denver,CO,17,13,2,6,11
Russell Sage College,NA,NA,NA,NA,NA,NA,NA,NA,NA,NA,231,33894,1287,NA,NA,NA,NA,NA,NA,NA,NA,NA,NA,NA,NA,NA,NA,NA,NA,NA,NA,NA,NA,NA,NA,Troy,NY,17,11,2,5,13
Seattle Pacific University,NA,NA,NA,NA,NA,NA,NA,NA,NA,NA,232,35646,2702,Seattle,WA,0.05,National,NA,NA,NA,NA,NA,NA,NA,NA,NA,NA,NA,NA,NA,NA,NA,NA,NA,NA,Seattle,WA,17,14,2,4,11
Central Michigan University,NA,NA,NA,NA,NA,NA,NA,NA,NA,NA,239,13538,13048,NA,NA,NA,NA,NA,NA,NA,NA,NA,NA,NA,NA,NA,NA,NA,NA,NA,NA,NA,NA,NA,NA,Mount Pleasant,MI,16,16,1,4,32
Clarke University,NA,NA,NA,NA,NA,NA,NA,NA,NA,NA,240,36870,659,Dubuque,IA,0.06,National,NA,NA,NA,NA,NA,NA,NA,NA,NA,NA,NA,NA,NA,NA,NA,NA,NA,NA,Dubuque,IA,17,8,2,4,13
Edgewood College,NA,NA,NA,NA,NA,NA,NA,NA,NA,NA,242,31700,1407,NA,NA,NA,NA,NA,NA,NA,NA,NA,NA,NA,NA,NA,NA,NA,NA,NA,NA,NA,NA,NA,NA,Madison,WI,17,10,2,4,11
Georgia State University,NA,NA,NA,NA,NA,NA,NA,NA,NA,NA,243,30114,28772,NA,NA,NA,NA,NA,NA,NA,XL,Public,Atlanta,NA,751-800,Very High,1.281,24,1.756,NA,NA,GA,Public,4-year,36360,Atlanta,GA,15,15,1,4,11
Oklahoma City University,NA,NA,NA,NA,NA,NA,NA,NA,NA,NA,244,32744,1526,Oklahoma City,OK,0.06,National,NA,NA,NA,NA,NA,NA,NA,NA,NA,NA,NA,NA,NA,NA,NA,NA,NA,NA,Oklahoma City,OK,17,11,2,5,11
University of Indianapolis,NA,NA,NA,NA,NA,NA,NA,NA,NA,NA,246,33520,4168,Indianapolis,IN,0.07,National,NA,NA,NA,NA,NA,NA,NA,NA,NA,NA,NA,NA,NA,NA,NA,NA,NA,NA,Indianapolis,IN,17,14,2,4,11
University of South Dakota,NA,NA,NA,NA,NA,NA,NA,NA,NA,NA,248,12942,7103,NA,NA,NA,NA,NA,NA,NA,NA,NA,NA,NA,NA,NA,NA,NA,NA,NA,NA,NA,NA,NA,NA,Vermillion,SD,16,13,1,4,32
Harding University,NA,NA,NA,NA,NA,NA,NA,NA,NA,NA,250,22470,3574,Searcy,AR,0.06,National,NA,NA,NA,NA,NA,NA,NA,NA,NA,NA,NA,NA,NA,NA,NA,NA,NA,NA,Searcy,AR,17,14,2,4,32
Lesley University,NA,NA,NA,NA,NA,NA,NA,NA,NA,NA,251,29450,2128,NA,NA,NA,NA,NA,NA,NA,NA,NA,NA,NA,NA,NA,NA,NA,NA,NA,NA,NA,NA,NA,NA,Cambridge,MA,17,10,2,5,12
Lincoln Memorial University,NA,NA,NA,NA,NA,NA,NA,NA,NA,NA,252,24210,1817,Harrogate,TN,0.06,National,NA,NA,NA,NA,NA,NA,NA,NA,NA,NA,NA,NA,NA,NA,NA,NA,NA,NA,Harrogate,TN,17,13,2,6,32
Sam Houston State University,NA,NA,NA,NA,NA,NA,NA,NA,NA,NA,253,23274,18790,NA,NA,NA,NA,NA,NA,NA,NA,NA,NA,NA,NA,NA,NA,NA,NA,NA,NA,NA,NA,NA,NA,Huntsville,TX,16,15,1,3,32
University of Memphis,NA,NA,NA,NA,NA,NA,NA,NA,NA,NA,254,16764,17383,NA,NA,NA,NA,NA,NA,NA,NA,NA,NA,NA,NA,NA,NA,NA,NA,NA,NA,NA,NA,NA,NA,Memphis,TN,15,15,1,4,11
University of New England,NA,NA,NA,NA,NA,NA,NA,NA,NA,NA,257,39820,4065,NA,NA,NA,NA,NA,NA,NA,NA,NA,NA,NA,NA,NA,NA,NA,NA,NA,NA,NA,NA,NA,NA,Biddeford,ME,16,14,2,6,22
University of North Dakota,NA,NA,NA,NA,NA,NA,NA,NA,NA,NA,258,15067,9796,Grand Forks,ND,0.05,National,NA,NA,NA,NA,NA,NA,NA,NA,NA,NA,NA,NA,NA,NA,NA,NA,NA,NA,Grand Forks,ND,16,16,1,4,13
Azusa Pacific University,NA,NA,NA,NA,NA,NA,NA,NA,NA,NA,263,41410,4498,NA,NA,NA,NA,NA,NA,NA,NA,NA,NA,NA,NA,NA,NA,NA,NA,NA,NA,NA,NA,NA,NA,Azusa,CA,16,14,2,5,21
Baker University,NA,NA,NA,NA,NA,NA,NA,NA,NA,NA,264,31600,1149,NA,NA,NA,NA,NA,NA,NA,NA,NA,NA,NA,NA,NA,NA,NA,NA,NA,NA,NA,NA,NA,NA,Baldwin City,KS,17,10,2,4,31
Delaware State University,NA,NA,NA,NA,NA,NA,NA,NA,NA,NA,265,17294,4131,NA,NA,NA,NA,NA,NA,NA,NA,NA,NA,NA,NA,NA,NA,NA,NA,NA,NA,NA,NA,NA,NA,Dover,DE,19,14,1,4,13
Montana State University,NA,NA,NA,NA,NA,NA,NA,NA,NA,NA,267,26950,14240,NA,NA,NA,NA,NA,NA,NA,NA,NA,NA,NA,NA,NA,NA,NA,NA,NA,NA,NA,NA,NA,NA,Bozeman,MT,15,16,1,3,33
Old Dominion University,NA,NA,NA,NA,NA,NA,NA,NA,NA,NA,268,31680,19622,NA,NA,NA,NA,NA,NA,NA,NA,NA,NA,NA,NA,NA,NA,NA,NA,NA,NA,NA,NA,NA,NA,Norfolk,VA,15,16,1,4,12
Shenandoah University,NA,NA,NA,NA,NA,NA,NA,NA,NA,NA,269,34490,2267,NA,NA,NA,NA,NA,NA,NA,NA,NA,NA,NA,NA,NA,NA,NA,NA,NA,NA,NA,NA,NA,NA,Winchester,VA,17,14,2,5,13
University of North Florida,NA,NA,NA,NA,NA,NA,NA,NA,NA,NA,274,20793,14550,NA,NA,NA,NA,NA,NA,NA,NA,NA,NA,NA,NA,NA,NA,NA,NA,NA,NA,NA,NA,NA,NA,Jacksonville,FL,16,15,1,4,11
University of the Incarnate Word,NA,NA,NA,NA,NA,NA,NA,NA,NA,NA,275,33100,5081,NA,NA,NA,NA,NA,NA,NA,NA,NA,NA,NA,NA,NA,NA,NA,NA,NA,NA,NA,NA,NA,NA,San Antonio,TX,17,12,2,5,11
Western Michigan University,NA,NA,NA,NA,NA,NA,NA,NA,NA,NA,276,17591,16554,Kalamazoo,MI,0.06,National,NA,NA,NA,L,Public,Kalamazoo,NA,1001-1200,High,1144,16,1664,NA,NA,NA,NA,NA,NA,Kalamazoo,MI,16,16,1,4,13
Campbell University,NA,NA,NA,NA,NA,NA,NA,NA,NA,NA,277,38160,3720,NA,NA,NA,NA,NA,NA,NA,NA,NA,NA,NA,NA,NA,NA,NA,NA,NA,NA,NA,NA,NA,NA,Buies Creek,NC,17,13,2,5,31
Florida Atlantic University,NA,NA,NA,NA,NA,NA,NA,NA,NA,NA,279,21655,25562,NA,NA,NA,NA,NA,NA,NA,NA,NA,NA,NA,NA,NA,NA,NA,NA,NA,NA,FL,Public,4-year,30805,Boca Raton,FL,16,15,1,4,13
Gardner-Webb University,NA,NA,NA,NA,NA,NA,NA,NA,NA,NA,280,31960,1999,NA,NA,NA,NA,NA,NA,NA,NA,NA,NA,NA,NA,NA,NA,NA,NA,NA,NA,NA,NA,NA,NA,Boiling Springs,NC,17,11,2,5,32
Louisiana Tech University,NA,NA,NA,NA,NA,NA,NA,NA,NA,NA,281,19548,10013,NA,NA,NA,NA,NA,NA,NA,NA,NA,NA,NA,NA,NA,NA,NA,NA,NA,NA,NA,NA,NA,NA,Ruston,LA,16,13,1,4,32
Regent University,NA,NA,NA,NA,NA,NA,NA,NA,NA,NA,284,18820,4539,NA,NA,NA,NA,NA,NA,NA,NA,NA,NA,NA,NA,NA,NA,NA,NA,NA,NA,NA,NA,NA,NA,Virginia Beach,VA,17,12,2,5,11
Dallas Baptist University,NA,NA,NA,NA,NA,NA,NA,NA,NA,NA,288,33620,2874,Dallas,TX,0.06,National,NA,NA,NA,NA,NA,NA,NA,NA,NA,NA,NA,NA,NA,NA,NA,NA,NA,NA,Dallas,TX,17,14,2,5,11
East Tennessee State University,NA,NA,NA,NA,NA,NA,NA,NA,NA,NA,289,27406,10705,NA,NA,NA,NA,NA,NA,NA,NA,NA,NA,NA,NA,NA,NA,NA,NA,NA,NA,NA,NA,NA,NA,Johnson City,TN,16,16,1,4,13
Long Island University,NA,NA,NA,NA,NA,NA,NA,NA,NA,NA,290,39920,10403,NA,NA,NA,NA,NA,NA,NA,NA,NA,NA,NA,NA,NA,NA,NA,NA,NA,NA,NA,NA,NA,NA,Brookville,NY,16,13,2,5,21
Marshall University,NA,NA,NA,NA,NA,NA,NA,NA,NA,NA,291,19606,8771,NA,NA,NA,NA,NA,NA,NA,NA,NA,NA,NA,NA,NA,NA,NA,NA,NA,NA,NA,NA,NA,NA,Huntington,WV,16,13,1,4,13
Middle Tennessee State University,NA,NA,NA,NA,NA,NA,NA,NA,NA,NA,292,29584,19188,NA,NA,NA,NA,NA,NA,NA,NA,NA,NA,NA,NA,NA,NA,NA,NA,NA,NA,NA,NA,NA,NA,Murfreesboro,TN,16,15,1,3,12
Northern Arizona University,NA,NA,NA,NA,NA,NA,NA,NA,NA,NA,293,26642,25230,NA,NA,NA,NA,NA,NA,NA,L,Public,Flagstaff,NA,1001-1200,High,1158,22,1162,NA,NA,AZ,Public,4-year,29566,Flagstaff,AZ,16,16,1,4,13
Portland State University,NA,NA,NA,NA,NA,NA,NA,NA,NA,NA,294,23769,18959,NA,NA,NA,NA,NA,NA,NA,L,Public,Portland,NA,1001-1200,Very High,1091,17,1230,NA,NA,NA,NA,NA,NA,Portland,OR,16,15,1,4,11
South Dakota State University,NA,NA,NA,NA,NA,NA,NA,NA,NA,NA,295,12809,9976,NA,NA,NA,NA,NA,NA,NA,NA,NA,NA,NA,NA,NA,NA,NA,NA,NA,NA,NA,NA,NA,NA,Brookings,SD,16,14,1,3,33
University of Hawaii at Hilo,NA,NA,NA,NA,NA,NA,NA,NA,NA,NA,296,20798,2671,NA,NA,NA,NA,NA,NA,NA,NA,NA,NA,NA,NA,NA,NA,NA,NA,NA,NA,NA,NA,NA,NA,Hilo,HI,17,10,1,4,33
Andrews University,NA,NA,NA,NA,NA,NA,NA,NA,NA,NA,300,31008,1708,Berrien Springs,MI,0.18,National,NA,NA,NA,NA,NA,NA,NA,NA,NA,NA,NA,NA,NA,NA,NA,NA,NA,NA,Berrien Springs,MI,17,11,2,5,31
Arkansas State University,NA,NA,NA,NA,NA,NA,NA,NA,NA,NA,301,16070,8486,State University,AR,0.05,National,NA,NA,NA,NA,NA,NA,NA,NA,NA,NA,NA,NA,NA,NA,NA,NA,NA,NA,Jonesboro,AR,16,13,1,4,13
Augusta University,NA,NA,NA,NA,NA,NA,NA,NA,NA,NA,302,24210,5675,NA,NA,NA,NA,NA,NA,NA,NA,NA,NA,NA,NA,NA,NA,NA,NA,NA,NA,NA,NA,NA,NA,Augusta,GA,16,12,1,5,12
Aurora University,NA,NA,NA,NA,NA,NA,NA,NA,NA,NA,303,25600,4104,NA,NA,NA,NA,NA,NA,NA,NA,NA,NA,NA,NA,NA,NA,NA,NA,NA,NA,NA,NA,NA,NA,Aurora,IL,17,12,2,5,21
Barry University,NA,NA,NA,NA,NA,NA,NA,NA,NA,NA,304,30014,3523,NA,NA,NA,NA,NA,NA,NA,NA,NA,NA,NA,NA,NA,NA,NA,NA,NA,NA,NA,NA,NA,NA,Miami,FL,17,13,2,5,21
Benedictine University,NA,NA,NA,NA,NA,NA,NA,NA,NA,NA,305,34290,2299,NA,NA,NA,NA,NA,NA,NA,NA,NA,NA,NA,NA,NA,NA,NA,NA,NA,NA,NA,NA,NA,NA,Lisle,IL,18,9,2,5,21
Boise State University,NA,NA,NA,NA,NA,NA,NA,NA,NA,NA,306,24988,20788,NA,NA,NA,NA,NA,NA,NA,NA,NA,NA,NA,NA,NA,NA,NA,NA,NA,NA,NA,NA,NA,NA,Boise,ID,16,15,1,4,12
Cardinal Stritch University,NA,NA,NA,NA,NA,NA,NA,NA,NA,NA,307,34762,1068,Milwaukee,WI,0.21,National,NA,NA,NA,NA,NA,NA,NA,NA,NA,NA,NA,NA,NA,NA,NA,NA,NA,NA,Milwaukee,WI,17,7,2,5,21
Carson-Newman University,NA,NA,NA,NA,NA,NA,NA,NA,NA,NA,308,31320,1722,Jefferson City,TN,0.06,National,NA,NA,NA,NA,NA,NA,NA,NA,NA,NA,NA,NA,NA,NA,NA,NA,NA,NA,Jefferson City,TN,17,11,2,4,23
Clark Atlanta University,NA,NA,NA,NA,NA,NA,NA,NA,NA,NA,309,24430,3096,NA,NA,NA,NA,NA,NA,NA,NA,NA,NA,NA,NA,NA,NA,NA,NA,NA,NA,NA,NA,NA,NA,Atlanta,GA,16,14,2,4,11
Cleveland State University,NA,NA,NA,NA,NA,NA,NA,NA,NA,NA,310,16480,11245,NA,NA,NA,NA,NA,NA,NA,NA,NA,NA,NA,NA,NA,NA,NA,NA,NA,NA,NA,NA,NA,NA,Cleveland,OH,16,15,1,4,11
Eastern Michigan University,NA,NA,NA,NA,NA,NA,NA,NA,NA,NA,314,14090,13572,NA,NA,NA,NA,NA,NA,NA,NA,NA,NA,NA,NA,NA,NA,NA,NA,NA,NA,NA,NA,NA,NA,Ypsilanti,MI,16,16,1,4,21
Ferris State University,NA,NA,NA,NA,NA,NA,NA,NA,NA,NA,315,13290,9929,NA,NA,NA,NA,NA,NA,NA,NA,NA,NA,NA,NA,NA,NA,NA,NA,NA,NA,NA,NA,NA,NA,Big Rapids,MI,17,13,1,4,32
Georgia Southern University,NA,NA,NA,NA,NA,NA,NA,NA,NA,NA,316,21396,23469,NA,NA,NA,NA,NA,NA,NA,NA,NA,NA,NA,NA,NA,NA,NA,NA,NA,NA,NA,NA,NA,NA,Statesboro,GA,16,16,1,3,32
Grand Canyon University,NA,NA,NA,NA,NA,NA,NA,NA,NA,NA,317,17800,58997,NA,NA,NA,NA,NA,NA,NA,NA,NA,NA,NA,NA,NA,NA,NA,NA,NA,NA,AZ,PrivFp,4-year,103427,Phoenix,AZ,17,15,2,5,11
Husson University,NA,NA,NA,NA,NA,NA,NA,NA,NA,NA,318,20430,2677,NA,NA,NA,NA,NA,NA,NA,NA,NA,NA,NA,NA,NA,NA,NA,NA,NA,NA,NA,NA,NA,NA,Bangor,ME,17,10,2,4,13
Idaho State University,NA,NA,NA,NA,NA,NA,NA,NA,NA,NA,319,24494,10353,NA,NA,NA,NA,NA,NA,NA,NA,NA,NA,NA,NA,NA,NA,NA,NA,NA,NA,NA,NA,NA,NA,Pocatello,ID,16,12,1,4,13
Indiana State University,NA,NA,NA,NA,NA,NA,NA,NA,NA,NA,320,20570,8939,NA,NA,NA,NA,NA,NA,NA,M,Public,Terre Haute,NA,1201,High,537,18,340,NA,NA,NA,NA,NA,NA,Terre Haute,IN,17,13,1,4,13
Jackson State University,NA,NA,NA,NA,NA,NA,NA,NA,NA,NA,323,9445,4668,NA,NA,NA,NA,NA,NA,NA,NA,NA,NA,NA,NA,NA,NA,NA,NA,NA,NA,NA,NA,NA,NA,Jackson,MS,16,14,1,4,12
Kennesaw State University,NA,NA,NA,NA,NA,NA,NA,NA,NA,NA,325,21616,37390,NA,NA,NA,NA,NA,NA,NA,NA,NA,NA,NA,NA,NA,NA,NA,NA,NA,NA,GA,Public,4-year,41181,Kennesaw,GA,16,15,1,3,21
Lamar University,NA,NA,NA,NA,NA,NA,NA,NA,NA,NA,326,22826,8555,NA,NA,NA,NA,NA,NA,NA,NA,NA,NA,NA,NA,NA,NA,NA,NA,NA,NA,NA,NA,NA,NA,Beaumont,TX,17,13,1,5,12
Liberty University,NA,NA,NA,NA,NA,NA,NA,NA,NA,NA,327,24910,47988,NA,NA,NA,NA,NA,NA,NA,NA,NA,NA,NA,NA,NA,NA,NA,NA,NA,NA,VA,PrivNp,4-year,93349,Lynchburg,VA,17,15,2,5,13
Lindenwood University,NA,NA,NA,NA,NA,NA,NA,NA,NA,NA,328,18640,4822,NA,NA,NA,NA,NA,NA,NA,NA,NA,NA,NA,NA,NA,NA,NA,NA,NA,NA,NA,NA,NA,NA,Saint Charles,MO,18,14,2,4,13
Mary Baldwin University,NA,NA,NA,NA,NA,NA,NA,NA,NA,NA,329,31085,1477,NA,NA,NA,NA,NA,NA,NA,NA,NA,NA,NA,NA,NA,NA,NA,NA,NA,NA,NA,NA,NA,NA,Staunton,VA,17,11,2,5,13
Metropolitan State University,NA,NA,NA,NA,NA,NA,NA,NA,NA,NA,330,15673,6770,NA,NA,NA,NA,NA,NA,NA,NA,NA,NA,NA,NA,NA,NA,NA,NA,NA,NA,NA,NA,NA,NA,Saint Paul,MN,19,12,1,4,11
Mississippi College,NA,NA,NA,NA,NA,NA,NA,NA,NA,NA,331,20302,2757,NA,NA,NA,NA,NA,NA,NA,NA,NA,NA,NA,NA,NA,NA,NA,NA,NA,NA,NA,NA,NA,NA,Clinton,MS,17,14,2,5,21
Morgan State University,NA,NA,NA,NA,NA,NA,NA,NA,NA,NA,333,18480,6270,Baltimore,MD,0.06,National,NA,NA,NA,NA,NA,NA,NA,NA,NA,NA,NA,NA,NA,NA,NA,NA,NA,NA,Baltimore,MD,16,13,1,4,11
National Louis University,NA,NA,NA,NA,NA,NA,NA,NA,NA,NA,334,11325,3604,NA,NA,NA,NA,NA,NA,NA,NA,NA,NA,NA,NA,NA,NA,NA,NA,NA,NA,NA,NA,NA,NA,Chicago,IL,17,12,2,5,11
Northern Illinois University,NA,NA,NA,NA,NA,NA,NA,NA,NA,NA,335,12478,12277,NA,NA,NA,NA,NA,NA,NA,NA,NA,NA,NA,NA,NA,NA,NA,NA,NA,NA,NA,NA,NA,NA,Dekalb,IL,16,16,1,4,23
Northern Kentucky University,NA,NA,NA,NA,NA,NA,NA,NA,NA,NA,336,20448,11507,NA,NA,NA,NA,NA,NA,NA,NA,NA,NA,NA,NA,NA,NA,NA,NA,NA,NA,NA,NA,NA,NA,Highland Heights,KY,17,15,1,4,21
Oakland University,NA,NA,NA,NA,NA,NA,NA,NA,NA,NA,337,24708,15100,NA,NA,NA,NA,NA,NA,NA,NA,NA,NA,NA,NA,NA,NA,NA,NA,NA,NA,NA,NA,NA,NA,Rochester Hills,MI,16,15,1,4,21
Our Lady of the Lake University,NA,NA,NA,NA,NA,NA,NA,NA,NA,NA,338,29926,1294,NA,NA,NA,NA,NA,NA,NA,NA,NA,NA,NA,NA,NA,NA,NA,NA,NA,NA,NA,NA,NA,NA,San Antonio,TX,17,10,2,6,11
Palm Beach Atlantic University,NA,NA,NA,NA,NA,NA,NA,NA,NA,NA,339,34136,2916,NA,NA,NA,NA,NA,NA,NA,NA,NA,NA,NA,NA,NA,NA,NA,NA,NA,NA,NA,NA,NA,NA,West Palm Beach,FL,17,11,2,4,12
Roosevelt University,NA,NA,NA,NA,NA,NA,NA,NA,NA,NA,341,31493,2997,NA,NA,NA,NA,NA,NA,NA,NA,NA,NA,NA,NA,NA,NA,NA,NA,NA,NA,NA,NA,NA,NA,Chicago,IL,17,13,2,5,11
Spalding University,NA,NA,NA,NA,NA,NA,NA,NA,NA,NA,343,25975,925,NA,NA,NA,NA,NA,NA,NA,NA,NA,NA,NA,NA,NA,NA,NA,NA,NA,NA,NA,NA,NA,NA,Louisville,KY,18,10,2,5,11
Tennessee State University,NA,NA,NA,NA,NA,NA,NA,NA,NA,NA,345,21910,6000,NA,NA,NA,NA,NA,NA,NA,NA,NA,NA,NA,NA,NA,NA,NA,NA,NA,NA,NA,NA,NA,NA,Nashville,TN,16,14,1,4,11
Texas Southern University,NA,NA,NA,NA,NA,NA,NA,NA,NA,NA,349,21443,5298,NA,NA,NA,NA,NA,NA,NA,NA,NA,NA,NA,NA,NA,NA,NA,NA,NA,NA,NA,NA,NA,NA,Houston,TX,16,13,1,4,11
Texas State University,NA,NA,NA,NA,NA,NA,NA,NA,NA,NA,350,24091,33193,NA,NA,NA,NA,NA,NA,NA,NA,NA,NA,NA,NA,NA,NA,NA,NA,NA,NA,TX,Public,4-year,37812,San Marcos,TX,16,15,1,4,13
Texas Wesleyan University,NA,NA,NA,NA,NA,NA,NA,NA,NA,NA,351,33408,1480,NA,NA,NA,NA,NA,NA,NA,NA,NA,NA,NA,NA,NA,NA,NA,NA,NA,NA,NA,NA,NA,NA,Fort Worth,TX,17,10,2,5,11
Texas Woman's University,NA,NA,NA,NA,NA,NA,NA,NA,NA,NA,352,22474,10656,NA,NA,NA,NA,NA,NA,NA,NA,NA,NA,NA,NA,NA,NA,NA,NA,NA,NA,NA,NA,NA,NA,Denton,TX,17,15,1,5,12
Trevecca Nazarene University,NA,NA,NA,NA,NA,NA,NA,NA,NA,NA,353,26898,2095,Nashville,TN,0.1,National,NA,NA,NA,NA,NA,NA,NA,NA,NA,NA,NA,NA,NA,NA,NA,NA,NA,NA,Nashville,TN,17,13,2,6,11
University of Arkansas at Little Rock,NA,NA,NA,NA,NA,NA,NA,NA,NA,NA,359,18957,7006,NA,NA,NA,NA,NA,NA,NA,NA,NA,NA,NA,NA,NA,NA,NA,NA,NA,NA,NA,NA,NA,NA,Little Rock,AR,16,12,1,5,12
University of Bridgeport,NA,NA,NA,NA,NA,NA,NA,NA,NA,NA,360,-1,3233,NA,NA,NA,NA,NA,NA,NA,NA,NA,NA,NA,NA,NA,NA,NA,NA,NA,NA,NA,NA,NA,NA,Bridgeport,CT,17,13,2,5,12
University of Central Arkansas,NA,NA,NA,NA,NA,NA,NA,NA,NA,NA,361,16433,8615,NA,NA,NA,NA,NA,NA,NA,NA,NA,NA,NA,NA,NA,NA,NA,NA,NA,NA,NA,NA,NA,NA,Conway,AR,17,13,1,4,13
University of Charleston,NA,NA,NA,NA,NA,NA,NA,NA,NA,NA,362,31400,2115,Charleston,WV,0.07,National,NA,NA,NA,NA,NA,NA,NA,NA,NA,NA,NA,NA,NA,NA,NA,NA,NA,NA,Charleston,WV,17,10,2,5,13
University of Louisiana at Lafayette,NA,NA,NA,NA,NA,NA,NA,NA,NA,NA,364,24110,14020,NA,NA,NA,NA,NA,NA,NA,NA,NA,NA,NA,NA,NA,NA,NA,NA,NA,NA,NA,NA,NA,NA,Lafayette,LA,15,16,1,4,12
University of Mary,NA,NA,NA,NA,NA,NA,NA,NA,NA,NA,366,20628,2540,NA,NA,NA,NA,NA,NA,NA,NA,NA,NA,NA,NA,NA,NA,NA,NA,NA,NA,NA,NA,NA,NA,Bismarck,ND,17,11,2,5,41
University of Maryland Eastern Shore,NA,NA,NA,NA,NA,NA,NA,NA,NA,NA,367,18968,2070,NA,NA,NA,NA,NA,NA,NA,NA,NA,NA,NA,NA,NA,NA,NA,NA,NA,NA,NA,NA,NA,NA,Princess Anne,MD,16,11,1,4,31
University of New Orleans,NA,NA,NA,NA,NA,NA,NA,NA,NA,NA,369,16762,6895,NA,NA,NA,NA,NA,NA,NA,NA,NA,NA,NA,NA,NA,NA,NA,NA,NA,NA,NA,NA,NA,NA,New Orleans,LA,16,13,1,4,11
University of Northern Colorado,NA,NA,NA,NA,NA,NA,NA,NA,NA,NA,370,22496,8494,NA,NA,NA,NA,NA,NA,NA,NA,NA,NA,NA,NA,NA,NA,NA,NA,NA,NA,NA,NA,NA,NA,Greeley,CO,17,13,1,4,12
University of South Alabama,NA,NA,NA,NA,NA,NA,NA,NA,NA,NA,372,20840,9050,NA,NA,NA,NA,NA,NA,NA,NA,NA,NA,NA,NA,NA,NA,NA,NA,NA,NA,NA,NA,NA,NA,Mobile,AL,16,16,1,5,12
University of Southern Mississippi,NA,NA,NA,NA,NA,NA,NA,NA,NA,NA,373,11160,11451,NA,NA,NA,NA,NA,NA,NA,NA,NA,NA,NA,NA,NA,NA,NA,NA,NA,NA,NA,NA,NA,NA,Hattiesburg,MS,15,16,1,4,13
University of the Cumberlands,NA,NA,NA,NA,NA,NA,NA,NA,NA,NA,379,9875,3874,NA,NA,NA,NA,NA,NA,NA,NA,NA,NA,NA,NA,NA,NA,NA,NA,NA,NA,NA,NA,NA,NA,Williamsburg,KY,17,13,2,6,33
University of Toledo,NA,NA,NA,NA,NA,NA,NA,NA,NA,NA,380,20818,14406,Toledo,OH,0.06,National,NA,NA,NA,NA,NA,NA,NA,NA,NA,NA,NA,NA,NA,NA,NA,NA,NA,NA,Toledo,OH,16,16,1,4,11
University of West Georgia,NA,NA,NA,NA,NA,NA,NA,NA,NA,NA,381,21432,10331,NA,NA,NA,NA,NA,NA,NA,NA,NA,NA,NA,NA,NA,NA,NA,NA,NA,NA,NA,NA,NA,NA,Carrollton,GA,17,13,1,4,31
Valdosta State University,NA,NA,NA,NA,NA,NA,NA,NA,NA,NA,383,17638,9570,NA,NA,NA,NA,NA,NA,NA,NA,NA,NA,NA,NA,NA,NA,NA,NA,NA,NA,NA,NA,NA,NA,Valdosta,GA,17,13,1,4,13
Washburn University,NA,NA,NA,NA,NA,NA,NA,NA,NA,NA,384,19876,5064,NA,NA,NA,NA,NA,NA,NA,NA,NA,NA,NA,NA,NA,NA,NA,NA,NA,NA,NA,NA,NA,NA,Topeka,KS,19,12,1,4,12
Western Kentucky University,NA,NA,NA,NA,NA,NA,NA,NA,NA,NA,385,26496,15286,NA,NA,NA,NA,NA,NA,NA,NA,NA,NA,NA,NA,NA,NA,NA,NA,NA,NA,NA,NA,NA,NA,Bowling Green,KY,17,16,1,3,13
Wichita State University,NA,NA,NA,NA,NA,NA,NA,NA,NA,NA,386,18166,12406,Wichita,KS,0.05,National,NA,NA,NA,NA,NA,NA,NA,NA,NA,NA,NA,NA,NA,NA,NA,NA,NA,NA,Wichita,KS,16,15,1,4,11
William Carey University,NA,NA,NA,NA,NA,NA,NA,NA,NA,NA,387,14100,3264,NA,NA,NA,NA,NA,NA,NA,NA,NA,NA,NA,NA,NA,NA,NA,NA,NA,NA,NA,NA,NA,NA,Hattiesburg,MS,17,13,2,5,13
William Woods University,NA,NA,NA,NA,NA,NA,NA,NA,NA,NA,388,25930,873,NA,NA,NA,NA,NA,NA,NA,NA,NA,NA,NA,NA,NA,NA,NA,NA,NA,NA,NA,NA,NA,NA,Fulton,MO,17,11,2,5,32
Wilmington University,NA,NA,NA,NA,NA,NA,NA,NA,NA,NA,389,11750,9230,NA,NA,NA,NA,NA,NA,NA,NA,NA,NA,NA,NA,NA,NA,NA,NA,NA,NA,NA,NA,NA,NA,New Castle,DE,17,12,2,5,21
Wingate University,NA,NA,NA,NA,NA,NA,NA,NA,NA,NA,390,40170,2683,Wingate,NC,0.06,National,NA,NA,NA,NA,NA,NA,NA,NA,NA,NA,NA,NA,NA,NA,NA,NA,NA,NA,Wingate,NC,17,14,2,4,21
Oral Roberts University,NA,NA,NA,NA,NA,NA,NA,NA,NA,NA,NA,NA,NA,Tulsa,OK,0.15,National,NA,NA,NA,NA,NA,NA,NA,NA,NA,NA,NA,NA,NA,NA,NA,NA,NA,NA,Tulsa,OK,19,14,2,4,11
Suffolk University,NA,NA,NA,NA,NA,NA,NA,NA,NA,NA,NA,NA,NA,Boston,MA,0.15,National,Boston,MA,1273,NA,NA,NA,NA,NA,NA,NA,NA,NA,NA,NA,NA,NA,NA,NA,Boston,MA,17,13,2,5,11
Marymount University,NA,NA,NA,NA,NA,NA,NA,NA,NA,NA,NA,NA,NA,Arlington,VA,0.14,National,NA,NA,NA,NA,NA,NA,NA,NA,NA,NA,NA,NA,NA,NA,NA,NA,NA,NA,Arlington,VA,17,10,2,5,12
Saint Leo University,NA,NA,NA,NA,NA,NA,NA,NA,NA,NA,NA,NA,NA,Saint Leo,FL,0.14,National,NA,NA,NA,NA,NA,NA,NA,NA,NA,NA,NA,NA,NA,NA,NA,NA,NA,NA,Saint Leo,FL,17,12,2,5,23
University of Illinois Urbana-Champaign,NA,NA,NA,NA,NA,NA,NA,NA,NA,NA,NA,NA,NA,Champaign,IL,0.13,National,NA,NA,NA,NA,NA,NA,NA,NA,NA,NA,NA,NA,NA,NA,NA,NA,NA,NA,Champaign,IL,15,16,1,5,13
St. Thomas University,NA,NA,NA,NA,NA,NA,NA,NA,NA,NA,NA,NA,NA,Miami Gardens,FL,0.11,National,NA,NA,NA,NA,NA,NA,NA,NA,NA,NA,NA,NA,NA,NA,NA,NA,NA,NA,Miami Gardens,FL,17,13,2,6,21
The Pennsylvania State University,NA,NA,NA,NA,NA,NA,NA,NA,NA,NA,NA,NA,NA,University Park,PA,0.1,National,NA,NA,NA,NA,NA,NA,NA,NA,NA,NA,NA,NA,NA,NA,PA,Public,4-year,89816,University Park,PA,15,16,1,4,13
Walsh University,NA,NA,NA,NA,NA,NA,NA,NA,NA,NA,NA,NA,NA,North Canton,OH,0.08,National,NA,NA,NA,NA,NA,NA,NA,NA,NA,NA,NA,NA,NA,NA,NA,NA,NA,NA,North Canton,OH,17,11,2,4,21
Briar Cliff University,NA,NA,NA,NA,NA,NA,NA,NA,NA,NA,NA,NA,NA,Sioux City,IA,0.07,National,NA,NA,NA,NA,NA,NA,NA,NA,NA,NA,NA,NA,NA,NA,NA,NA,NA,NA,Sioux City,IA,17,8,2,4,13
Oakland City University,NA,NA,NA,NA,NA,NA,NA,NA,NA,NA,NA,NA,NA,Oakland City,IN,0.07,National,NA,NA,NA,NA,NA,NA,NA,NA,NA,NA,NA,NA,NA,NA,NA,NA,NA,NA,Oakland City,IN,17,8,2,4,32
San Francisco State University,NA,NA,NA,NA,NA,NA,NA,NA,NA,NA,NA,NA,NA,San Francisco,CA,0.07,National,San Francisco,CA,1260,NA,NA,NA,NA,NA,NA,NA,NA,NA,NA,NA,NA,NA,NA,NA,San Francisco,CA,16,15,1,4,11
Abilene Christian University,NA,NA,NA,NA,NA,NA,NA,NA,NA,NA,NA,NA,NA,Abilene,TX,0.05,National,NA,NA,NA,NA,NA,NA,NA,NA,NA,NA,NA,NA,NA,NA,NA,NA,NA,NA,Abilene,TX,17,14,2,4,12
Alvernia University,NA,NA,NA,NA,NA,NA,NA,NA,NA,NA,NA,NA,NA,Reading,PA,0.05,National,NA,NA,NA,NA,NA,NA,NA,NA,NA,NA,NA,NA,NA,NA,NA,NA,NA,NA,Reading,PA,17,11,2,4,13
Soka University of America,NA,NA,NA,NA,NA,NA,NA,NA,NA,NA,NA,NA,NA,Aliso Viejo,CA,0.49,Liberal Arts,Aliso Viejo,CA,221,NA,NA,NA,NA,NA,NA,NA,NA,NA,NA,NA,NA,NA,NA,NA,Aliso Viejo,CA,21,8,2,3,21
Mount Holyoke College,NA,NA,NA,NA,NA,NA,NA,NA,NA,NA,NA,NA,NA,South Hadley,MA,0.24,Liberal Arts,South Hadley,MA,646,NA,NA,NA,NA,NA,NA,NA,NA,NA,MA,2,NA,NA,NA,NA,South Hadley,MA,21,11,2,3,21
Principia College,NA,NA,NA,NA,NA,NA,NA,NA,NA,NA,NA,NA,NA,Elsah,IL,0.24,Liberal Arts,NA,NA,NA,NA,NA,NA,NA,NA,NA,NA,NA,NA,NA,NA,NA,NA,NA,NA,Elsah,IL,21,8,2,2,41
Bethany Lutheran College,NA,NA,NA,NA,NA,NA,NA,NA,NA,NA,NA,NA,NA,Mankato,MN,0.2,Liberal Arts,NA,NA,NA,NA,NA,NA,NA,NA,NA,NA,NA,NA,NA,NA,NA,NA,NA,NA,Mankato,MN,21,8,2,2,13
Earlham College,NA,NA,NA,NA,NA,NA,NA,NA,NA,NA,NA,NA,NA,Richmond,IN,0.2,Liberal Arts,Richmond,IN,207,NA,NA,NA,NA,NA,NA,NA,NA,NA,IN,4,NA,NA,NA,NA,Richmond,IN,21,8,2,3,32
Grinnell College,NA,NA,NA,NA,NA,NA,NA,NA,NA,NA,NA,NA,NA,Grinnell,IA,0.2,Liberal Arts,Grinnell,IA,346,NA,NA,NA,NA,NA,NA,NA,NA,NA,IA,3,NA,NA,NA,NA,Grinnell,IA,21,11,2,2,33
Bennington College,NA,NA,NA,NA,NA,NA,NA,NA,NA,NA,NA,NA,NA,Bennington,VT,0.18,Liberal Arts,NA,NA,NA,NA,NA,NA,NA,NA,NA,NA,NA,NA,VT,3,NA,NA,NA,NA,Bennington,VT,21,8,2,4,32
Denison University,NA,NA,NA,NA,NA,NA,NA,NA,NA,NA,NA,NA,NA,Granville,OH,0.17,Liberal Arts,Granville,OH,397,NA,NA,NA,NA,NA,NA,NA,NA,NA,OH,2,NA,NA,NA,NA,Granville,OH,21,11,2,2,23
DePauw University,NA,NA,NA,NA,NA,NA,NA,NA,NA,NA,NA,NA,NA,Greencastle,IN,0.17,Liberal Arts,Greencastle,IN,278,NA,NA,NA,NA,NA,NA,NA,NA,NA,NA,NA,NA,NA,NA,NA,Greencastle,IN,21,11,2,2,32
Knox College,NA,NA,NA,NA,NA,NA,NA,NA,NA,NA,NA,NA,NA,Galesburg,IL,0.16,Liberal Arts,NA,NA,NA,NA,NA,NA,NA,NA,NA,NA,NA,NA,IL,2,NA,NA,NA,NA,Galesburg,IL,21,11,2,2,32
Lake Forest College,NA,NA,NA,NA,NA,NA,NA,NA,NA,NA,NA,NA,NA,Lake Forest,IL,0.16,Liberal Arts,NA,NA,NA,NA,NA,NA,NA,NA,NA,NA,NA,NA,IL,4,NA,NA,NA,NA,Lake Forest,IL,21,11,2,3,21
Swarthmore College,NA,NA,NA,NA,NA,NA,NA,NA,NA,NA,NA,NA,NA,Swarthmore,PA,0.16,Liberal Arts,NA,NA,NA,NA,NA,NA,NA,NA,NA,NA,NA,NA,PA,1,NA,NA,NA,NA,Swarthmore,PA,21,11,2,2,21
Bryn Mawr College,NA,NA,NA,NA,NA,NA,NA,NA,NA,NA,NA,NA,NA,Bryn Mawr,PA,0.15,Liberal Arts,Bryn Mawr,PA,288,NA,NA,NA,NA,NA,NA,NA,NA,NA,PA,1,NA,NA,NA,NA,Bryn Mawr,PA,21,11,2,4,21
Claremont McKenna College,NA,NA,NA,NA,NA,NA,NA,NA,NA,NA,NA,NA,NA,Claremont,CA,0.15,Liberal Arts,NA,NA,NA,NA,NA,NA,NA,NA,NA,NA,NA,NA,CA,1,NA,NA,NA,NA,Claremont,CA,21,11,2,3,21
Beloit College,NA,NA,NA,NA,NA,NA,NA,NA,NA,NA,NA,NA,NA,Beloit,WI,0.14,Liberal Arts,NA,NA,NA,NA,NA,NA,NA,NA,NA,NA,NA,NA,WI,2,NA,NA,NA,NA,Beloit,WI,21,8,2,2,13
Smith College,NA,NA,NA,NA,NA,NA,NA,NA,NA,NA,NA,NA,NA,Northampton,MA,0.14,Liberal Arts,Northampton,MA,350,S,Private,Northampton,NA,601-650,Very High,378,8,368,MA,2,NA,NA,NA,NA,Northampton,MA,21,11,2,4,21
Wellesley College,NA,NA,NA,NA,NA,NA,NA,NA,NA,NA,NA,NA,NA,Wellesley,MA,0.14,Liberal Arts,Wellesley,MA,384,NA,NA,NA,NA,NA,NA,NA,NA,NA,MA,1,NA,NA,NA,NA,Wellesley,MA,21,11,2,2,21
Augustana College,NA,NA,NA,NA,NA,NA,NA,NA,NA,NA,NA,NA,NA,Rock Island,IL,0.13,Liberal Arts,NA,NA,NA,NA,NA,NA,NA,NA,NA,NA,NA,NA,IL,3,NA,NA,NA,NA,Rock Island,IL,21,11,2,3,13
Barnard College,NA,NA,NA,NA,NA,NA,NA,NA,NA,NA,NA,NA,NA,New York,NY,0.13,Liberal Arts,New York,NY,387,NA,NA,NA,NA,NA,NA,NA,NA,NA,NY,1,NA,NA,NA,NA,New York,NY,21,11,2,2,11
Macalester College,NA,NA,NA,NA,NA,NA,NA,NA,NA,NA,NA,NA,NA,St. Paul,MN,0.13,Liberal Arts,Saint Paul,MN,388,NA,NA,NA,NA,NA,NA,NA,NA,NA,MN,1,NA,NA,NA,NA,Saint Paul,MN,21,11,2,2,11
Trinity College,NA,NA,NA,NA,NA,NA,NA,NA,NA,NA,NA,NA,NA,Hartford,CT,0.13,Liberal Arts,Hartford,CT,338,NA,NA,NA,NA,NA,NA,NA,NA,NA,CT,3,NA,NA,NA,NA,Hartford,CT,21,11,2,3,12
Bard College,NA,NA,NA,NA,NA,NA,NA,NA,NA,NA,NA,NA,NA,Annandale on Hudson,NY,0.12,Liberal Arts,Annandale-on-Hudson,NY,263,NA,NA,NA,NA,NA,NA,NA,NA,NA,NY,2,NA,NA,NA,NA,Annandale-On-Hudson,NY,21,11,2,4,31
Fisk University,NA,NA,NA,NA,NA,NA,NA,NA,NA,NA,NA,NA,NA,Nashville,TN,0.12,Liberal Arts,NA,NA,NA,NA,NA,NA,NA,NA,NA,NA,NA,NA,NA,NA,NA,NA,NA,NA,Nashville,TN,21,8,2,3,11
Lawrence University,NA,NA,NA,NA,NA,NA,NA,NA,NA,NA,NA,NA,NA,Appleton,WI,0.12,Liberal Arts,NA,NA,NA,NA,NA,NA,NA,NA,NA,NA,NA,NA,WI,2,NA,NA,NA,NA,Appleton,WI,21,11,2,2,13
Dickinson College,NA,NA,NA,NA,NA,NA,NA,NA,NA,NA,NA,NA,NA,Carlisle,PA,0.11,Liberal Arts,Carlisle,PA,209,NA,NA,NA,NA,NA,NA,NA,NA,NA,PA,2,NA,NA,NA,NA,Carlisle,PA,21,11,2,2,13
Drew University,NA,NA,NA,NA,NA,NA,NA,NA,NA,NA,NA,NA,NA,Madison,NJ,0.11,Liberal Arts,Madison,NJ,442,NA,NA,NA,NA,NA,NA,NA,NA,NA,NA,NA,NA,NA,NA,NA,Madison,NJ,21,11,2,4,21
Haverford College,NA,NA,NA,NA,NA,NA,NA,NA,NA,NA,NA,NA,NA,Haverford,PA,0.11,Liberal Arts,NA,NA,NA,NA,NA,NA,NA,NA,NA,NA,NA,NA,PA,1,NA,NA,NA,NA,Haverford,PA,21,11,2,2,21
Middlebury College,NA,NA,NA,NA,NA,NA,NA,NA,NA,NA,NA,NA,NA,Middlebury,VT,0.11,Liberal Arts,Middlebury,VT,293,NA,NA,NA,NA,NA,NA,NA,NA,NA,VT,1,NA,NA,NA,NA,Middlebury,VT,21,11,2,3,32
Pomona College,NA,NA,NA,NA,NA,NA,NA,NA,NA,NA,NA,NA,NA,Claremont,CA,0.11,Liberal Arts,NA,NA,NA,NA,NA,NA,NA,NA,NA,NA,NA,NA,CA,1,NA,NA,NA,NA,Claremont,CA,21,11,2,2,21
Wesleyan University,NA,NA,NA,NA,NA,NA,NA,NA,NA,NA,NA,NA,NA,Middletown,CT,0.11,Liberal Arts,Middletown,CT,339,NA,NA,NA,NA,NA,NA,NA,NA,NA,CT,1,NA,NA,NA,NA,Middletown,CT,21,11,2,3,13
Amherst College,NA,NA,NA,NA,NA,NA,NA,NA,NA,NA,NA,NA,NA,Amherst,MA,0.1,Liberal Arts,Amherst,MA,201,NA,NA,NA,NA,NA,NA,NA,NA,NA,MA,1,NA,NA,NA,NA,Amherst,MA,21,11,2,2,21
Carleton College,NA,NA,NA,NA,NA,NA,NA,NA,NA,NA,NA,NA,NA,Northfield,MN,0.1,Liberal Arts,Northfield,MN,217,NA,NA,NA,NA,NA,NA,NA,NA,NA,MN,1,NA,NA,NA,NA,Northfield,MN,21,11,2,2,32
Kenyon College,NA,NA,NA,NA,NA,NA,NA,NA,NA,NA,NA,NA,NA,Gambier,OH,0.1,Liberal Arts,NA,NA,NA,NA,NA,NA,NA,NA,NA,NA,NA,NA,OH,1,NA,NA,NA,NA,Gambier,OH,21,11,2,2,32
Luther College,NA,NA,NA,NA,NA,NA,NA,NA,NA,NA,NA,NA,NA,Decorah,IA,0.1,Liberal Arts,NA,NA,NA,NA,NA,NA,NA,NA,NA,NA,NA,NA,NA,NA,NA,NA,NA,NA,Decorah,IA,21,11,2,2,33
Oglethorpe University,NA,NA,NA,NA,NA,NA,NA,NA,NA,NA,NA,NA,NA,Atlanta,GA,0.1,Liberal Arts,NA,NA,NA,NA,NA,NA,NA,NA,NA,NA,NA,NA,NA,NA,NA,NA,NA,NA,Atlanta,GA,21,11,2,2,21
Whitman College,NA,NA,NA,NA,NA,NA,NA,NA,NA,NA,NA,NA,NA,Walla Walla,WA,0.1,Liberal Arts,NA,NA,NA,NA,NA,NA,NA,NA,NA,NA,NA,NA,WA,1,NA,NA,NA,NA,Walla Walla,WA,21,11,2,2,13
Bates College,NA,NA,NA,NA,NA,NA,NA,NA,NA,NA,NA,NA,NA,Lewiston,ME,0.09,Liberal Arts,NA,NA,NA,NA,NA,NA,NA,NA,NA,NA,NA,NA,ME,1,NA,NA,NA,NA,Lewiston,ME,21,11,2,2,13
Colby College,NA,NA,NA,NA,NA,NA,NA,NA,NA,NA,NA,NA,NA,Waterville,ME,0.09,Liberal Arts,Waterville,ME,199,NA,NA,NA,NA,NA,NA,NA,NA,NA,ME,1,NA,NA,NA,NA,Waterville,ME,21,11,2,2,33
Colgate University,NA,NA,NA,NA,NA,NA,NA,NA,NA,NA,NA,NA,NA,Hamilton,NY,0.09,Liberal Arts,Hamilton,NY,319,NA,NA,NA,NA,NA,NA,NA,NA,NA,NY,1,NA,NA,NA,NA,Hamilton,NY,21,14,2,3,32
Connecticut College,NA,NA,NA,NA,NA,NA,NA,NA,NA,NA,NA,NA,NA,New London,CT,0.09,Liberal Arts,NA,NA,NA,NA,NA,NA,NA,NA,NA,NA,NA,NA,CT,1,NA,NA,NA,NA,New London,CT,21,11,2,2,13
Harvey Mudd College,NA,NA,NA,NA,NA,NA,NA,NA,NA,NA,NA,NA,NA,Claremont,CA,0.09,Liberal Arts,NA,NA,NA,NA,NA,NA,NA,NA,NA,NA,NA,NA,CA,1,NA,NA,NA,NA,Claremont,CA,21,8,2,2,21
Hollins University,NA,NA,NA,NA,NA,NA,NA,NA,NA,NA,NA,NA,NA,Roanoke,VA,0.09,Liberal Arts,NA,NA,NA,NA,NA,NA,NA,NA,NA,NA,NA,NA,NA,NA,NA,NA,NA,NA,Roanoke,VA,21,8,2,3,22
Skidmore College,NA,NA,NA,NA,NA,NA,NA,NA,NA,NA,NA,NA,NA,Saratoga Springs,NY,0.09,Liberal Arts,Saratoga Springs,NY,291,NA,NA,NA,NA,NA,NA,NA,NA,NA,NY,2,NA,NA,NA,NA,Saratoga Springs,NY,21,11,2,2,23
University of Richmond,NA,NA,NA,NA,NA,NA,NA,NA,NA,NA,NA,NA,NA,Univ. of Richmond,VA,0.09,Liberal Arts,Richmond,VA,308,NA,NA,NA,NA,NA,NA,NA,NA,NA,VA,1,NA,NA,NA,NA,University of Richmond,VA,21,14,2,4,12
University of Science and Arts of Oklahoma,NA,NA,NA,NA,NA,NA,NA,NA,NA,NA,NA,NA,NA,Chickasha,OK,0.09,Liberal Arts,NA,NA,NA,NA,NA,NA,NA,NA,NA,NA,NA,NA,NA,NA,NA,NA,NA,NA,Chickasha,OK,21,8,1,2,32
Berea College,NA,NA,NA,NA,NA,NA,NA,NA,NA,NA,NA,NA,NA,Berea,KY,0.08,Liberal Arts,NA,NA,NA,NA,NA,NA,NA,NA,NA,NA,NA,NA,KY,4,NA,NA,NA,NA,Berea,KY,21,11,2,2,32
Davidson College,NA,NA,NA,NA,NA,NA,NA,NA,NA,NA,NA,NA,NA,Davidson,NC,0.08,Liberal Arts,NA,NA,NA,NA,NA,NA,NA,NA,NA,NA,NA,NA,NC,1,NA,NA,NA,NA,Davidson,NC,21,11,2,2,21
Gordon College,NA,NA,NA,NA,NA,NA,NA,NA,NA,NA,NA,NA,NA,Wenham,MA,0.08,Liberal Arts,NA,NA,NA,NA,NA,NA,NA,NA,NA,NA,NA,NA,NA,NA,NA,NA,NA,NA,Wenham,MA,21,11,2,4,21
Lafayette College,NA,NA,NA,NA,NA,NA,NA,NA,NA,NA,NA,NA,NA,Easton,PA,0.08,Liberal Arts,Easton,PA,255,NA,NA,NA,NA,NA,NA,NA,NA,NA,PA,1,NA,NA,NA,NA,Easton,PA,21,11,2,2,21
Lyon College,NA,NA,NA,NA,NA,NA,NA,NA,NA,NA,NA,NA,NA,Batesville,AR,0.08,Liberal Arts,NA,NA,NA,NA,NA,NA,NA,NA,NA,NA,NA,NA,AR,3,NA,NA,NA,NA,Batesville,AR,21,8,2,2,33
Vassar College,NA,NA,NA,NA,NA,NA,NA,NA,NA,NA,NA,NA,NA,Poughkeepsie,NY,0.08,Liberal Arts,Poughkeepsie,NY,242,NA,NA,NA,NA,NA,NA,NA,NA,NA,NY,1,NA,NA,NA,NA,Poughkeepsie,NY,21,11,2,2,21
Williams College,NA,NA,NA,NA,NA,NA,NA,NA,NA,NA,NA,NA,NA,Williamstown,MA,0.08,Liberal Arts,NA,NA,NA,NA,NA,NA,NA,NA,NA,NA,NA,NA,MA,1,NA,NA,NA,NA,Williamstown,MA,21,11,2,3,31
Bowdoin College,NA,NA,NA,NA,NA,NA,NA,NA,NA,NA,NA,NA,NA,Brunswick,ME,0.07,Liberal Arts,NA,NA,NA,NA,NA,NA,NA,NA,NA,NA,NA,NA,ME,1,NA,NA,NA,NA,Brunswick,ME,21,11,2,2,31
Colorado College,NA,NA,NA,NA,NA,NA,NA,NA,NA,NA,NA,NA,NA,Colorado Springs,CO,0.07,Liberal Arts,NA,NA,NA,NA,NA,NA,NA,NA,NA,NA,NA,NA,CO,2,NA,NA,NA,NA,Colorado Springs,CO,21,11,2,3,11
Hamilton College,NA,NA,NA,NA,NA,NA,NA,NA,NA,NA,NA,NA,NA,Clinton,NY,0.07,Liberal Arts,NA,NA,NA,NA,NA,NA,NA,NA,NA,NA,NA,NA,NY,1,NA,NA,NA,NA,Clinton,NY,21,11,2,2,22
Juniata College,NA,NA,NA,NA,NA,NA,NA,NA,NA,NA,NA,NA,NA,Huntingdon,PA,0.07,Liberal Arts,NA,NA,NA,NA,NA,NA,NA,NA,NA,NA,NA,NA,NA,NA,NA,NA,NA,NA,Huntingdon,PA,21,11,2,3,32
Ohio Wesleyan University,NA,NA,NA,NA,NA,NA,NA,NA,NA,NA,NA,NA,NA,Delaware,OH,0.07,Liberal Arts,NA,NA,NA,NA,NA,NA,NA,NA,NA,NA,NA,NA,NA,NA,NA,NA,NA,NA,Delaware,OH,21,11,2,2,21
Pitzer College,NA,NA,NA,NA,NA,NA,NA,NA,NA,NA,NA,NA,NA,Claremont,CA,0.07,Liberal Arts,NA,NA,NA,NA,NA,NA,NA,NA,NA,NA,NA,NA,CA,3,NA,NA,NA,NA,Claremont,CA,21,8,2,2,21
Sarah Lawrence College,NA,NA,NA,NA,NA,NA,NA,NA,NA,NA,NA,NA,NA,Bronxville,NY,0.07,Liberal Arts,NA,NA,NA,NA,NA,NA,NA,NA,NA,NA,NA,NA,NY,3,NA,NA,NA,NA,Bronxville,NY,21,11,2,4,21
Whittier College,NA,NA,NA,NA,NA,NA,NA,NA,NA,NA,NA,NA,NA,Whittier,CA,0.07,Liberal Arts,NA,NA,NA,NA,NA,NA,NA,NA,NA,NA,NA,NA,NA,NA,NA,NA,NA,NA,Whittier,CA,21,11,2,3,21
Concordia College at Moorhead,NA,NA,NA,NA,NA,NA,NA,NA,NA,NA,NA,NA,NA,Moorhead,MN,0.06,Liberal Arts,NA,NA,NA,NA,NA,NA,NA,NA,NA,NA,NA,NA,NA,NA,NA,NA,NA,NA,Moorhead,MN,21,11,2,3,22
Hampshire College,NA,NA,NA,NA,NA,NA,NA,NA,NA,NA,NA,NA,NA,Amherst,MA,0.06,Liberal Arts,NA,NA,NA,NA,NA,NA,NA,NA,NA,NA,NA,NA,MA,3,NA,NA,NA,NA,Amherst,MA,21,8,2,2,21
The King's College,NA,NA,NA,NA,NA,NA,NA,NA,NA,NA,NA,NA,NA,New York,NY,0.06,Liberal Arts,NA,NA,NA,NA,NA,NA,NA,NA,NA,NA,NA,NA,NA,NA,NA,NA,NA,NA,New York,NY,21,8,2,2,11
Occidental College,NA,NA,NA,NA,NA,NA,NA,NA,NA,NA,NA,NA,NA,Los Angeles,CA,0.06,Liberal Arts,NA,NA,NA,NA,NA,NA,NA,NA,NA,NA,NA,NA,CA,1,NA,NA,NA,NA,Los Angeles,CA,21,11,2,2,11
Rhodes College,NA,NA,NA,NA,NA,NA,NA,NA,NA,NA,NA,NA,NA,Memphis,TN,0.06,Liberal Arts,NA,NA,NA,NA,NA,NA,NA,NA,NA,NA,NA,NA,TN,2,NA,NA,NA,NA,Memphis,TN,21,11,2,3,11
Sweet Briar College,NA,NA,NA,NA,NA,NA,NA,NA,NA,NA,NA,NA,NA,Sweet Briar,VA,0.06,Liberal Arts,NA,NA,NA,NA,NA,NA,NA,NA,NA,NA,NA,NA,NA,NA,NA,NA,NA,NA,Sweet Briar,VA,21,8,2,3,22
Wartburg College,NA,NA,NA,NA,NA,NA,NA,NA,NA,NA,NA,NA,NA,Waverly,IA,0.06,Liberal Arts,NA,NA,NA,NA,NA,NA,NA,NA,NA,NA,NA,NA,NA,NA,NA,NA,NA,NA,Waverly,IA,21,11,2,3,32
Aquinas College,NA,NA,NA,NA,NA,NA,NA,NA,NA,NA,NA,NA,NA,Grand Rapids,MI,0.05,Liberal Arts,NA,NA,NA,NA,NA,NA,NA,NA,NA,NA,NA,NA,NA,NA,NA,NA,NA,NA,Grand Rapids,MI,21,11,2,3,12
Bucknell University,NA,NA,NA,NA,NA,NA,NA,NA,NA,NA,NA,NA,NA,Lewisburg,PA,0.05,Liberal Arts,Lewisburg,PA,234,NA,NA,NA,NA,NA,NA,NA,NA,NA,PA,1,NA,NA,NA,NA,Lewisburg,PA,21,14,2,3,32
Gettysburg College,NA,NA,NA,NA,NA,NA,NA,NA,NA,NA,NA,NA,NA,Gettysburg,PA,0.05,Liberal Arts,NA,NA,NA,NA,NA,NA,NA,NA,NA,NA,NA,NA,PA,2,NA,NA,NA,NA,Gettysburg,PA,21,11,2,2,13
Maryville College,NA,NA,NA,NA,NA,NA,NA,NA,NA,NA,NA,NA,NA,Maryville,TN,0.05,Liberal Arts,NA,NA,NA,NA,NA,NA,NA,NA,NA,NA,NA,NA,NA,NA,NA,NA,NA,NA,Maryville,TN,21,8,2,2,21
Randolph College,NA,NA,NA,NA,NA,NA,NA,NA,NA,NA,NA,NA,NA,Lynchburg,VA,0.05,Liberal Arts,NA,NA,NA,NA,NA,NA,NA,NA,NA,NA,NA,NA,NA,NA,NA,NA,NA,NA,Lynchburg,VA,21,8,2,4,13
Thomas Aquinas College,NA,NA,NA,NA,NA,NA,NA,NA,NA,NA,NA,NA,NA,Santa Paula,CA,0.05,Liberal Arts,NA,NA,NA,NA,NA,NA,NA,NA,NA,NA,NA,NA,CA,2,NA,NA,NA,NA,Santa Paula,CA,21,8,2,2,42
Washington and Lee University,NA,NA,NA,NA,NA,NA,NA,NA,NA,NA,NA,NA,NA,Lexington,VA,0.05,Liberal Arts,NA,NA,NA,NA,NA,NA,NA,NA,NA,NA,NA,NA,VA,1,NA,NA,NA,NA,Lexington,VA,21,11,2,4,32
San Jose State University,NA,NA,NA,NA,NA,NA,NA,NA,NA,NA,NA,NA,NA,NA,NA,NA,NA,San Jose,CA,4644,NA,NA,NA,NA,NA,NA,NA,NA,NA,NA,NA,CA,Public,4-year,36208,San Jose,CA,18,15,1,4,11
Savannah College of Art and Design,NA,NA,NA,NA,NA,NA,NA,NA,NA,NA,NA,NA,NA,NA,NA,NA,NA,Savannah,GA,4083,NA,NA,NA,NA,NA,NA,NA,NA,NA,NA,NA,NA,NA,NA,NA,Savannah,GA,18,16,2,4,12
Lone Star College System,NA,NA,NA,NA,NA,NA,NA,NA,NA,NA,NA,NA,NA,NA,NA,NA,NA,The Woodlands,TX,2884,NA,NA,NA,NA,NA,NA,NA,NA,NA,NA,NA,TX,Public,4-year,70109,The Woodlands,TX,2,5,1,1,13
Academy of Art University,NA,NA,NA,NA,NA,NA,NA,NA,NA,NA,NA,NA,NA,NA,NA,NA,NA,San Francisco,CA,2747,NA,NA,NA,NA,NA,NA,NA,NA,NA,NA,NA,NA,NA,NA,NA,San Francisco,CA,18,12,3,5,11
School of Visual Arts,NA,NA,NA,NA,NA,NA,NA,NA,NA,NA,NA,NA,NA,NA,NA,NA,NA,New York,NY,2435,NA,NA,NA,NA,NA,NA,NA,NA,NA,NA,NA,NA,NA,NA,NA,New York,NY,18,13,3,4,11
Santa Monica College,NA,NA,NA,NA,NA,NA,NA,NA,NA,NA,NA,NA,NA,NA,NA,NA,NA,Santa Monica,CA,2104,NA,NA,NA,NA,NA,NA,NA,NA,NA,NA,NA,NA,NA,NA,NA,Santa Monica,CA,14,15,1,2,13
De Anza College,NA,NA,NA,NA,NA,NA,NA,NA,NA,NA,NA,NA,NA,NA,NA,NA,NA,Cupertino,CA,1865,NA,NA,NA,NA,NA,NA,NA,NA,NA,NA,NA,NA,NA,NA,NA,Cupertino,CA,5,5,1,1,13
Berklee College of Music,NA,NA,NA,NA,NA,NA,NA,NA,NA,NA,NA,NA,NA,NA,NA,NA,NA,Boston,MA,1685,NA,NA,NA,NA,NA,NA,NA,NA,NA,NA,NA,NA,NA,NA,NA,Boston,MA,18,12,2,4,11
Dallas College,NA,NA,NA,NA,NA,NA,NA,NA,NA,NA,NA,NA,NA,NA,NA,NA,NA,Dallas,TX,1450,NA,NA,NA,NA,NA,NA,NA,NA,NA,NA,NA,TX,Public,4-year,74781,Dallas,TX,6,5,1,1,11
Montgomery College,NA,NA,NA,NA,NA,NA,NA,NA,NA,NA,NA,NA,NA,NA,NA,NA,NA,Rockville,MD,1446,NA,NA,NA,NA,NA,NA,NA,NA,NA,NA,NA,NA,NA,NA,NA,Rockville,MD,2,5,1,1,13
Valencia College,NA,NA,NA,NA,NA,NA,NA,NA,NA,NA,NA,NA,NA,NA,NA,NA,NA,Orlando,FL,1345,NA,NA,NA,NA,NA,NA,NA,NA,NA,NA,NA,FL,Public,4-year,45949,Orlando,FL,14,15,1,2,11
University of Central Missouri,NA,NA,NA,NA,NA,NA,NA,NA,NA,NA,NA,NA,NA,NA,NA,NA,NA,Warrensburg,MO,1341,NA,NA,NA,NA,NA,NA,NA,NA,NA,NA,NA,NA,NA,NA,NA,Warrensburg,MO,18,14,1,4,32
Orange Coast College,NA,NA,NA,NA,NA,NA,NA,NA,NA,NA,NA,NA,NA,NA,NA,NA,NA,Costa Mesa,CA,1180,NA,NA,NA,NA,NA,NA,NA,NA,NA,NA,NA,NA,NA,NA,NA,Costa Mesa,CA,1,5,1,1,12
Northern Virginia Community College,NA,NA,NA,NA,NA,NA,NA,NA,NA,NA,NA,NA,NA,NA,NA,NA,NA,Annandale,VA,1167,NA,NA,NA,NA,NA,NA,NA,NA,NA,NA,NA,VA,Public,2-year,52873,Annandale,VA,2,5,1,1,21
Monroe College,NA,NA,NA,NA,NA,NA,NA,NA,NA,NA,NA,NA,NA,NA,NA,NA,NA,New Rochelle,NY,1094,NA,NA,NA,NA,NA,NA,NA,NA,NA,NA,NA,NA,NA,NA,NA,Bronx,NY,18,12,3,4,11
School of the Art Institute of Chicago,NA,NA,NA,NA,NA,NA,NA,NA,NA,NA,NA,NA,NA,NA,NA,NA,NA,Chicago,IL,1092,NA,NA,NA,NA,NA,NA,NA,NA,NA,NA,NA,NA,NA,NA,NA,Chicago,IL,30,10,2,4,11
University of New Haven,NA,NA,NA,NA,NA,NA,NA,NA,NA,NA,NA,NA,NA,NA,NA,NA,NA,West Haven,CT,1084,NA,NA,NA,NA,NA,NA,NA,NA,NA,NA,NA,NA,NA,NA,NA,West Haven,CT,18,14,2,4,21
Babson College,NA,NA,NA,NA,NA,NA,NA,NA,NA,NA,NA,NA,NA,NA,NA,NA,NA,Wellesley,MA,1084,NA,NA,NA,NA,NA,NA,NA,NA,NA,MA,3,NA,NA,NA,NA,Wellesley,MA,29,11,2,4,21
Rhode Island School of Design,NA,NA,NA,NA,NA,NA,NA,NA,NA,NA,NA,NA,NA,NA,NA,NA,NA,Providence,RI,1077,NA,NA,NA,NA,NA,NA,NA,NA,NA,NA,NA,NA,NA,NA,NA,Providence,RI,18,11,2,4,12
Bentley University,NA,NA,NA,NA,NA,NA,NA,NA,NA,NA,NA,NA,NA,NA,NA,NA,NA,Waltham,MA,968,NA,NA,NA,NA,NA,NA,NA,NA,NA,NA,NA,NA,NA,NA,NA,Waltham,MA,18,14,2,4,13
MCPHS University,NA,NA,NA,NA,NA,NA,NA,NA,NA,NA,NA,NA,NA,NA,NA,NA,NA,Boston,MA,941,NA,NA,NA,NA,NA,NA,NA,NA,NA,NA,NA,NA,NA,NA,NA,Boston,MA,26,13,2,5,11
Green River College,NA,NA,NA,NA,NA,NA,NA,NA,NA,NA,NA,NA,NA,NA,NA,NA,NA,Auburn,WA,908,NA,NA,NA,NA,NA,NA,NA,NA,NA,NA,NA,NA,NA,NA,NA,Auburn,WA,23,12,1,2,13
The University of Tampa,NA,NA,NA,NA,NA,NA,NA,NA,NA,NA,NA,NA,NA,NA,NA,NA,NA,Tampa,FL,832,NA,NA,NA,NA,NA,NA,NA,NA,NA,NA,NA,NA,NA,NA,NA,Tampa,FL,18,13,2,3,11
Northwest Missouri State University,NA,NA,NA,NA,NA,NA,NA,NA,NA,NA,NA,NA,NA,NA,NA,NA,NA,Maryville,MO,808,NA,NA,NA,NA,NA,NA,NA,NA,NA,NA,NA,NA,NA,NA,NA,Maryville,MO,18,14,1,4,33
Bellevue College,NA,NA,NA,NA,NA,NA,NA,NA,NA,NA,NA,NA,NA,NA,NA,NA,NA,Bellevue,WA,758,NA,NA,NA,NA,NA,NA,NA,NA,NA,NA,NA,NA,NA,NA,NA,Bellevue,WA,23,12,1,2,12
Foothill College,NA,NA,NA,NA,NA,NA,NA,NA,NA,NA,NA,NA,NA,NA,NA,NA,NA,Los Altos Hills,CA,748,NA,NA,NA,NA,NA,NA,NA,NA,NA,NA,NA,NA,NA,NA,NA,Los Altos Hills,CA,14,12,1,2,21
CUNY Borough of Manhattan Community College,NA,NA,NA,NA,NA,NA,NA,NA,NA,NA,NA,NA,NA,NA,NA,NA,NA,New York,NY,736,NA,NA,NA,NA,NA,NA,NA,NA,NA,NA,NA,NA,NA,NA,NA,New York,NY,1,5,1,1,11
Seattle Central College,NA,NA,NA,NA,NA,NA,NA,NA,NA,NA,NA,NA,NA,NA,NA,NA,NA,Seattle,WA,719,NA,NA,NA,NA,NA,NA,NA,NA,NA,NA,NA,NA,NA,NA,NA,Seattle,WA,14,9,1,2,11
Shoreline Community College,NA,NA,NA,NA,NA,NA,NA,NA,NA,NA,NA,NA,NA,NA,NA,NA,NA,Shoreline,WA,712,NA,NA,NA,NA,NA,NA,NA,NA,NA,NA,NA,NA,NA,NA,NA,Shoreline,WA,3,3,1,1,21
California College of the Arts,NA,NA,NA,NA,NA,NA,NA,NA,NA,NA,NA,NA,NA,NA,NA,NA,NA,San Francisco,CA,701,NA,NA,NA,NA,NA,NA,NA,NA,NA,NA,NA,NA,NA,NA,NA,San Francisco,CA,30,11,2,4,11
Edmonds College,NA,NA,NA,NA,NA,NA,NA,NA,NA,NA,NA,NA,NA,NA,NA,NA,NA,Lynnwood,WA,698,NA,NA,NA,NA,NA,NA,NA,NA,NA,NA,NA,NA,NA,NA,NA,Lynnwood,WA,14,9,1,2,21
University of North Alabama,NA,NA,NA,NA,NA,NA,NA,NA,NA,NA,NA,NA,NA,NA,NA,NA,NA,Florence,AL,697,NA,NA,NA,NA,NA,NA,NA,NA,NA,NA,NA,NA,NA,NA,NA,Florence,AL,18,13,1,4,13
Diablo Valley College,NA,NA,NA,NA,NA,NA,NA,NA,NA,NA,NA,NA,NA,NA,NA,NA,NA,Pleasant Hill,CA,693,NA,NA,NA,NA,NA,NA,NA,NA,NA,NA,NA,NA,NA,NA,NA,Pleasant Hill,CA,1,5,1,1,21
Niagara University,NA,NA,NA,NA,NA,NA,NA,NA,NA,NA,NA,NA,NA,NA,NA,NA,NA,Niagara University,NY,661,NA,NA,NA,NA,NA,NA,NA,NA,NA,NA,NA,NA,NA,NA,NA,Niagara University,NY,18,14,2,4,21
Emerson College,NA,NA,NA,NA,NA,NA,NA,NA,NA,NA,NA,NA,NA,NA,NA,NA,NA,Boston,MA,640,NA,NA,NA,NA,NA,NA,NA,NA,NA,MA,3,NA,NA,NA,NA,Boston,MA,18,14,2,4,11
University of Central Oklahoma,NA,NA,NA,NA,NA,NA,NA,NA,NA,NA,NA,NA,NA,NA,NA,NA,NA,Edmond,OK,635,NA,NA,NA,NA,NA,NA,NA,NA,NA,NA,NA,NA,NA,NA,NA,Edmond,OK,18,15,1,3,21
Troy University,NA,NA,NA,NA,NA,NA,NA,NA,NA,NA,NA,NA,NA,NA,NA,NA,NA,Troy,AL,617,NA,NA,NA,NA,NA,NA,NA,NA,NA,NA,NA,NA,NA,NA,NA,Troy,AL,18,15,1,4,33
Collin County Community College District,NA,NA,NA,NA,NA,NA,NA,NA,NA,NA,NA,NA,NA,NA,NA,NA,NA,McKinney,TX,608,NA,NA,NA,NA,NA,NA,NA,NA,NA,NA,NA,TX,Public,4-year,35390,McKinney,TX,14,15,1,2,22
Irvine Valley College,NA,NA,NA,NA,NA,NA,NA,NA,NA,NA,NA,NA,NA,NA,NA,NA,NA,Irvine,CA,606,NA,NA,NA,NA,NA,NA,NA,NA,NA,NA,NA,NA,NA,NA,NA,Irvine,CA,2,4,1,1,11
Bunker Hill Community College,NA,NA,NA,NA,NA,NA,NA,NA,NA,NA,NA,NA,NA,NA,NA,NA,NA,Boston,MA,603,NA,NA,NA,NA,NA,NA,NA,NA,NA,NA,NA,NA,NA,NA,NA,Boston,MA,1,4,1,1,11
Southeast Missouri State University,NA,NA,NA,NA,NA,NA,NA,NA,NA,NA,NA,NA,NA,NA,NA,NA,NA,Cape Girardeau,MO,602,NA,NA,NA,NA,NA,NA,NA,NA,NA,NA,NA,NA,NA,NA,NA,Cape Girardeau,MO,18,13,1,3,13
Lawrence Technological University,NA,NA,NA,NA,NA,NA,NA,NA,NA,NA,NA,NA,NA,NA,NA,NA,NA,Southfield,MI,597,NA,NA,NA,NA,NA,NA,NA,NA,NA,NA,NA,NA,NA,NA,NA,Southfield,MI,18,11,2,4,13
Full Sail University,NA,NA,NA,NA,NA,NA,NA,NA,NA,NA,NA,NA,NA,NA,NA,NA,NA,Winter Park,FL,586,NA,NA,NA,NA,NA,NA,NA,NA,NA,NA,NA,NA,NA,NA,NA,Winter Park,FL,18,15,3,3,21
Pasadena City College,NA,NA,NA,NA,NA,NA,NA,NA,NA,NA,NA,NA,NA,NA,NA,NA,NA,Pasadena,CA,581,NA,NA,NA,NA,NA,NA,NA,NA,NA,NA,NA,NA,NA,NA,NA,Pasadena,CA,1,5,1,1,12
Southern Utah University,NA,NA,NA,NA,NA,NA,NA,NA,NA,NA,NA,NA,NA,NA,NA,NA,NA,Cedar City,UT,548,NA,NA,NA,NA,NA,NA,NA,NA,NA,NA,NA,NA,NA,NA,NA,Cedar City,UT,18,12,1,3,33
Lynn University,NA,NA,NA,NA,NA,NA,NA,NA,NA,NA,NA,NA,NA,NA,NA,NA,NA,Boca Raton,FL,542,NA,NA,NA,NA,NA,NA,NA,NA,NA,NA,NA,NA,NA,NA,NA,Boca Raton,FL,18,11,2,4,13
Maryland Institute College of Art,NA,NA,NA,NA,NA,NA,NA,NA,NA,NA,NA,NA,NA,NA,NA,NA,NA,Baltimore,MD,541,NA,NA,NA,NA,NA,NA,NA,NA,NA,NA,NA,NA,NA,NA,NA,Baltimore,MD,30,11,2,4,11
Broward College,NA,NA,NA,NA,NA,NA,NA,NA,NA,NA,NA,NA,NA,NA,NA,NA,NA,Fort Lauderdale,FL,540,NA,NA,NA,NA,NA,NA,NA,NA,NA,NA,NA,FL,Public,4-year,33243,Fort Lauderdale,FL,14,15,1,2,12
Midwestern State University,NA,NA,NA,NA,NA,NA,NA,NA,NA,NA,NA,NA,NA,NA,NA,NA,NA,Wichita Falls,TX,522,NA,NA,NA,NA,NA,NA,NA,NA,NA,NA,NA,NA,NA,NA,NA,Wichita Falls,TX,18,13,1,3,12
City College of San Francisco,NA,NA,NA,NA,NA,NA,NA,NA,NA,NA,NA,NA,NA,NA,NA,NA,NA,San Francisco,CA,500,NA,NA,NA,NA,NA,NA,NA,NA,NA,NA,NA,NA,NA,NA,NA,San Francisco,CA,4,5,1,1,11
CUNY LaGuardia Community College,NA,NA,NA,NA,NA,NA,NA,NA,NA,NA,NA,NA,NA,NA,NA,NA,NA,Long Island City,NY,431,NA,NA,NA,NA,NA,NA,NA,NA,NA,NA,NA,NA,NA,NA,NA,Long Island City,NY,1,5,1,1,11
Franklin and Marshall College,NA,NA,NA,NA,NA,NA,NA,NA,NA,NA,NA,NA,NA,NA,NA,NA,NA,Lancaster,PA,430,NA,NA,NA,NA,NA,NA,NA,NA,NA,PA,1,NA,NA,NA,NA,Lancaster,PA,21,11,2,2,13
Santa Barbara City College,NA,NA,NA,NA,NA,NA,NA,NA,NA,NA,NA,NA,NA,NA,NA,NA,NA,Santa Barbara,CA,397,NA,NA,NA,NA,NA,NA,NA,NA,NA,NA,NA,NA,NA,NA,NA,Santa Barbara,CA,1,4,1,1,13
California Institute of the Arts,NA,NA,NA,NA,NA,NA,NA,NA,NA,NA,NA,NA,NA,NA,NA,NA,NA,Valencia,CA,387,NA,NA,NA,NA,NA,NA,NA,NA,NA,NA,NA,NA,NA,NA,NA,Valencia,CA,19,11,2,5,21
Glendale Community College,NA,NA,NA,NA,NA,NA,NA,NA,NA,NA,NA,NA,NA,NA,NA,NA,NA,Glendale,CA,377,NA,NA,NA,NA,NA,NA,NA,NA,NA,NA,NA,NA,NA,NA,NA,Glendale,AZ,2,4,1,1,21
Glendale Community College,NA,NA,NA,NA,NA,NA,NA,NA,NA,NA,NA,NA,NA,NA,NA,NA,NA,Glendale,CA,377,NA,NA,NA,NA,NA,NA,NA,NA,NA,NA,NA,NA,NA,NA,NA,Glendale,CA,1,4,1,1,12
Central Piedmont Community College,NA,NA,NA,NA,NA,NA,NA,NA,NA,NA,NA,NA,NA,NA,NA,NA,NA,Charlotte,NC,363,NA,NA,NA,NA,NA,NA,NA,NA,NA,NA,NA,NA,NA,NA,NA,Charlotte,NC,2,4,1,1,11
Bergen Community College,NA,NA,NA,NA,NA,NA,NA,NA,NA,NA,NA,NA,NA,NA,NA,NA,NA,Paramus,NJ,357,NA,NA,NA,NA,NA,NA,NA,NA,NA,NA,NA,NA,NA,NA,NA,Paramus,NJ,1,4,1,1,21
Kapiolani Community College,NA,NA,NA,NA,NA,NA,NA,NA,NA,NA,NA,NA,NA,NA,NA,NA,NA,Honolulu,HI,351,NA,NA,NA,NA,NA,NA,NA,NA,NA,NA,NA,NA,NA,NA,NA,Honolulu,HI,6,3,1,1,11
Ringling College of Art and Design,NA,NA,NA,NA,NA,NA,NA,NA,NA,NA,NA,NA,NA,NA,NA,NA,NA,Sarasota,FL,346,NA,NA,NA,NA,NA,NA,NA,NA,NA,NA,NA,NA,NA,NA,NA,Sarasota,FL,30,11,2,2,13
Oberlin College,NA,NA,NA,NA,NA,NA,NA,NA,NA,NA,NA,NA,NA,NA,NA,NA,NA,Oberlin,OH,342,NA,NA,NA,NA,NA,NA,NA,NA,NA,OH,1,NA,NA,NA,NA,Oberlin,OH,21,11,2,3,31
Grossmont College,NA,NA,NA,NA,NA,NA,NA,NA,NA,NA,NA,NA,NA,NA,NA,NA,NA,El Cajon,CA,336,NA,NA,NA,NA,NA,NA,NA,NA,NA,NA,NA,NA,NA,NA,NA,El Cajon,CA,1,4,1,1,21
Portland Community College,NA,NA,NA,NA,NA,NA,NA,NA,NA,NA,NA,NA,NA,NA,NA,NA,NA,Portland,OR,331,NA,NA,NA,NA,NA,NA,NA,NA,NA,NA,NA,NA,NA,NA,NA,Portland,OR,2,5,1,1,11
Loma Linda University,NA,NA,NA,NA,NA,NA,NA,NA,NA,NA,NA,NA,NA,NA,NA,NA,NA,Loma Linda,CA,327,NA,NA,NA,NA,NA,NA,NA,NA,NA,NA,NA,NA,NA,NA,NA,Loma Linda,CA,16,14,2,6,21
Musicians Institute,NA,NA,NA,NA,NA,NA,NA,NA,NA,NA,NA,NA,NA,NA,NA,NA,NA,Hollywood,CA,312,NA,NA,NA,NA,NA,NA,NA,NA,NA,NA,NA,NA,NA,NA,NA,Hollywood,CA,30,6,3,2,11
Golden West College,NA,NA,NA,NA,NA,NA,NA,NA,NA,NA,NA,NA,NA,NA,NA,NA,NA,Huntington Beach,CA,305,NA,NA,NA,NA,NA,NA,NA,NA,NA,NA,NA,NA,NA,NA,NA,Huntington Beach,CA,2,4,1,1,21
The Juilliard School,NA,NA,NA,NA,NA,NA,NA,NA,NA,NA,NA,NA,NA,NA,NA,NA,NA,New York,NY,300,NA,NA,NA,NA,NA,NA,NA,NA,NA,NA,NA,NA,NA,NA,NA,New York,NY,30,8,2,5,11
University of Nebraska Medical Center,NA,NA,NA,NA,NA,NA,NA,NA,NA,NA,NA,NA,NA,NA,NA,NA,NA,Omaha,NE,292,NA,NA,NA,NA,NA,NA,NA,NA,NA,NA,NA,NA,NA,NA,NA,Omaha,NE,27,12,1,6,11
Missouri Valley College,NA,NA,NA,NA,NA,NA,NA,NA,NA,NA,NA,NA,NA,NA,NA,NA,NA,Marshall,MO,283,NA,NA,NA,NA,NA,NA,NA,NA,NA,NA,NA,NA,NA,NA,NA,Marshall,MO,22,11,2,3,33
Citrus College,NA,NA,NA,NA,NA,NA,NA,NA,NA,NA,NA,NA,NA,NA,NA,NA,NA,Glendora,CA,278,NA,NA,NA,NA,NA,NA,NA,NA,NA,NA,NA,NA,NA,NA,NA,Glendora,CA,1,4,1,1,21
Oakland Community College,NA,NA,NA,NA,NA,NA,NA,NA,NA,NA,NA,NA,NA,NA,NA,NA,NA,Royal Oak,MI,277,NA,NA,NA,NA,NA,NA,NA,NA,NA,NA,NA,NA,NA,NA,NA,Bloomfield Hills,MI,2,4,1,1,21
Rose-Hulman Institute of Technology,NA,NA,NA,NA,NA,NA,NA,NA,NA,NA,NA,NA,NA,NA,NA,NA,NA,Terre Haute,IN,255,NA,NA,NA,NA,NA,NA,NA,NA,NA,IN,1,NA,NA,NA,NA,Terre Haute,IN,28,11,2,3,13
Otis College of Art and Design,NA,NA,NA,NA,NA,NA,NA,NA,NA,NA,NA,NA,NA,NA,NA,NA,NA,Los Angeles,CA,241,NA,NA,NA,NA,NA,NA,NA,NA,NA,NA,NA,NA,NA,NA,NA,Los Angeles,CA,30,10,2,3,11
University of the Ozarks,NA,NA,NA,NA,NA,NA,NA,NA,NA,NA,NA,NA,NA,NA,NA,NA,NA,Clarksville,AR,236,NA,NA,NA,NA,NA,NA,NA,NA,NA,NA,NA,NA,NA,NA,NA,Clarksville,AR,22,8,2,2,33
Union College,NA,NA,NA,NA,NA,NA,NA,NA,NA,NA,NA,NA,NA,NA,NA,NA,NA,Schenectady,NY,228,NA,NA,NA,NA,NA,NA,NA,NA,NA,NY,3,NA,NA,NA,NA,Barbourville,KY,20,10,2,4,33
Union College,NA,NA,NA,NA,NA,NA,NA,NA,NA,NA,NA,NA,NA,NA,NA,NA,NA,Schenectady,NY,228,NA,NA,NA,NA,NA,NA,NA,NA,NA,NY,3,NA,NA,NA,NA,Lincoln,NE,22,8,2,4,11
Union College,NA,NA,NA,NA,NA,NA,NA,NA,NA,NA,NA,NA,NA,NA,NA,NA,NA,Schenectady,NY,228,NA,NA,NA,NA,NA,NA,NA,NA,NA,NY,3,NA,NA,NA,NA,Schenectady,NY,21,11,2,2,13
Union College,NA,NA,NA,NA,NA,NA,NA,NA,NA,NA,NA,NA,NA,NA,NA,NA,NA,Schenectady,NY,228,NA,NA,NA,NA,NA,NA,NA,NA,NA,NY,3,NA,NA,NA,NA,Cranford,NJ,4,4,1,1,21
Boston Architectural College,NA,NA,NA,NA,NA,NA,NA,NA,NA,NA,NA,NA,NA,NA,NA,NA,NA,Boston,MA,192,NA,NA,NA,NA,NA,NA,NA,NA,NA,NA,NA,NA,NA,NA,NA,Boston,MA,30,6,2,6,11
University of Western States,NA,NA,NA,NA,NA,NA,NA,NA,NA,NA,NA,NA,NA,NA,NA,NA,NA,Portland,OR,188,NA,NA,NA,NA,NA,NA,NA,NA,NA,NA,NA,NA,NA,NA,NA,Portland,OR,17,6,2,6,11
South Dakota School of Mines and Technology,NA,NA,NA,NA,NA,NA,NA,NA,NA,NA,NA,NA,NA,NA,NA,NA,NA,Rapid City,SD,178,NA,NA,NA,NA,NA,NA,NA,NA,NA,NA,NA,NA,NA,NA,NA,Rapid City,SD,19,11,1,4,13
Menlo College,NA,NA,NA,NA,NA,NA,NA,NA,NA,NA,NA,NA,NA,NA,NA,NA,NA,Atherton,CA,170,NA,NA,NA,NA,NA,NA,NA,NA,NA,NA,NA,NA,NA,NA,NA,Atherton,CA,29,8,2,2,21
Fairfax University of America,NA,NA,NA,NA,NA,NA,NA,NA,NA,NA,NA,NA,NA,NA,NA,NA,NA,Fairfax,VA,166,NA,NA,NA,NA,NA,NA,NA,NA,NA,NA,NA,NA,NA,NA,NA,Fairfax,VA,22,6,2,6,21
Moody Bible Institute,NA,NA,NA,NA,NA,NA,NA,NA,NA,NA,NA,NA,NA,NA,NA,NA,NA,Chicago,IL,164,NA,NA,NA,NA,NA,NA,NA,NA,NA,NA,NA,NA,NA,NA,NA,Chicago,IL,24,11,2,4,11
San Francisco Conservatory of Music,NA,NA,NA,NA,NA,NA,NA,NA,NA,NA,NA,NA,NA,NA,NA,NA,NA,San Francisco,CA,139,NA,NA,NA,NA,NA,NA,NA,NA,NA,NA,NA,NA,NA,NA,NA,San Francisco,CA,30,8,2,5,11
American Film Institute Conservatory,NA,NA,NA,NA,NA,NA,NA,NA,NA,NA,NA,NA,NA,NA,NA,NA,NA,Los Angeles,CA,136,NA,NA,NA,NA,NA,NA,NA,NA,NA,NA,NA,NA,NA,NA,NA,Los Angeles,CA,30,18,2,7,11
University of North Texas Health Science Center,NA,NA,NA,NA,NA,NA,NA,NA,NA,NA,NA,NA,NA,NA,NA,NA,NA,Fort Worth,TX,127,NA,NA,NA,NA,NA,NA,NA,NA,NA,NA,NA,NA,NA,NA,NA,Fort Worth,TX,25,18,1,7,11
Massachusetts College of Art and Design,NA,NA,NA,NA,NA,NA,NA,NA,NA,NA,NA,NA,NA,NA,NA,NA,NA,Boston,MA,119,NA,NA,NA,NA,NA,NA,NA,NA,NA,NA,NA,NA,NA,NA,NA,Boston,MA,30,11,1,3,11
New York School of Interior Design,NA,NA,NA,NA,NA,NA,NA,NA,NA,NA,NA,NA,NA,NA,NA,NA,NA,New York,NY,117,NA,NA,NA,NA,NA,NA,NA,NA,NA,NA,NA,NA,NA,NA,NA,New York,NY,30,6,2,5,11
University of Wisconsin-Madison,NA,NA,NA,NA,NA,NA,NA,NA,NA,NA,NA,NA,NA,NA,NA,NA,NA,NA,NA,NA,XL,Public,Madison,66.2,75,Very High,5166,8,5737,WI,2,NA,NA,NA,NA,Madison,WI,15,16,1,5,11
Southern Methodist University,NA,NA,NA,NA,NA,NA,NA,NA,NA,NA,NA,NA,NA,NA,NA,NA,NA,NA,NA,NA,M,Private,Dallas,NA,801-1000,Very High,969,10,1.2129999999999999,TX,3,NA,NA,NA,NA,Dallas,TX,16,17,2,5,21
The University of Alabama,NA,NA,NA,NA,NA,NA,NA,NA,NA,NA,NA,NA,NA,NA,NA,NA,NA,NA,NA,NA,XL,Public,Tuscaloosa,NA,801-1000,Very High,1.6940000000000002,20,1.283,NA,NA,AL,Public,4-year,37840,Tuscaloosa,AL,15,16,1,4,12
The University of Texas at Arlington,NA,NA,NA,NA,NA,NA,NA,NA,NA,NA,NA,NA,NA,NA,NA,NA,NA,NA,NA,NA,XL,Public,Arlington,NA,1001-1200,Very High,1481,22,4106,NA,NA,TX,Public,4-year,48072,Arlington,TX,15,16,1,4,11
University of North Carolina at Charlotte,NA,NA,NA,NA,NA,NA,NA,NA,NA,NA,NA,NA,NA,NA,NA,NA,NA,NA,NA,NA,L,Public,Charlotte,NA,1001-1200,Very High,1303,19,1661,NA,NA,NC,Public,4-year,30146,Charlotte,NC,16,16,1,4,11
Agnes Scott College,NA,NA,NA,NA,NA,NA,NA,NA,NA,NA,NA,NA,NA,NA,NA,NA,NA,NA,NA,NA,NA,NA,NA,NA,NA,NA,NA,NA,NA,GA,3,NA,NA,NA,NA,Decatur,GA,21,11,2,3,21
Allegheny College,NA,NA,NA,NA,NA,NA,NA,NA,NA,NA,NA,NA,NA,NA,NA,NA,NA,NA,NA,NA,NA,NA,NA,NA,NA,NA,NA,NA,NA,PA,4,NA,NA,NA,NA,Meadville,PA,21,11,2,2,32
Austin College,NA,NA,NA,NA,NA,NA,NA,NA,NA,NA,NA,NA,NA,NA,NA,NA,NA,NA,NA,NA,NA,NA,NA,NA,NA,NA,NA,NA,NA,TX,3,NA,NA,NA,NA,Sherman,TX,21,11,2,3,13
Bard College at Simon's Rock,NA,NA,NA,NA,NA,NA,NA,NA,NA,NA,NA,NA,NA,NA,NA,NA,NA,NA,NA,NA,NA,NA,NA,NA,NA,NA,NA,NA,NA,MA,4,NA,NA,NA,NA,Great Barrington,MA,23,8,2,2,32
Berry College,NA,NA,NA,NA,NA,NA,NA,NA,NA,NA,NA,NA,NA,NA,NA,NA,NA,NA,NA,NA,NA,NA,NA,NA,NA,NA,NA,NA,NA,GA,4,NA,NA,NA,NA,Mount Berry,GA,20,11,2,3,23
Butler University,NA,NA,NA,NA,NA,NA,NA,NA,NA,NA,NA,NA,NA,NA,NA,NA,NA,NA,NA,NA,NA,NA,NA,NA,NA,NA,NA,NA,NA,IN,4,NA,NA,NA,NA,Indianapolis,IN,18,14,2,4,11
Cedarville University,NA,NA,NA,NA,NA,NA,NA,NA,NA,NA,NA,NA,NA,NA,NA,NA,NA,NA,NA,NA,NA,NA,NA,NA,NA,NA,NA,NA,NA,OH,4,NA,NA,NA,NA,Cedarville,OH,19,14,2,3,31
Centre College,NA,NA,NA,NA,NA,NA,NA,NA,NA,NA,NA,NA,NA,NA,NA,NA,NA,NA,NA,NA,NA,NA,NA,NA,NA,NA,NA,NA,NA,KY,2,NA,NA,NA,NA,Danville,KY,21,11,2,2,32
College of the Atlantic,NA,NA,NA,NA,NA,NA,NA,NA,NA,NA,NA,NA,NA,NA,NA,NA,NA,NA,NA,NA,NA,NA,NA,NA,NA,NA,NA,NA,NA,ME,4,NA,NA,NA,NA,Bar Harbor,ME,21,8,2,3,33
College of the Holy Cross,NA,NA,NA,NA,NA,NA,NA,NA,NA,NA,NA,NA,NA,NA,NA,NA,NA,NA,NA,NA,NA,NA,NA,NA,NA,NA,NA,NA,NA,MA,1,NA,NA,NA,NA,Worcester,MA,21,11,2,2,12
College of the Ozarks,NA,NA,NA,NA,NA,NA,NA,NA,NA,NA,NA,NA,NA,NA,NA,NA,NA,NA,NA,NA,NA,NA,NA,NA,NA,NA,NA,NA,NA,MO,4,NA,NA,NA,NA,Point Lookout,MO,22,11,2,2,32
Columbia University in the City of New York,NA,NA,NA,NA,NA,NA,NA,NA,NA,NA,NA,NA,NA,NA,NA,NA,NA,NA,NA,NA,NA,NA,NA,NA,NA,NA,NA,NA,NA,NY,1,NY,PrivNp,4-year,30135,New York,NY,15,17,2,6,11
Cooper Union for the Advancement of Science and Art,NA,NA,NA,NA,NA,NA,NA,NA,NA,NA,NA,NA,NA,NA,NA,NA,NA,NA,NA,NA,NA,NA,NA,NA,NA,NA,NA,NA,NA,NY,1,NA,NA,NA,NA,New York,NY,22,6,2,3,11
Cornell College,NA,NA,NA,NA,NA,NA,NA,NA,NA,NA,NA,NA,NA,NA,NA,NA,NA,NA,NA,NA,NA,NA,NA,NA,NA,NA,NA,NA,NA,IA,4,NA,NA,NA,NA,Mount Vernon,IA,21,8,2,3,31
Furman University,NA,NA,NA,NA,NA,NA,NA,NA,NA,NA,NA,NA,NA,NA,NA,NA,NA,NA,NA,NA,NA,NA,NA,NA,NA,NA,NA,NA,NA,SC,2,NA,NA,NA,NA,Greenville,SC,21,11,2,3,21
Georgia Institute of Technology-Main Campus,NA,NA,NA,NA,NA,NA,NA,NA,NA,NA,NA,NA,NA,NA,NA,NA,NA,NA,NA,NA,NA,NA,NA,NA,NA,NA,NA,NA,NA,GA,2,NA,NA,NA,NA,Atlanta,GA,15,17,1,5,11
Grove City College,NA,NA,NA,NA,NA,NA,NA,NA,NA,NA,NA,NA,NA,NA,NA,NA,NA,NA,NA,NA,NA,NA,NA,NA,NA,NA,NA,NA,NA,PA,2,NA,NA,NA,NA,Grove City,PA,22,11,2,2,32
Gustavus Adolphus College,NA,NA,NA,NA,NA,NA,NA,NA,NA,NA,NA,NA,NA,NA,NA,NA,NA,NA,NA,NA,NA,NA,NA,NA,NA,NA,NA,NA,NA,MN,3,NA,NA,NA,NA,Saint Peter,MN,21,11,2,2,31
Hanover College,NA,NA,NA,NA,NA,NA,NA,NA,NA,NA,NA,NA,NA,NA,NA,NA,NA,NA,NA,NA,NA,NA,NA,NA,NA,NA,NA,NA,NA,IN,4,NA,NA,NA,NA,Hanover,IN,21,11,2,2,32
Hendrix College,NA,NA,NA,NA,NA,NA,NA,NA,NA,NA,NA,NA,NA,NA,NA,NA,NA,NA,NA,NA,NA,NA,NA,NA,NA,NA,NA,NA,NA,AR,2,NA,NA,NA,NA,Conway,AR,21,11,2,3,13
Hillsdale College,NA,NA,NA,NA,NA,NA,NA,NA,NA,NA,NA,NA,NA,NA,NA,NA,NA,NA,NA,NA,NA,NA,NA,NA,NA,NA,NA,NA,NA,MI,2,NA,NA,NA,NA,Hillsdale,MI,21,11,2,3,32
Hope College,NA,NA,NA,NA,NA,NA,NA,NA,NA,NA,NA,NA,NA,NA,NA,NA,NA,NA,NA,NA,NA,NA,NA,NA,NA,NA,NA,NA,NA,MI,4,NA,NA,NA,NA,Holland,MI,21,11,2,2,13
Illinois Wesleyan University,NA,NA,NA,NA,NA,NA,NA,NA,NA,NA,NA,NA,NA,NA,NA,NA,NA,NA,NA,NA,NA,NA,NA,NA,NA,NA,NA,NA,NA,IL,2,NA,NA,NA,NA,Bloomington,IL,22,11,2,2,13
Jewish Theological Seminary of America,NA,NA,NA,NA,NA,NA,NA,NA,NA,NA,NA,NA,NA,NA,NA,NA,NA,NA,NA,NA,NA,NA,NA,NA,NA,NA,NA,NA,NA,NY,3,NA,NA,NA,NA,New York,NY,24,8,2,6,11
Kalamazoo College,NA,NA,NA,NA,NA,NA,NA,NA,NA,NA,NA,NA,NA,NA,NA,NA,NA,NA,NA,NA,NA,NA,NA,NA,NA,NA,NA,NA,NA,MI,3,NA,NA,NA,NA,Kalamazoo,MI,21,11,2,2,13
Kettering University,NA,NA,NA,NA,NA,NA,NA,NA,NA,NA,NA,NA,NA,NA,NA,NA,NA,NA,NA,NA,NA,NA,NA,NA,NA,NA,NA,NA,NA,MI,3,NA,NA,NA,NA,Flint,MI,19,10,2,4,13
Millsaps College,NA,NA,NA,NA,NA,NA,NA,NA,NA,NA,NA,NA,NA,NA,NA,NA,NA,NA,NA,NA,NA,NA,NA,NA,NA,NA,NA,NA,NA,MS,4,NA,NA,NA,NA,Jackson,MS,21,8,2,3,12
Milwaukee School of Engineering,NA,NA,NA,NA,NA,NA,NA,NA,NA,NA,NA,NA,NA,NA,NA,NA,NA,NA,NA,NA,NA,NA,NA,NA,NA,NA,NA,NA,NA,WI,3,NA,NA,NA,NA,Milwaukee,WI,19,11,2,3,11
Muhlenberg College,NA,NA,NA,NA,NA,NA,NA,NA,NA,NA,NA,NA,NA,NA,NA,NA,NA,NA,NA,NA,NA,NA,NA,NA,NA,NA,NA,NA,NA,PA,3,NA,NA,NA,NA,Allentown,PA,21,11,2,3,12
New College of Florida,NA,NA,NA,NA,NA,NA,NA,NA,NA,NA,NA,NA,NA,NA,NA,NA,NA,NA,NA,NA,NA,NA,NA,NA,NA,NA,NA,NA,NA,FL,2,NA,NA,NA,NA,Sarasota,FL,21,8,1,3,13
New Mexico Institute of Mining and Technology,NA,NA,NA,NA,NA,NA,NA,NA,NA,NA,NA,NA,NA,NA,NA,NA,NA,NA,NA,NA,NA,NA,NA,NA,NA,NA,NA,NA,NA,NM,3,NA,NA,NA,NA,Socorro,NM,20,11,1,4,33
Ohio State University-Main Campus,NA,NA,NA,NA,NA,NA,NA,NA,NA,NA,NA,NA,NA,NA,NA,NA,NA,NA,NA,NA,NA,NA,NA,NA,NA,NA,NA,NA,NA,OH,3,NA,NA,NA,NA,Columbus,OH,15,16,1,4,11
Pacific Union College,NA,NA,NA,NA,NA,NA,NA,NA,NA,NA,NA,NA,NA,NA,NA,NA,NA,NA,NA,NA,NA,NA,NA,NA,NA,NA,NA,NA,NA,CA,4,NA,NA,NA,NA,Angwin,CA,22,8,2,3,41
Providence College,NA,NA,NA,NA,NA,NA,NA,NA,NA,NA,NA,NA,NA,NA,NA,NA,NA,NA,NA,NA,NA,NA,NA,NA,NA,NA,NA,NA,NA,RI,3,NA,NA,NA,NA,Providence,RI,18,14,2,3,12
Ramapo College of New Jersey,NA,NA,NA,NA,NA,NA,NA,NA,NA,NA,NA,NA,NA,NA,NA,NA,NA,NA,NA,NA,NA,NA,NA,NA,NA,NA,NA,NA,NA,NJ,3,NA,NA,NA,NA,Mahwah,NJ,18,14,1,3,21
Reed College,NA,NA,NA,NA,NA,NA,NA,NA,NA,NA,NA,NA,NA,NA,NA,NA,NA,NA,NA,NA,NA,NA,NA,NA,NA,NA,NA,NA,NA,OR,1,NA,NA,NA,NA,Portland,OR,21,11,2,3,11
Rollins College,NA,NA,NA,NA,NA,NA,NA,NA,NA,NA,NA,NA,NA,NA,NA,NA,NA,NA,NA,NA,NA,NA,NA,NA,NA,NA,NA,NA,NA,FL,3,NA,NA,NA,NA,Winter Park,FL,18,11,2,4,21
Rutgers University-New Brunswick,NA,NA,NA,NA,NA,NA,NA,NA,NA,NA,NA,NA,NA,NA,NA,NA,NA,NA,NA,NA,NA,NA,NA,NA,NA,NA,NA,NA,NA,NJ,3,NA,NA,NA,NA,New Brunswick,NJ,15,16,1,4,13
Salem College,NA,NA,NA,NA,NA,NA,NA,NA,NA,NA,NA,NA,NA,NA,NA,NA,NA,NA,NA,NA,NA,NA,NA,NA,NA,NA,NA,NA,NA,NC,4,NA,NA,NA,NA,Winston-Salem,NC,21,8,2,4,12
Scripps College,NA,NA,NA,NA,NA,NA,NA,NA,NA,NA,NA,NA,NA,NA,NA,NA,NA,NA,NA,NA,NA,NA,NA,NA,NA,NA,NA,NA,NA,CA,1,NA,NA,NA,NA,Claremont,CA,21,8,2,3,21
Southwestern University,NA,NA,NA,NA,NA,NA,NA,NA,NA,NA,NA,NA,NA,NA,NA,NA,NA,NA,NA,NA,NA,NA,NA,NA,NA,NA,NA,NA,NA,TX,3,NA,NA,NA,NA,Georgetown,TX,21,11,2,2,13
St Lawrence University,NA,NA,NA,NA,NA,NA,NA,NA,NA,NA,NA,NA,NA,NA,NA,NA,NA,NA,NA,NA,NA,NA,NA,NA,NA,NA,NA,NA,NA,NY,3,NA,NA,NA,NA,Canton,NY,21,11,2,3,33
St. John's College,NA,NA,NA,NA,NA,NA,NA,NA,NA,NA,NA,NA,NA,NA,NA,NA,NA,NA,NA,NA,NA,NA,NA,NA,NA,NA,NA,NA,NA,MD,2,NA,NA,NA,NA,Annapolis,MD,21,8,2,4,21
St. John's College,NA,NA,NA,NA,NA,NA,NA,NA,NA,NA,NA,NA,NA,NA,NA,NA,NA,NA,NA,NA,NA,NA,NA,NA,NA,NA,NA,NA,NA,MD,2,NA,NA,NA,NA,Santa Fe,NM,21,8,2,4,41
Stonehill College,NA,NA,NA,NA,NA,NA,NA,NA,NA,NA,NA,NA,NA,NA,NA,NA,NA,NA,NA,NA,NA,NA,NA,NA,NA,NA,NA,NA,NA,MA,4,NA,NA,NA,NA,Easton,MA,21,11,2,3,21
Susquehanna University,NA,NA,NA,NA,NA,NA,NA,NA,NA,NA,NA,NA,NA,NA,NA,NA,NA,NA,NA,NA,NA,NA,NA,NA,NA,NA,NA,NA,NA,PA,4,NA,NA,NA,NA,Selinsgrove,PA,21,11,2,3,32
Taylor University,NA,NA,NA,NA,NA,NA,NA,NA,NA,NA,NA,NA,NA,NA,NA,NA,NA,NA,NA,NA,NA,NA,NA,NA,NA,NA,NA,NA,NA,IN,4,NA,NA,NA,NA,Upland,IN,22,11,2,3,32
The College of New Jersey,NA,NA,NA,NA,NA,NA,NA,NA,NA,NA,NA,NA,NA,NA,NA,NA,NA,NA,NA,NA,NA,NA,NA,NA,NA,NA,NA,NA,NA,NJ,1,NA,NA,NA,NA,Ewing,NJ,18,14,1,3,21
Trinity University,NA,NA,NA,NA,NA,NA,NA,NA,NA,NA,NA,NA,NA,NA,NA,NA,NA,NA,NA,NA,NA,NA,NA,NA,NA,NA,NA,NA,NA,TX,2,NA,NA,NA,NA,San Antonio,TX,21,11,2,3,11
Truman State University,NA,NA,NA,NA,NA,NA,NA,NA,NA,NA,NA,NA,NA,NA,NA,NA,NA,NA,NA,NA,NA,NA,NA,NA,NA,NA,NA,NA,NA,MO,4,NA,NA,NA,NA,Kirksville,MO,19,14,1,3,33
Tulane University of Louisiana,NA,NA,NA,NA,NA,NA,NA,NA,NA,NA,NA,NA,NA,NA,NA,NA,NA,NA,NA,NA,NA,NA,NA,NA,NA,NA,NA,NA,NA,LA,1,NA,NA,NA,NA,New Orleans,LA,15,16,2,5,11
United States Air Force Academy,NA,NA,NA,NA,NA,NA,NA,NA,NA,NA,NA,NA,NA,NA,NA,NA,NA,NA,NA,NA,NA,NA,NA,NA,NA,NA,NA,NA,NA,CO,1,NA,NA,NA,NA,USAF Academy,CO,22,14,1,2,31
United States Coast Guard Academy,NA,NA,NA,NA,NA,NA,NA,NA,NA,NA,NA,NA,NA,NA,NA,NA,NA,NA,NA,NA,NA,NA,NA,NA,NA,NA,NA,NA,NA,CT,3,NA,NA,NA,NA,New London,CT,22,11,1,2,13
United States Merchant Marine Academy,NA,NA,NA,NA,NA,NA,NA,NA,NA,NA,NA,NA,NA,NA,NA,NA,NA,NA,NA,NA,NA,NA,NA,NA,NA,NA,NA,NA,NA,NY,3,NA,NA,NA,NA,Kings Point,NY,22,11,1,3,21
United States Military Academy,NA,NA,NA,NA,NA,NA,NA,NA,NA,NA,NA,NA,NA,NA,NA,NA,NA,NA,NA,NA,NA,NA,NA,NA,NA,NA,NA,NA,NA,NY,1,NA,NA,NA,NA,West  Point,NY,21,14,1,2,31
United States Naval Academy,NA,NA,NA,NA,NA,NA,NA,NA,NA,NA,NA,NA,NA,NA,NA,NA,NA,NA,NA,NA,NA,NA,NA,NA,NA,NA,NA,NA,NA,MD,1,NA,NA,NA,NA,Annapolis,MD,21,14,1,2,21
University of California-Berkeley,NA,NA,NA,NA,NA,NA,NA,NA,NA,NA,NA,NA,NA,NA,NA,NA,NA,NA,NA,NA,NA,NA,NA,NA,NA,NA,NA,NA,NA,CA,2,NA,NA,NA,NA,Berkeley,CA,15,16,1,5,12
University of California-Irvine,NA,NA,NA,NA,NA,NA,NA,NA,NA,NA,NA,NA,NA,NA,NA,NA,NA,NA,NA,NA,NA,NA,NA,NA,NA,NA,NA,NA,NA,CA,3,NA,NA,NA,NA,Irvine,CA,15,16,1,4,11
University of California-Los Angeles,NA,NA,NA,NA,NA,NA,NA,NA,NA,NA,NA,NA,NA,NA,NA,NA,NA,NA,NA,NA,NA,NA,NA,NA,NA,NA,NA,NA,NA,CA,1,NA,NA,NA,NA,Los Angeles,CA,15,17,1,5,11
University of California-San Diego,NA,NA,NA,NA,NA,NA,NA,NA,NA,NA,NA,NA,NA,NA,NA,NA,NA,NA,NA,NA,NA,NA,NA,NA,NA,NA,NA,NA,NA,CA,3,NA,NA,NA,NA,La Jolla,CA,15,17,1,4,11
University of California-Santa Barbara,NA,NA,NA,NA,NA,NA,NA,NA,NA,NA,NA,NA,NA,NA,NA,NA,NA,NA,NA,NA,NA,NA,NA,NA,NA,NA,NA,NA,NA,CA,3,NA,NA,NA,NA,Santa Barbara,CA,15,16,1,4,22
University of Dallas,NA,NA,NA,NA,NA,NA,NA,NA,NA,NA,NA,NA,NA,NA,NA,NA,NA,NA,NA,NA,NA,NA,NA,NA,NA,NA,NA,NA,NA,TX,4,NA,NA,NA,NA,Irving,TX,18,11,2,5,12
University of Maryland-College Park,NA,NA,NA,NA,NA,NA,NA,NA,NA,NA,NA,NA,NA,NA,NA,NA,NA,NA,NA,NA,NA,NA,NA,NA,NA,NA,NA,NA,NA,MD,3,NA,NA,NA,NA,College Park,MD,15,16,1,4,21
University of Minnesota-Twin Cities,NA,NA,NA,NA,NA,NA,NA,NA,NA,NA,NA,NA,NA,NA,NA,NA,NA,NA,NA,NA,NA,NA,NA,NA,NA,NA,NA,NA,NA,MN,3,NA,NA,NA,NA,Minneapolis,MN,15,15,1,5,11
University of Pittsburgh-Pittsburgh Campus,NA,NA,NA,NA,NA,NA,NA,NA,NA,NA,NA,NA,NA,NA,NA,NA,NA,NA,NA,NA,NA,NA,NA,NA,NA,NA,NA,NA,NA,PA,3,NA,NA,NA,NA,Pittsburgh,PA,15,16,1,5,11
University of Puget Sound,NA,NA,NA,NA,NA,NA,NA,NA,NA,NA,NA,NA,NA,NA,NA,NA,NA,NA,NA,NA,NA,NA,NA,NA,NA,NA,NA,NA,NA,WA,3,NA,NA,NA,NA,Tacoma,WA,21,11,2,4,12
University of Virginia-Main Campus,NA,NA,NA,NA,NA,NA,NA,NA,NA,NA,NA,NA,NA,NA,NA,NA,NA,NA,NA,NA,NA,NA,NA,NA,NA,NA,NA,NA,NA,VA,1,NA,NA,NA,NA,Charlottesville,VA,15,16,1,5,23
Ursinus College,NA,NA,NA,NA,NA,NA,NA,NA,NA,NA,NA,NA,NA,NA,NA,NA,NA,NA,NA,NA,NA,NA,NA,NA,NA,NA,NA,NA,NA,PA,4,NA,NA,NA,NA,Collegeville,PA,21,11,2,2,21
Washington University in St Louis,NA,NA,NA,NA,NA,NA,NA,NA,NA,NA,NA,NA,NA,NA,NA,NA,NA,NA,NA,NA,NA,NA,NA,NA,NA,NA,NA,NA,NA,MO,1,NA,NA,NA,NA,Saint Louis,MO,15,17,2,5,21
Webb Institute,NA,NA,NA,NA,NA,NA,NA,NA,NA,NA,NA,NA,NA,NA,NA,NA,NA,NA,NA,NA,NA,NA,NA,NA,NA,NA,NA,NA,NA,NY,1,NA,NA,NA,NA,Glen Cove,NY,28,8,2,2,21
Westmont College,NA,NA,NA,NA,NA,NA,NA,NA,NA,NA,NA,NA,NA,NA,NA,NA,NA,NA,NA,NA,NA,NA,NA,NA,NA,NA,NA,NA,NA,CA,3,NA,NA,NA,NA,Santa Barbara,CA,21,11,2,2,22
Wheaton College,NA,NA,NA,NA,NA,NA,NA,NA,NA,NA,NA,NA,NA,NA,NA,NA,NA,NA,NA,NA,NA,NA,NA,NA,NA,NA,NA,NA,NA,IL,2,NA,NA,NA,NA,Wheaton,IL,21,11,2,4,21
Wheaton College,NA,NA,NA,NA,NA,NA,NA,NA,NA,NA,NA,NA,NA,NA,NA,NA,NA,NA,NA,NA,NA,NA,NA,NA,NA,NA,NA,NA,NA,IL,2,NA,NA,NA,NA,Norton,MA,21,11,2,2,21
Wheaton College,NA,NA,NA,NA,NA,NA,NA,NA,NA,NA,NA,NA,NA,NA,NA,NA,NA,NA,NA,NA,NA,NA,NA,NA,NA,NA,NA,NA,NA,MA,3,NA,NA,NA,NA,Wheaton,IL,21,11,2,4,21
Wheaton College,NA,NA,NA,NA,NA,NA,NA,NA,NA,NA,NA,NA,NA,NA,NA,NA,NA,NA,NA,NA,NA,NA,NA,NA,NA,NA,NA,NA,NA,MA,3,NA,NA,NA,NA,Norton,MA,21,11,2,2,21
Willamette University,NA,NA,NA,NA,NA,NA,NA,NA,NA,NA,NA,NA,NA,NA,NA,NA,NA,NA,NA,NA,NA,NA,NA,NA,NA,NA,NA,NA,NA,OR,4,NA,NA,NA,NA,Salem,OR,21,11,2,5,12
Wofford College,NA,NA,NA,NA,NA,NA,NA,NA,NA,NA,NA,NA,NA,NA,NA,NA,NA,NA,NA,NA,NA,NA,NA,NA,NA,NA,NA,NA,NA,SC,3,NA,NA,NA,NA,Spartanburg,SC,21,11,2,2,13
Western Governors University,NA,NA,NA,NA,NA,NA,NA,NA,NA,NA,NA,NA,NA,NA,NA,NA,NA,NA,NA,NA,NA,NA,NA,NA,NA,NA,NA,NA,NA,NA,NA,UT,PrivNp,4-year,147866,Salt Lake City,UT,18,15,2,5,21
Southern New Hampshire University,NA,NA,NA,NA,NA,NA,NA,NA,NA,NA,NA,NA,NA,NA,NA,NA,NA,NA,NA,NA,NA,NA,NA,NA,NA,NA,NA,NA,NA,NA,NA,NH,PrivNp,4-year,134345,Manchester,NH,18,15,2,4,22
Arizona State University Campus Immersion,NA,NA,NA,NA,NA,NA,NA,NA,NA,NA,NA,NA,NA,NA,NA,NA,NA,NA,NA,NA,NA,NA,NA,NA,NA,NA,NA,NA,NA,NA,NA,AZ,Public,4-year,74795,Tempe,AZ,15,16,1,4,12
Ivy Tech Community College,NA,NA,NA,NA,NA,NA,NA,NA,NA,NA,NA,NA,NA,NA,NA,NA,NA,NA,NA,NA,NA,NA,NA,NA,NA,NA,NA,NA,NA,NA,NA,IN,Public,2-year,63809,Indianapolis,IN,6,5,1,1,11
University of Maryland Global Campus,NA,NA,NA,NA,NA,NA,NA,NA,NA,NA,NA,NA,NA,NA,NA,NA,NA,NA,NA,NA,NA,NA,NA,NA,NA,NA,NA,NA,NA,NA,NA,MD,Public,4-year,58526,Adelphi,MD,18,15,1,4,21
Arizona State University Digital Immersion,NA,NA,NA,NA,NA,NA,NA,NA,NA,NA,NA,NA,NA,NA,NA,NA,NA,NA,NA,NA,NA,NA,NA,NA,NA,NA,NA,NA,NA,NA,NA,AZ,Public,4-year,53993,Scottsdale,AZ,16,15,1,4,11
American Public University System,NA,NA,NA,NA,NA,NA,NA,NA,NA,NA,NA,NA,NA,NA,NA,NA,NA,NA,NA,NA,NA,NA,NA,NA,NA,NA,NA,NA,NA,NA,NA,WV,PrivFp,4-year,50047,Charles Town,WV,18,15,3,4,31
Walden University,NA,NA,NA,NA,NA,NA,NA,NA,NA,NA,NA,NA,NA,NA,NA,NA,NA,NA,NA,NA,NA,NA,NA,NA,NA,NA,NA,NA,NA,NA,NA,MN,PrivFp,4-year,49695,Minneapolis,MN,17,15,3,6,11
Houston Community College,NA,NA,NA,NA,NA,NA,NA,NA,NA,NA,NA,NA,NA,NA,NA,NA,NA,NA,NA,NA,NA,NA,NA,NA,NA,NA,NA,NA,NA,NA,NA,TX,Public,2-year,48329,Houston,TX,1,5,1,1,11
Miami Dade College,NA,NA,NA,NA,NA,NA,NA,NA,NA,NA,NA,NA,NA,NA,NA,NA,NA,NA,NA,NA,NA,NA,NA,NA,NA,NA,NA,NA,NA,NA,NA,FL,Public,4-year,46523,Miami,FL,14,15,1,2,11
Purdue University Global,NA,NA,NA,NA,NA,NA,NA,NA,NA,NA,NA,NA,NA,NA,NA,NA,NA,NA,NA,NA,NA,NA,NA,NA,NA,NA,NA,NA,NA,NA,NA,IN,Public,4-year,43927,West Lafayette,IN,17,15,1,5,11
Tarrant County College District,NA,NA,NA,NA,NA,NA,NA,NA,NA,NA,NA,NA,NA,NA,NA,NA,NA,NA,NA,NA,NA,NA,NA,NA,NA,NA,NA,NA,NA,NA,NA,TX,Public,2-year,43000,Fort Worth,TX,1,5,1,1,11
Utah Valley University,NA,NA,NA,NA,NA,NA,NA,NA,NA,NA,NA,NA,NA,NA,NA,NA,NA,NA,NA,NA,NA,NA,NA,NA,NA,NA,NA,NA,NA,NA,NA,UT,Public,4-year,40936,Orem,UT,18,15,1,3,13
Eastern Gateway Community College,NA,NA,NA,NA,NA,NA,NA,NA,NA,NA,NA,NA,NA,NA,NA,NA,NA,NA,NA,NA,NA,NA,NA,NA,NA,NA,NA,NA,NA,NA,NA,OH,Public,2-year,40036,Steubenville,OH,2,5,1,1,13
Austin Community College District,NA,NA,NA,NA,NA,NA,NA,NA,NA,NA,NA,NA,NA,NA,NA,NA,NA,NA,NA,NA,NA,NA,NA,NA,NA,NA,NA,NA,NA,NA,NA,TX,Public,4-year,39896,Austin,TX,14,15,1,2,11
Capella University,NA,NA,NA,NA,NA,NA,NA,NA,NA,NA,NA,NA,NA,NA,NA,NA,NA,NA,NA,NA,NA,NA,NA,NA,NA,NA,NA,NA,NA,NA,NA,MN,PrivFp,4-year,38930,Minneapolis,MN,17,15,3,6,11
North Carolina State University at Raleigh,NA,NA,NA,NA,NA,NA,NA,NA,NA,NA,NA,NA,NA,NA,NA,NA,NA,NA,NA,NA,NA,NA,NA,NA,NA,NA,NA,NA,NA,NA,NA,NC,Public,4-year,36042,Raleigh,NC,15,16,1,4,11
The University of Texas at San Antonio,NA,NA,NA,NA,NA,NA,NA,NA,NA,NA,NA,NA,NA,NA,NA,NA,NA,NA,NA,NA,NA,NA,NA,NA,NA,NA,NA,NA,NA,NA,NA,TX,Public,4-year,34742,San Antonio,TX,15,15,1,4,11
Louisiana State University and Agricultural & Mechanical College,NA,NA,NA,NA,NA,NA,NA,NA,NA,NA,NA,NA,NA,NA,NA,NA,NA,NA,NA,NA,NA,NA,NA,NA,NA,NA,NA,NA,NA,NA,NA,LA,Public,4-year,34285,Baton Rouge,LA,15,16,1,4,12
University of Illinois Chicago,NA,NA,NA,NA,NA,NA,NA,NA,NA,NA,NA,NA,NA,NA,NA,NA,NA,NA,NA,NA,NA,NA,NA,NA,NA,NA,NA,NA,NA,NA,NA,IL,Public,4-year,33518,Chicago,IL,15,15,1,5,11
East Los Angeles College,NA,NA,NA,NA,NA,NA,NA,NA,NA,NA,NA,NA,NA,NA,NA,NA,NA,NA,NA,NA,NA,NA,NA,NA,NA,NA,NA,NA,NA,NA,NA,CA,Public,2-year,33397,Monterey Park,CA,2,5,1,1,21
The University of Texas Rio Grande Valley,NA,NA,NA,NA,NA,NA,NA,NA,NA,NA,NA,NA,NA,NA,NA,NA,NA,NA,NA,NA,NA,NA,NA,NA,NA,NA,NA,NA,NA,NA,NA,TX,Public,4-year,32441,Edinburg,TX,16,15,1,4,12
University at Buffalo,NA,NA,NA,NA,NA,NA,NA,NA,NA,NA,NA,NA,NA,NA,NA,NA,NA,NA,NA,NA,NA,NA,NA,NA,NA,NA,NA,NA,NA,NA,NA,NY,Public,4-year,32347,Buffalo,NY,15,16,1,5,21
San Jacinto Community College,NA,NA,NA,NA,NA,NA,NA,NA,NA,NA,NA,NA,NA,NA,NA,NA,NA,NA,NA,NA,NA,NA,NA,NA,NA,NA,NA,NA,NA,NA,NA,TX,Public,4-year,31110,Pasadena,TX,8,5,1,1,21
College of Southern Nevada,NA,NA,NA,NA,NA,NA,NA,NA,NA,NA,NA,NA,NA,NA,NA,NA,NA,NA,NA,NA,NA,NA,NA,NA,NA,NA,NA,NA,NA,NA,NA,NV,Public,4-year,29965,Las Vegas,NV,14,15,1,2,11
Weber State University,NA,NA,NA,NA,NA,NA,NA,NA,NA,NA,NA,NA,NA,NA,NA,NA,NA,NA,NA,NA,NA,NA,NA,NA,NA,NA,NA,NA,NA,NA,NA,UT,Public,4-year,29596,Ogden,UT,18,15,1,3,13
South Texas College,NA,NA,NA,NA,NA,NA,NA,NA,NA,NA,NA,NA,NA,NA,NA,NA,NA,NA,NA,NA,NA,NA,NA,NA,NA,NA,NA,NA,NA,NA,NA,TX,Public,4-year,28233,McAllen,TX,14,12,1,2,12
Columbus State Community College,NA,NA,NA,NA,NA,NA,NA,NA,NA,NA,NA,NA,NA,NA,NA,NA,NA,NA,NA,NA,NA,NA,NA,NA,NA,NA,NA,NA,NA,NA,NA,OH,Public,2-year,27621,Columbus,OH,6,5,1,1,11
